{
  "dataset": "hbase-0.94.0",
  "balancing_method": "unbalanced",
  "scaler_type": "standard",
  "models": {
    "svm": {
      "F1_Score": 0.4507042253521127,
      "F2_Score": 0.39408866995073893,
      "Exactitud": 0.8160377358490566,
      "Accuracy": 0.8160377358490566,
      "Balanced_Accuracy": 0.6490800865800865,
      "BER": 0.35091991341991347,
      "MCC": 0.3627127856774534,
      "Precision": 0.5925925925925926,
      "Recall": 0.36363636363636365,
      "Sensibilidad": 0.36363636363636365,
      "Especificidad": 0.9345238095238095,
      "Error": 0.18396226415094338,
      "TP_Rate": 0.36363636363636365,
      "FP_Rate": 0.06547619047619048,
      "ROC_AUC": 0.7670454545454546,
      "confusion_matrix": [
        [
          157,
          11
        ],
        [
          28,
          16
        ]
      ]
    },
    "naive_bayes_gaussian": {
      "F1_Score": 0.5,
      "F2_Score": 0.5387931034482759,
      "Exactitud": 0.7641509433962265,
      "Accuracy": 0.7641509433962265,
      "Balanced_Accuracy": 0.6918290043290043,
      "BER": 0.3081709956709957,
      "MCC": 0.3529140387470401,
      "Precision": 0.44642857142857145,
      "Recall": 0.5681818181818182,
      "Sensibilidad": 0.5681818181818182,
      "Especificidad": 0.8154761904761905,
      "Error": 0.2358490566037736,
      "TP_Rate": 0.5681818181818182,
      "FP_Rate": 0.18452380952380953,
      "ROC_AUC": 0.7563582251082251,
      "confusion_matrix": [
        [
          137,
          31
        ],
        [
          19,
          25
        ]
      ]
    },
    "decision_tree": {
      "F1_Score": 0.4883720930232558,
      "F2_Score": 0.481651376146789,
      "Exactitud": 0.7924528301886793,
      "Accuracy": 0.7924528301886793,
      "Balanced_Accuracy": 0.6761363636363636,
      "BER": 0.32386363636363635,
      "MCC": 0.3584353997987322,
      "Precision": 0.5,
      "Recall": 0.4772727272727273,
      "Sensibilidad": 0.4772727272727273,
      "Especificidad": 0.875,
      "Error": 0.20754716981132076,
      "TP_Rate": 0.4772727272727273,
      "FP_Rate": 0.125,
      "ROC_AUC": 0.7343073593073592,
      "confusion_matrix": [
        [
          147,
          21
        ],
        [
          23,
          21
        ]
      ]
    }
  },
  "timestamp": "2025-12-11T09:15:44.715436"
}