{
  "TP": 21,
  "TN": 147,
  "FP": 21,
  "FN": 23,
  "P": 44,
  "N": 168,
  "Total": 212,
  "Error": 0.20754716981132076,
  "Exactitud": 0.7924528301886793,
  "TP_Rate": 0.4772727272727273,
  "FP_Rate": 0.125,
  "Precision": 0.5,
  "Recall": 0.4772727272727273,
  "Sensibilidad": 0.4772727272727273,
  "Especificidad": 0.875,
  "F1_Score": 0.4883720930232558,
  "Accuracy_sklearn": 0.7924528301886793,
  "F2_Score": 0.481651376146789,
  "Balanced_Accuracy": 0.6761363636363636,
  "BER": 0.32386363636363635,
  "MCC": 0.3584353997987322,
  "Accuracy": 0.7924528301886793,
  "ROC_AUC": 0.7343073593073592,
  "PR_AUC": 0.5553143405749901,
  "classification_report": {
    "No-Buggy": {
      "precision": 0.8647058823529412,
      "recall": 0.875,
      "f1-score": 0.8698224852071006,
      "support": 168.0
    },
    "Buggy": {
      "precision": 0.5,
      "recall": 0.4772727272727273,
      "f1-score": 0.4883720930232558,
      "support": 44.0
    },
    "accuracy": 0.7924528301886793,
    "macro avg": {
      "precision": 0.6823529411764706,
      "recall": 0.6761363636363636,
      "f1-score": 0.6790972891151782,
      "support": 212.0
    },
    "weighted avg": {
      "precision": 0.7890122086570478,
      "recall": 0.7924528301886793,
      "f1-score": 0.7906535358859254,
      "support": 212.0
    }
  },
  "confusion_matrix": [
    [
      147,
      21
    ],
    [
      23,
      21
    ]
  ],
  "training_time_seconds": 0.010068,
  "best_hyperparameters": {
    "criterion": "entropy",
    "max_depth": 10,
    "min_samples_leaf": 1,
    "min_samples_split": 5
  },
  "timestamp": "2025-12-11T09:15:44.476481"
}