{
  "TP": 22,
  "TN": 155,
  "FP": 13,
  "FN": 22,
  "P": 44,
  "N": 168,
  "Total": 212,
  "Error": 0.1650943396226415,
  "Exactitud": 0.8349056603773585,
  "TP_Rate": 0.5,
  "FP_Rate": 0.07738095238095238,
  "Precision": 0.6285714285714286,
  "Recall": 0.5,
  "Sensibilidad": 0.5,
  "Especificidad": 0.9226190476190477,
  "F1_Score": 0.5569620253164557,
  "Accuracy_sklearn": 0.8349056603773585,
  "ROC_AUC": 0.7529761904761906,
  "PR_AUC": 0.6368851932711147,
  "classification_report": {
    "No-Buggy": {
      "precision": 0.8757062146892656,
      "recall": 0.9226190476190477,
      "f1-score": 0.8985507246376812,
      "support": 168.0
    },
    "Buggy": {
      "precision": 0.6285714285714286,
      "recall": 0.5,
      "f1-score": 0.5569620253164557,
      "support": 44.0
    },
    "accuracy": 0.8349056603773585,
    "macro avg": {
      "precision": 0.7521388216303471,
      "recall": 0.7113095238095238,
      "f1-score": 0.7277563749770684,
      "support": 212.0
    },
    "weighted avg": {
      "precision": 0.8244140892685825,
      "recall": 0.8349056603773585,
      "f1-score": 0.8276549568540306,
      "support": 212.0
    }
  },
  "confusion_matrix": [
    [
      155,
      13
    ],
    [
      22,
      22
    ]
  ],
  "training_time_seconds": 0.009131,
  "best_hyperparameters": {
    "criterion": "entropy",
    "max_depth": 10,
    "min_samples_leaf": 4,
    "min_samples_split": 2
  },
  "timestamp": "2025-11-28T13:32:06.487389"
}