{
  "TP": 25,
  "TN": 137,
  "FP": 31,
  "FN": 19,
  "P": 44,
  "N": 168,
  "Total": 212,
  "Error": 0.2358490566037736,
  "Exactitud": 0.7641509433962265,
  "TP_Rate": 0.5681818181818182,
  "FP_Rate": 0.18452380952380953,
  "Precision": 0.44642857142857145,
  "Recall": 0.5681818181818182,
  "Sensibilidad": 0.5681818181818182,
  "Especificidad": 0.8154761904761905,
  "F1_Score": 0.5,
  "Accuracy_sklearn": 0.7641509433962265,
  "ROC_AUC": 0.7563582251082251,
  "PR_AUC": 0.4588214354221183,
  "classification_report": {
    "No-Buggy": {
      "precision": 0.8782051282051282,
      "recall": 0.8154761904761905,
      "f1-score": 0.845679012345679,
      "support": 168.0
    },
    "Buggy": {
      "precision": 0.44642857142857145,
      "recall": 0.5681818181818182,
      "f1-score": 0.5,
      "support": 44.0
    },
    "accuracy": 0.7641509433962265,
    "macro avg": {
      "precision": 0.6623168498168498,
      "recall": 0.6918290043290043,
      "f1-score": 0.6728395061728395,
      "support": 212.0
    },
    "weighted avg": {
      "precision": 0.7885911258552768,
      "recall": 0.7641509433962265,
      "f1-score": 0.7739343116701607,
      "support": 212.0
    }
  },
  "confusion_matrix": [
    [
      137,
      31
    ],
    [
      19,
      25
    ]
  ],
  "training_time_seconds": 0.000789,
  "best_hyperparameters": {
    "var_smoothing": 0.0001
  },
  "timestamp": "2025-11-28T13:32:06.205526"
}