{
  "TP": 16,
  "TN": 146,
  "FP": 22,
  "FN": 28,
  "P": 44,
  "N": 168,
  "Total": 212,
  "Error": 0.2358490566037736,
  "Exactitud": 0.7641509433962265,
  "TP_Rate": 0.36363636363636365,
  "FP_Rate": 0.13095238095238096,
  "Precision": 0.42105263157894735,
  "Recall": 0.36363636363636365,
  "Sensibilidad": 0.36363636363636365,
  "Especificidad": 0.8690476190476191,
  "F1_Score": 0.3902439024390244,
  "Accuracy_sklearn": 0.7641509433962265,
  "ROC_AUC": 0.7463474025974025,
  "PR_AUC": 0.4717601142892821,
  "classification_report": {
    "No-Buggy": {
      "precision": 0.8390804597701149,
      "recall": 0.8690476190476191,
      "f1-score": 0.8538011695906432,
      "support": 168.0
    },
    "Buggy": {
      "precision": 0.42105263157894735,
      "recall": 0.36363636363636365,
      "f1-score": 0.3902439024390244,
      "support": 44.0
    },
    "accuracy": 0.7641509433962265,
    "macro avg": {
      "precision": 0.6300665456745311,
      "recall": 0.6163419913419914,
      "f1-score": 0.6220225360148338,
      "support": 212.0
    },
    "weighted avg": {
      "precision": 0.7523199671266652,
      "recall": 0.7641509433962265,
      "f1-score": 0.7575911707478544,
      "support": 212.0
    }
  },
  "confusion_matrix": [
    [
      146,
      22
    ],
    [
      28,
      16
    ]
  ],
  "training_time_seconds": 0.021715,
  "best_hyperparameters": {
    "C": 10,
    "gamma": 0.001,
    "kernel": "linear"
  },
  "timestamp": "2025-11-28T13:32:05.925575"
}