{
  "TP": 16,
  "TN": 157,
  "FP": 11,
  "FN": 28,
  "P": 44,
  "N": 168,
  "Total": 212,
  "Error": 0.18396226415094338,
  "Exactitud": 0.8160377358490566,
  "TP_Rate": 0.36363636363636365,
  "FP_Rate": 0.06547619047619048,
  "Precision": 0.5925925925925926,
  "Recall": 0.36363636363636365,
  "Sensibilidad": 0.36363636363636365,
  "Especificidad": 0.9345238095238095,
  "F1_Score": 0.4507042253521127,
  "Accuracy_sklearn": 0.8160377358490566,
  "F2_Score": 0.39408866995073893,
  "Balanced_Accuracy": 0.6490800865800865,
  "BER": 0.35091991341991347,
  "MCC": 0.3627127856774534,
  "Accuracy": 0.8160377358490566,
  "ROC_AUC": 0.7670454545454546,
  "PR_AUC": 0.5431747575332156,
  "classification_report": {
    "No-Buggy": {
      "precision": 0.8486486486486486,
      "recall": 0.9345238095238095,
      "f1-score": 0.8895184135977338,
      "support": 168.0
    },
    "Buggy": {
      "precision": 0.5925925925925926,
      "recall": 0.36363636363636365,
      "f1-score": 0.4507042253521127,
      "support": 44.0
    },
    "accuracy": 0.8160377358490566,
    "macro avg": {
      "precision": 0.7206206206206206,
      "recall": 0.6490800865800865,
      "f1-score": 0.6701113194749232,
      "support": 212.0
    },
    "weighted avg": {
      "precision": 0.7955049389011652,
      "recall": 0.8160377358490566,
      "f1-score": 0.798443770754303,
      "support": 212.0
    }
  },
  "confusion_matrix": [
    [
      157,
      11
    ],
    [
      28,
      16
    ]
  ],
  "training_time_seconds": 0.01646,
  "best_hyperparameters": {
    "C": 1000,
    "gamma": 0.001,
    "kernel": "rbf"
  },
  "timestamp": "2025-12-11T09:15:43.970717"
}