{
  "best_params": {
    "criterion": "gini",
    "max_depth": 20,
    "min_samples_leaf": 4,
    "min_samples_split": 20
  },
  "best_cv_score": 0.6017786561264822,
  "test_metrics": {
    "accuracy": 0.852112676056338,
    "precision": 0.631578947368421,
    "recall": 0.631578947368421,
    "f1_score": 0.631578947368421
  },
  "timestamp": "2025-12-12T02:36:02.899820",
  "cv_folds": 10,
  "n_combinations_tested": 160,
  "total_fits": 1600,
  "time_seconds": 3.696706,
  "dataset_info": {
    "n_samples": 1132,
    "n_features": 20
  }
}