{
  "best_params": {
    "C": 1,
    "gamma": 0.001,
    "kernel": "linear"
  },
  "best_cv_score": 0.6830039525691699,
  "test_metrics": {
    "accuracy": 0.1936619718309859,
    "precision": 0.18613138686131386,
    "recall": 0.8947368421052632,
    "f1_score": 0.3081570996978852
  },
  "timestamp": "2025-12-12T02:36:11.578210",
  "cv_folds": 10,
  "n_combinations_tested": 72,
  "total_fits": 720,
  "time_seconds": 12.375667,
  "dataset_info": {
    "n_samples": 1132,
    "n_features": 20
  }
}