{
  "best_params": {
    "criterion": "gini",
    "max_depth": 10,
    "min_samples_leaf": 1,
    "min_samples_split": 2
  },
  "best_cv_score": 0.8567669172932331,
  "test_metrics": {
    "accuracy": 0.7676056338028169,
    "precision": 0.45263157894736844,
    "recall": 0.7543859649122807,
    "f1_score": 0.5657894736842105
  },
  "timestamp": "2025-12-12T02:37:37.922762",
  "cv_folds": 10,
  "n_combinations_tested": 160,
  "total_fits": 1600,
  "time_seconds": 3.803624,
  "dataset_info": {
    "n_samples": 1132,
    "n_features": 20
  }
}