{
  "best_params": {
    "C": 100,
    "gamma": 1,
    "kernel": "rbf"
  },
  "best_cv_score": 0.9574248120300753,
  "test_metrics": {
    "accuracy": 0.7464788732394366,
    "precision": 0.42574257425742573,
    "recall": 0.7543859649122807,
    "f1_score": 0.5443037974683544
  },
  "timestamp": "2025-12-12T02:37:49.745331",
  "cv_folds": 10,
  "n_combinations_tested": 72,
  "total_fits": 720,
  "time_seconds": 15.627026,
  "dataset_info": {
    "n_samples": 1132,
    "n_features": 20
  }
}