{
  "dataset": "activemq-5.0.0",
  "balancing_method": "csbboost",
  "scaler_type": "robust",
  "models": {
    "svm": {
      "F1_Score": 0.5531914893617021,
      "F2_Score": 0.7123287671232876,
      "Exactitud": 0.7771883289124668,
      "Accuracy": 0.7771883289124668,
      "Balanced_Accuracy": 0.8196087837117578,
      "BER": 0.18039121628824217,
      "MCC": 0.4895167674424915,
      "Precision": 0.40310077519379844,
      "Recall": 0.8813559322033898,
      "Sensibilidad": 0.8813559322033898,
      "Especificidad": 0.7578616352201258,
      "Error": 0.22281167108753316,
      "TP_Rate": 0.8813559322033898,
      "FP_Rate": 0.24213836477987422,
      "ROC_AUC": 0.8624080588423408,
      "confusion_matrix": [
        [
          241,
          77
        ],
        [
          7,
          52
        ]
      ]
    },
    "naive_bayes_gaussian": {
      "F1_Score": 0.2632794457274827,
      "F2_Score": 0.4672131147540984,
      "Exactitud": 0.15384615384615385,
      "Accuracy": 0.15384615384615385,
      "Balanced_Accuracy": 0.48462317450165227,
      "BER": 0.5153768254983477,
      "MCC": -0.12575921531350504,
      "Precision": 0.15240641711229946,
      "Recall": 0.9661016949152542,
      "Sensibilidad": 0.9661016949152542,
      "Especificidad": 0.0031446540880503146,
      "Error": 0.8461538461538461,
      "TP_Rate": 0.9661016949152542,
      "FP_Rate": 0.9968553459119497,
      "ROC_AUC": 0.757914934441957,
      "confusion_matrix": [
        [
          1,
          317
        ],
        [
          2,
          57
        ]
      ]
    },
    "decision_tree": {
      "F1_Score": 0.5384615384615384,
      "F2_Score": 0.6306306306306306,
      "Exactitud": 0.8090185676392573,
      "Accuracy": 0.8090185676392573,
      "Balanced_Accuracy": 0.7694542159684469,
      "BER": 0.23054578403155312,
      "MCC": 0.44790886881283165,
      "Precision": 0.4329896907216495,
      "Recall": 0.711864406779661,
      "Sensibilidad": 0.711864406779661,
      "Especificidad": 0.8270440251572327,
      "Error": 0.1909814323607427,
      "TP_Rate": 0.711864406779661,
      "FP_Rate": 0.17295597484276728,
      "ROC_AUC": 0.7694542159684468,
      "confusion_matrix": [
        [
          263,
          55
        ],
        [
          17,
          42
        ]
      ]
    }
  },
  "timestamp": "2025-12-11T09:11:18.700813"
}