{
  "dataset": "activemq-5.0.0",
  "balancing_method": "csbboost",
  "scaler_type": "robust",
  "models": {
    "svm": {
      "F1_Score": 0.2706422018348624,
      "Exactitud": 0.15649867374005305,
      "Precision": 0.15649867374005305,
      "Recall": 1.0,
      "Sensibilidad": 1.0,
      "Especificidad": 0.0,
      "Error": 0.843501326259947,
      "TP_Rate": 1.0,
      "FP_Rate": 1.0,
      "ROC_AUC": 0.8218740006395907,
      "confusion_matrix": [
        [
          0,
          318
        ],
        [
          0,
          59
        ]
      ]
    },
    "naive_bayes_gaussian": {
      "F1_Score": 0.28415300546448086,
      "Exactitud": 0.3050397877984085,
      "Precision": 0.16938110749185667,
      "Recall": 0.8813559322033898,
      "Sensibilidad": 0.8813559322033898,
      "Especificidad": 0.19811320754716982,
      "Error": 0.6949602122015915,
      "TP_Rate": 0.8813559322033898,
      "FP_Rate": 0.8018867924528302,
      "ROC_AUC": 0.7686280780300607,
      "confusion_matrix": [
        [
          63,
          255
        ],
        [
          7,
          52
        ]
      ]
    },
    "decision_tree": {
      "F1_Score": 0.6376811594202898,
      "Exactitud": 0.8673740053050398,
      "Precision": 0.5569620253164557,
      "Recall": 0.7457627118644068,
      "Sensibilidad": 0.7457627118644068,
      "Especificidad": 0.889937106918239,
      "Error": 0.13262599469496023,
      "TP_Rate": 0.7457627118644068,
      "FP_Rate": 0.11006289308176101,
      "ROC_AUC": 0.8803165973776784,
      "confusion_matrix": [
        [
          283,
          35
        ],
        [
          15,
          44
        ]
      ]
    }
  },
  "timestamp": "2025-11-28T13:28:53.068836"
}