{
  "dataset": "activemq-5.0.0",
  "balancing_method": "csbboost",
  "scaler_type": "robust",
  "models": {
    "svm": {
      "F1_Score": 0.4931506849315068,
      "Exactitud": 0.8037135278514589,
      "Precision": 0.41379310344827586,
      "Recall": 0.6101694915254238,
      "Sensibilidad": 0.6101694915254238,
      "Especificidad": 0.839622641509434,
      "Error": 0.1962864721485411,
      "TP_Rate": 0.6101694915254238,
      "FP_Rate": 0.16037735849056603,
      "ROC_AUC": 0.8394627438439399,
      "confusion_matrix": [
        [
          267,
          51
        ],
        [
          23,
          36
        ]
      ]
    },
    "naive_bayes_gaussian": {
      "F1_Score": 0.5426356589147286,
      "Exactitud": 0.843501326259947,
      "Precision": 0.5,
      "Recall": 0.5932203389830508,
      "Sensibilidad": 0.5932203389830508,
      "Especificidad": 0.889937106918239,
      "Error": 0.15649867374005305,
      "TP_Rate": 0.5932203389830508,
      "FP_Rate": 0.11006289308176101,
      "ROC_AUC": 0.8398358383967592,
      "confusion_matrix": [
        [
          283,
          35
        ],
        [
          24,
          35
        ]
      ]
    },
    "decision_tree": {
      "F1_Score": 0.6277372262773723,
      "Exactitud": 0.8647214854111406,
      "Precision": 0.5512820512820513,
      "Recall": 0.7288135593220338,
      "Sensibilidad": 0.7288135593220338,
      "Especificidad": 0.889937106918239,
      "Error": 0.13527851458885942,
      "TP_Rate": 0.7288135593220338,
      "FP_Rate": 0.11006289308176101,
      "ROC_AUC": 0.8952137298795437,
      "confusion_matrix": [
        [
          283,
          35
        ],
        [
          16,
          43
        ]
      ]
    }
  },
  "timestamp": "2025-11-27T19:55:55.724943"
}