{
  "TP": 42,
  "TN": 263,
  "FP": 55,
  "FN": 17,
  "P": 59,
  "N": 318,
  "Total": 377,
  "Error": 0.1909814323607427,
  "Exactitud": 0.8090185676392573,
  "TP_Rate": 0.711864406779661,
  "FP_Rate": 0.17295597484276728,
  "Precision": 0.4329896907216495,
  "Recall": 0.711864406779661,
  "Sensibilidad": 0.711864406779661,
  "Especificidad": 0.8270440251572327,
  "F1_Score": 0.5384615384615384,
  "Accuracy_sklearn": 0.8090185676392573,
  "F2_Score": 0.6306306306306306,
  "Balanced_Accuracy": 0.7694542159684469,
  "BER": 0.23054578403155312,
  "MCC": 0.44790886881283165,
  "Accuracy": 0.8090185676392573,
  "ROC_AUC": 0.7694542159684468,
  "PR_AUC": 0.5949734678487985,
  "classification_report": {
    "No-Buggy": {
      "precision": 0.9392857142857143,
      "recall": 0.8270440251572327,
      "f1-score": 0.8795986622073578,
      "support": 318.0
    },
    "Buggy": {
      "precision": 0.4329896907216495,
      "recall": 0.711864406779661,
      "f1-score": 0.5384615384615384,
      "support": 59.0
    },
    "accuracy": 0.8090185676392573,
    "macro avg": {
      "precision": 0.6861377025036819,
      "recall": 0.7694542159684469,
      "f1-score": 0.7090301003344481,
      "support": 377.0
    },
    "weighted avg": {
      "precision": 0.8600510580780755,
      "recall": 0.8090185676392573,
      "f1-score": 0.8262111547776407,
      "support": 377.0
    }
  },
  "confusion_matrix": [
    [
      263,
      55
    ],
    [
      17,
      42
    ]
  ],
  "training_time_seconds": 0.018503,
  "best_hyperparameters": {
    "criterion": "entropy",
    "max_depth": 20,
    "min_samples_leaf": 1,
    "min_samples_split": 2
  },
  "timestamp": "2025-12-11T09:11:18.483884"
}