{
  "TP": 44,
  "TN": 283,
  "FP": 35,
  "FN": 15,
  "P": 59,
  "N": 318,
  "Total": 377,
  "Error": 0.13262599469496023,
  "Exactitud": 0.8673740053050398,
  "TP_Rate": 0.7457627118644068,
  "FP_Rate": 0.11006289308176101,
  "Precision": 0.5569620253164557,
  "Recall": 0.7457627118644068,
  "Sensibilidad": 0.7457627118644068,
  "Especificidad": 0.889937106918239,
  "F1_Score": 0.6376811594202898,
  "Accuracy_sklearn": 0.8673740053050398,
  "ROC_AUC": 0.8803165973776784,
  "PR_AUC": 0.6245835929004253,
  "classification_report": {
    "No-Buggy": {
      "precision": 0.9496644295302014,
      "recall": 0.889937106918239,
      "f1-score": 0.9188311688311688,
      "support": 318.0
    },
    "Buggy": {
      "precision": 0.5569620253164557,
      "recall": 0.7457627118644068,
      "f1-score": 0.6376811594202898,
      "support": 59.0
    },
    "accuracy": 0.8673740053050398,
    "macro avg": {
      "precision": 0.7533132274233285,
      "recall": 0.817849909391323,
      "f1-score": 0.7782561641257293,
      "support": 377.0
    },
    "weighted avg": {
      "precision": 0.88820702409622,
      "recall": 0.8673740053050398,
      "f1-score": 0.8748315652363629,
      "support": 377.0
    }
  },
  "confusion_matrix": [
    [
      283,
      35
    ],
    [
      15,
      44
    ]
  ],
  "training_time_seconds": 0.013267,
  "best_hyperparameters": {
    "criterion": "entropy",
    "max_depth": 5,
    "min_samples_leaf": 8,
    "min_samples_split": 20
  },
  "timestamp": "2025-11-28T13:28:52.819139"
}