{
  "TP": 52,
  "TN": 63,
  "FP": 255,
  "FN": 7,
  "P": 59,
  "N": 318,
  "Total": 377,
  "Error": 0.6949602122015915,
  "Exactitud": 0.3050397877984085,
  "TP_Rate": 0.8813559322033898,
  "FP_Rate": 0.8018867924528302,
  "Precision": 0.16938110749185667,
  "Recall": 0.8813559322033898,
  "Sensibilidad": 0.8813559322033898,
  "Especificidad": 0.19811320754716982,
  "F1_Score": 0.28415300546448086,
  "Accuracy_sklearn": 0.3050397877984085,
  "ROC_AUC": 0.7686280780300607,
  "PR_AUC": 0.4058431331039022,
  "classification_report": {
    "No-Buggy": {
      "precision": 0.9,
      "recall": 0.19811320754716982,
      "f1-score": 0.3247422680412371,
      "support": 318.0
    },
    "Buggy": {
      "precision": 0.16938110749185667,
      "recall": 0.8813559322033898,
      "f1-score": 0.28415300546448086,
      "support": 59.0
    },
    "accuracy": 0.3050397877984085,
    "macro avg": {
      "precision": 0.5346905537459283,
      "recall": 0.5397345698752798,
      "f1-score": 0.304447636752859,
      "support": 377.0
    },
    "weighted avg": {
      "precision": 0.7856591123130492,
      "recall": 0.3050397877984085,
      "f1-score": 0.318390102279888,
      "support": 377.0
    }
  },
  "confusion_matrix": [
    [
      63,
      255
    ],
    [
      7,
      52
    ]
  ],
  "training_time_seconds": 0.00096,
  "best_hyperparameters": {
    "var_smoothing": 1e-05
  },
  "timestamp": "2025-11-28T13:28:52.493923"
}