{
  "TP": 59,
  "TN": 0,
  "FP": 318,
  "FN": 0,
  "P": 59,
  "N": 318,
  "Total": 377,
  "Error": 0.843501326259947,
  "Exactitud": 0.15649867374005305,
  "TP_Rate": 1.0,
  "FP_Rate": 1.0,
  "Precision": 0.15649867374005305,
  "Recall": 1.0,
  "Sensibilidad": 1.0,
  "Especificidad": 0.0,
  "F1_Score": 0.2706422018348624,
  "Accuracy_sklearn": 0.15649867374005305,
  "ROC_AUC": 0.8218740006395907,
  "PR_AUC": 0.36463875454594036,
  "classification_report": {
    "No-Buggy": {
      "precision": 0.0,
      "recall": 0.0,
      "f1-score": 0.0,
      "support": 318.0
    },
    "Buggy": {
      "precision": 0.15649867374005305,
      "recall": 1.0,
      "f1-score": 0.2706422018348624,
      "support": 59.0
    },
    "accuracy": 0.15649867374005305,
    "macro avg": {
      "precision": 0.07824933687002653,
      "recall": 0.5,
      "f1-score": 0.1353211009174312,
      "support": 377.0
    },
    "weighted avg": {
      "precision": 0.02449183488239557,
      "recall": 0.15649867374005305,
      "f1-score": 0.042355145645243716,
      "support": 377.0
    }
  },
  "confusion_matrix": [
    [
      0,
      318
    ],
    [
      0,
      59
    ]
  ],
  "training_time_seconds": 0.043915,
  "best_hyperparameters": {
    "C": 0.01,
    "gamma": 1,
    "kernel": "rbf"
  },
  "timestamp": "2025-11-28T13:28:52.227100"
}