{
  "TP": 36,
  "TN": 267,
  "FP": 51,
  "FN": 23,
  "P": 59,
  "N": 318,
  "Total": 377,
  "Error": 0.1962864721485411,
  "Exactitud": 0.8037135278514589,
  "TP_Rate": 0.6101694915254238,
  "FP_Rate": 0.16037735849056603,
  "Precision": 0.41379310344827586,
  "Recall": 0.6101694915254238,
  "Sensibilidad": 0.6101694915254238,
  "Especificidad": 0.839622641509434,
  "F1_Score": 0.4931506849315068,
  "Accuracy_sklearn": 0.8037135278514589,
  "ROC_AUC": 0.8394627438439399,
  "PR_AUC": 0.532030133151179,
  "classification_report": {
    "No-Buggy": {
      "precision": 0.9206896551724137,
      "recall": 0.839622641509434,
      "f1-score": 0.8782894736842105,
      "support": 318.0
    },
    "Buggy": {
      "precision": 0.41379310344827586,
      "recall": 0.6101694915254238,
      "f1-score": 0.4931506849315068,
      "support": 59.0
    },
    "accuracy": 0.8037135278514589,
    "macro avg": {
      "precision": 0.6672413793103448,
      "recall": 0.7248960665174289,
      "f1-score": 0.6857200793078586,
      "support": 377.0
    },
    "weighted avg": {
      "precision": 0.84136101710418,
      "recall": 0.8037135278514589,
      "f1-score": 0.8180157640385619,
      "support": 377.0
    }
  },
  "confusion_matrix": [
    [
      267,
      51
    ],
    [
      23,
      36
    ]
  ],
  "training_time_seconds": 0.168245,
  "best_hyperparameters": {
    "C": 1000,
    "gamma": 0.01,
    "kernel": "rbf"
  },
  "timestamp": "2025-11-27T19:30:20.987037"
}