{
  "TP": 52,
  "TN": 241,
  "FP": 77,
  "FN": 7,
  "P": 59,
  "N": 318,
  "Total": 377,
  "Error": 0.22281167108753316,
  "Exactitud": 0.7771883289124668,
  "TP_Rate": 0.8813559322033898,
  "FP_Rate": 0.24213836477987422,
  "Precision": 0.40310077519379844,
  "Recall": 0.8813559322033898,
  "Sensibilidad": 0.8813559322033898,
  "Especificidad": 0.7578616352201258,
  "F1_Score": 0.5531914893617021,
  "Accuracy_sklearn": 0.7771883289124668,
  "F2_Score": 0.7123287671232876,
  "Balanced_Accuracy": 0.8196087837117578,
  "BER": 0.18039121628824217,
  "MCC": 0.4895167674424915,
  "Accuracy": 0.7771883289124668,
  "ROC_AUC": 0.8624080588423408,
  "PR_AUC": 0.4824535901740727,
  "classification_report": {
    "No-Buggy": {
      "precision": 0.9717741935483871,
      "recall": 0.7578616352201258,
      "f1-score": 0.8515901060070671,
      "support": 318.0
    },
    "Buggy": {
      "precision": 0.40310077519379844,
      "recall": 0.8813559322033898,
      "f1-score": 0.5531914893617021,
      "support": 59.0
    },
    "accuracy": 0.7771883289124668,
    "macro avg": {
      "precision": 0.6874374843710928,
      "recall": 0.8196087837117578,
      "f1-score": 0.7023907976843846,
      "support": 377.0
    },
    "weighted avg": {
      "precision": 0.8827775577846717,
      "recall": 0.7771883289124668,
      "f1-score": 0.804891118256201,
      "support": 377.0
    }
  },
  "confusion_matrix": [
    [
      241,
      77
    ],
    [
      7,
      52
    ]
  ],
  "training_time_seconds": 0.043474,
  "best_hyperparameters": {
    "C": 10,
    "gamma": 0.1,
    "kernel": "rbf"
  },
  "timestamp": "2025-12-11T09:11:17.957190"
}