{
  "best_params": {
    "criterion": "gini",
    "max_depth": 5,
    "min_samples_leaf": 1,
    "min_samples_split": 10
  },
  "best_cv_score": 0.827177593105571,
  "test_metrics": {
    "accuracy": 0.756007393715342,
    "precision": 0.32919254658385094,
    "recall": 0.6883116883116883,
    "f1_score": 0.44537815126050423
  },
  "timestamp": "2025-11-28T13:29:45.627710"
}