{
  "best_params": {
    "criterion": "gini",
    "max_depth": 20,
    "min_samples_leaf": 1,
    "min_samples_split": 2
  },
  "best_cv_score": 0.835467515967158,
  "test_metrics": {
    "accuracy": 0.7153419593345656,
    "precision": 0.26380368098159507,
    "recall": 0.5584415584415584,
    "f1_score": 0.35833333333333334,
    "f2_score": 0.4564755838641189
  },
  "timestamp": "2025-12-11T09:12:44.593363",
  "confusion_matrix": [
    [
      344,
      120
    ],
    [
      34,
      43
    ]
  ],
  "labels": [
    0,
    1
  ]
}