{
  "best_params": {
    "criterion": "gini",
    "max_depth": 20,
    "min_samples_leaf": 1,
    "min_samples_split": 2
  },
  "best_cv_score": 0.8419045191980972,
  "test_metrics": {
    "accuracy": 0.7153419593345656,
    "precision": 0.26380368098159507,
    "recall": 0.5584415584415584,
    "f1_score": 0.35833333333333334
  },
  "timestamp": "2025-12-12T02:12:33.815243",
  "cv_folds": 10,
  "n_combinations_tested": 160,
  "total_fits": 1600,
  "time_seconds": 6.728385,
  "dataset_info": {
    "n_samples": 2164,
    "n_features": 65
  }
}