{
  "best_params": {
    "var_smoothing": 1e-09
  },
  "best_cv_score": 0.020336391437308872,
  "test_metrics": {
    "accuracy": 0.8558225508317929,
    "precision": 0.42857142857142855,
    "recall": 0.03896103896103896,
    "f1_score": 0.07142857142857142
  },
  "timestamp": "2025-12-12T02:12:29.946107",
  "cv_folds": 10,
  "n_combinations_tested": 6,
  "total_fits": 60,
  "time_seconds": 2.86013,
  "dataset_info": {
    "n_samples": 2164,
    "n_features": 65
  }
}