{
  "best_params": {
    "var_smoothing": 1e-09
  },
  "best_cv_score": 0.06486940793554631,
  "test_metrics": {
    "accuracy": 0.8558225508317929,
    "precision": 0.42857142857142855,
    "recall": 0.03896103896103896,
    "f1_score": 0.07142857142857142
  },
  "timestamp": "2025-11-27T19:56:31.466174"
}