{
  "best_params": {
    "var_smoothing": 1e-09
  },
  "best_cv_score": 0.02519814206193071,
  "test_metrics": {
    "accuracy": 0.8558225508317929,
    "precision": 0.42857142857142855,
    "recall": 0.03896103896103896,
    "f1_score": 0.07142857142857142,
    "f2_score": 0.047619047619047616
  },
  "timestamp": "2025-12-11T09:12:38.097673",
  "confusion_matrix": [
    [
      460,
      4
    ],
    [
      74,
      3
    ]
  ],
  "labels": [
    0,
    1
  ]
}