{
  "best_params": {
    "C": 10,
    "gamma": 0.1,
    "kernel": "rbf"
  },
  "best_cv_score": 0.9106496612498768,
  "test_metrics": {
    "accuracy": 0.6506469500924215,
    "precision": 0.25,
    "recall": 0.7272727272727273,
    "f1_score": 0.37209302325581395,
    "f2_score": 0.5263157894736842
  },
  "timestamp": "2025-12-11T09:12:45.169602",
  "confusion_matrix": [
    [
      296,
      168
    ],
    [
      21,
      56
    ]
  ],
  "labels": [
    0,
    1
  ]
}