{
  "best_params": {
    "C": 10,
    "gamma": 1,
    "kernel": "rbf"
  },
  "best_cv_score": 0.9731917513080948,
  "test_metrics": {
    "accuracy": 0.4066543438077634,
    "precision": 0.19035532994923857,
    "recall": 0.974025974025974,
    "f1_score": 0.3184713375796178
  },
  "timestamp": "2025-11-28T13:29:45.942744"
}