{
  "TP": 75,
  "TN": 133,
  "FP": 331,
  "FN": 2,
  "P": 77,
  "N": 464,
  "Total": 541,
  "Error": 0.6155268022181146,
  "Exactitud": 0.3844731977818854,
  "TP_Rate": 0.974025974025974,
  "FP_Rate": 0.7133620689655172,
  "Precision": 0.18472906403940886,
  "Recall": 0.974025974025974,
  "Sensibilidad": 0.974025974025974,
  "Especificidad": 0.28663793103448276,
  "F1_Score": 0.3105590062111801,
  "Accuracy_sklearn": 0.3844731977818854,
  "best_hyperparameters": {
    "C": 1,
    "gamma": 1,
    "kernel": "rbf"
  },
  "cv_best_score": 0.9787716615698268,
  "timestamp": "2025-12-12T02:14:43.717242",
  "confusion_matrix": [
    [
      133,
      331
    ],
    [
      2,
      75
    ]
  ]
}