{
  "best_params": {
    "criterion": "gini",
    "max_depth": 10,
    "min_samples_leaf": 1,
    "min_samples_split": 2
  },
  "best_cv_score": 0.9178269617706236,
  "test_metrics": {
    "accuracy": 0.8526912181303116,
    "precision": 0.19047619047619047,
    "recall": 0.3076923076923077,
    "f1_score": 0.23529411764705882
  },
  "timestamp": "2025-12-12T02:22:44.091586",
  "cv_folds": 10,
  "n_combinations_tested": 160,
  "total_fits": 1600,
  "time_seconds": 6.065931,
  "dataset_info": {
    "n_samples": 1410,
    "n_features": 65
  }
}