{
  "best_params": {
    "C": 100,
    "gamma": "scale",
    "kernel": "rbf"
  },
  "best_cv_score": 0.9872233400402415,
  "test_metrics": {
    "accuracy": 0.8838526912181303,
    "precision": 0.2857142857142857,
    "recall": 0.38461538461538464,
    "f1_score": 0.32786885245901637
  },
  "timestamp": "2025-12-12T02:23:01.687455",
  "cv_folds": 10,
  "n_combinations_tested": 72,
  "total_fits": 720,
  "time_seconds": 23.663514,
  "dataset_info": {
    "n_samples": 1410,
    "n_features": 65
  }
}