{
  "best_params": {
    "C": 0.01,
    "gamma": 1,
    "kernel": "rbf"
  },
  "best_cv_score": 0.9985815602836879,
  "test_metrics": {
    "accuracy": 0.14447592067988668,
    "precision": 0.07926829268292683,
    "recall": 1.0,
    "f1_score": 0.14689265536723164
  },
  "timestamp": "2025-11-28T13:34:38.951294"
}