{
  "best_params": {
    "C": 1000,
    "gamma": "scale",
    "kernel": "rbf"
  },
  "best_cv_score": 0.9747572935912281,
  "test_metrics": {
    "accuracy": 0.8895184135977338,
    "precision": 0.30303030303030304,
    "recall": 0.38461538461538464,
    "f1_score": 0.3389830508474576,
    "f2_score": 0.36496350364963503
  },
  "timestamp": "2025-12-11T09:18:53.965145",
  "confusion_matrix": [
    [
      304,
      23
    ],
    [
      16,
      10
    ]
  ],
  "labels": [
    0,
    1
  ]
}