{
  "best_params": {
    "C": 10,
    "gamma": 0.1,
    "kernel": "rbf"
  },
  "best_cv_score": 0.9384524426320461,
  "test_metrics": {
    "accuracy": 0.9178470254957507,
    "precision": 0.44,
    "recall": 0.4230769230769231,
    "f1_score": 0.43137254901960786
  },
  "timestamp": "2025-11-27T19:34:28.700744"
}