{
  "TP": 57,
  "TN": 2,
  "FP": 316,
  "FN": 2,
  "P": 59,
  "N": 318,
  "Total": 377,
  "Error": 0.843501326259947,
  "Exactitud": 0.15649867374005305,
  "TP_Rate": 0.9661016949152542,
  "FP_Rate": 0.9937106918238994,
  "Precision": 0.15281501340482573,
  "Recall": 0.9661016949152542,
  "Sensibilidad": 0.9661016949152542,
  "Especificidad": 0.006289308176100629,
  "F1_Score": 0.2638888888888889,
  "Accuracy_sklearn": 0.15649867374005305,
  "best_hyperparameters": {
    "var_smoothing": 1e-05
  },
  "cv_best_score": 0.9520350877192982,
  "timestamp": "2025-12-12T02:28:29.551154",
  "confusion_matrix": [
    [
      2,
      316
    ],
    [
      2,
      57
    ]
  ]
}