{
  "best_params": {
    "criterion": "entropy",
    "max_depth": 20,
    "min_samples_leaf": 1,
    "min_samples_split": 2
  },
  "best_cv_score": 0.9003596913883871,
  "test_metrics": {
    "accuracy": 0.891156462585034,
    "precision": 0.5263157894736842,
    "recall": 0.5882352941176471,
    "f1_score": 0.5555555555555556,
    "f2_score": 0.5747126436781609
  },
  "timestamp": "2025-12-11T09:18:16.948481",
  "confusion_matrix": [
    [
      121,
      9
    ],
    [
      7,
      10
    ]
  ],
  "labels": [
    0,
    1
  ]
}