{
  "best_params": {
    "criterion": "entropy",
    "max_depth": 10,
    "min_samples_leaf": 1,
    "min_samples_split": 5
  },
  "best_cv_score": 0.9078160919540231,
  "test_metrics": {
    "accuracy": 0.891156462585034,
    "precision": 0.5238095238095238,
    "recall": 0.6470588235294118,
    "f1_score": 0.5789473684210527
  },
  "timestamp": "2025-12-12T02:21:53.918710",
  "cv_folds": 10,
  "n_combinations_tested": 160,
  "total_fits": 1600,
  "time_seconds": 3.720501,
  "dataset_info": {
    "n_samples": 584,
    "n_features": 65
  }
}