{
  "best_params": {
    "criterion": "gini",
    "max_depth": 10,
    "min_samples_leaf": 1,
    "min_samples_split": 2
  },
  "best_cv_score": 0.9249246090188653,
  "test_metrics": {
    "accuracy": 0.8979591836734694,
    "precision": 0.5555555555555556,
    "recall": 0.5882352941176471,
    "f1_score": 0.5714285714285714
  },
  "timestamp": "2025-11-28T13:34:09.814653"
}