{
  "best_params": {
    "var_smoothing": 1e-09
  },
  "best_cv_score": 0.04781609195402299,
  "test_metrics": {
    "accuracy": 0.891156462585034,
    "precision": 1.0,
    "recall": 0.058823529411764705,
    "f1_score": 0.1111111111111111
  },
  "timestamp": "2025-12-12T02:21:52.792516",
  "cv_folds": 10,
  "n_combinations_tested": 6,
  "total_fits": 60,
  "time_seconds": 2.594548,
  "dataset_info": {
    "n_samples": 584,
    "n_features": 65
  }
}