{
  "best_params": {
    "C": 1,
    "gamma": 0.1,
    "kernel": "rbf"
  },
  "best_cv_score": 0.9863218390804598,
  "test_metrics": {
    "accuracy": 0.7687074829931972,
    "precision": 0.3023255813953488,
    "recall": 0.7647058823529411,
    "f1_score": 0.43333333333333335
  },
  "timestamp": "2025-12-12T02:21:58.076722",
  "cv_folds": 10,
  "n_combinations_tested": 72,
  "total_fits": 720,
  "time_seconds": 7.879445,
  "dataset_info": {
    "n_samples": 584,
    "n_features": 65
  }
}