{
  "best_params": {
    "C": 100,
    "gamma": "auto",
    "kernel": "rbf"
  },
  "best_cv_score": 0.9101043602488522,
  "test_metrics": {
    "accuracy": 0.8367346938775511,
    "precision": 0.37037037037037035,
    "recall": 0.5882352941176471,
    "f1_score": 0.45454545454545453
  },
  "timestamp": "2025-11-27T19:59:57.081343"
}