{
  "best_params": {
    "C": 1,
    "gamma": 1,
    "kernel": "rbf"
  },
  "best_cv_score": 0.9965986394557823,
  "test_metrics": {
    "accuracy": 0.47619047619047616,
    "precision": 0.17391304347826086,
    "recall": 0.9411764705882353,
    "f1_score": 0.29357798165137616
  },
  "timestamp": "2025-11-28T13:34:09.694658"
}