{
  "best_params": {
    "C": 100,
    "gamma": "auto",
    "kernel": "rbf"
  },
  "best_cv_score": 0.9504034390258272,
  "test_metrics": {
    "accuracy": 0.8367346938775511,
    "precision": 0.37037037037037035,
    "recall": 0.5882352941176471,
    "f1_score": 0.45454545454545453,
    "f2_score": 0.5263157894736842
  },
  "timestamp": "2025-12-11T09:18:16.644123",
  "confusion_matrix": [
    [
      113,
      17
    ],
    [
      7,
      10
    ]
  ],
  "labels": [
    0,
    1
  ]
}