{
  "TP": 29,
  "TN": 429,
  "FP": 35,
  "FN": 48,
  "P": 77,
  "N": 464,
  "Total": 541,
  "Error": 0.1534195933456562,
  "Exactitud": 0.8465804066543438,
  "TP_Rate": 0.37662337662337664,
  "FP_Rate": 0.07543103448275862,
  "Precision": 0.453125,
  "Recall": 0.37662337662337664,
  "Sensibilidad": 0.37662337662337664,
  "Especificidad": 0.9245689655172413,
  "F1_Score": 0.41134751773049644,
  "Accuracy_sklearn": 0.8465804066543438,
  "best_hyperparameters": {
    "var_smoothing": 1e-09
  },
  "cv_best_score": 0.4506451612903225,
  "timestamp": "2025-12-12T02:14:43.446831",
  "confusion_matrix": [
    [
      429,
      35
    ],
    [
      48,
      29
    ]
  ]
}