{
  "TP": 28,
  "TN": 122,
  "FP": 46,
  "FN": 16,
  "P": 44,
  "N": 168,
  "Total": 212,
  "Error": 0.29245283018867924,
  "Exactitud": 0.7075471698113207,
  "TP_Rate": 0.6363636363636364,
  "FP_Rate": 0.27380952380952384,
  "Precision": 0.3783783783783784,
  "Recall": 0.6363636363636364,
  "Sensibilidad": 0.6363636363636364,
  "Especificidad": 0.7261904761904762,
  "F1_Score": 0.4745762711864407,
  "Accuracy_sklearn": 0.7075471698113207,
  "best_hyperparameters": {
    "C": 100,
    "gamma": 1,
    "kernel": "rbf"
  },
  "cv_best_score": 0.9291805094130675,
  "timestamp": "2025-12-12T02:35:44.925467",
  "confusion_matrix": [
    [
      122,
      46
    ],
    [
      16,
      28
    ]
  ]
}