{
  "TP": 42,
  "TN": 32,
  "FP": 136,
  "FN": 2,
  "P": 44,
  "N": 168,
  "Total": 212,
  "Error": 0.6509433962264151,
  "Exactitud": 0.3490566037735849,
  "TP_Rate": 0.9545454545454546,
  "FP_Rate": 0.8095238095238095,
  "Precision": 0.23595505617977527,
  "Recall": 0.9545454545454546,
  "Sensibilidad": 0.9545454545454546,
  "Especificidad": 0.19047619047619047,
  "F1_Score": 0.3783783783783784,
  "Accuracy_sklearn": 0.3490566037735849,
  "best_hyperparameters": {
    "C": 0.1,
    "gamma": 0.1,
    "kernel": "rbf"
  },
  "cv_best_score": 0.9761904761904763,
  "timestamp": "2025-12-12T02:18:03.074108",
  "confusion_matrix": [
    [
      32,
      136
    ],
    [
      2,
      42
    ]
  ]
}