{
  "TP": 12,
  "TN": 95,
  "FP": 35,
  "FN": 5,
  "P": 17,
  "N": 130,
  "Total": 147,
  "Error": 0.272108843537415,
  "Exactitud": 0.7278911564625851,
  "TP_Rate": 0.7058823529411765,
  "FP_Rate": 0.2692307692307692,
  "Precision": 0.2553191489361702,
  "Recall": 0.7058823529411765,
  "Sensibilidad": 0.7058823529411765,
  "Especificidad": 0.7307692307692307,
  "F1_Score": 0.375,
  "Accuracy_sklearn": 0.7278911564625851,
  "best_hyperparameters": {
    "C": 10,
    "gamma": 0.1,
    "kernel": "rbf"
  },
  "cv_best_score": 0.9932183908045978,
  "timestamp": "2025-12-12T02:21:58.740538",
  "confusion_matrix": [
    [
      95,
      35
    ],
    [
      5,
      12
    ]
  ]
}