{
  "TP": 23,
  "TN": 126,
  "FP": 201,
  "FN": 3,
  "P": 26,
  "N": 327,
  "Total": 353,
  "Error": 0.5779036827195467,
  "Exactitud": 0.42209631728045327,
  "TP_Rate": 0.8846153846153846,
  "FP_Rate": 0.6146788990825688,
  "Precision": 0.10267857142857142,
  "Recall": 0.8846153846153846,
  "Sensibilidad": 0.8846153846153846,
  "Especificidad": 0.3853211009174312,
  "F1_Score": 0.184,
  "Accuracy_sklearn": 0.42209631728045327,
  "best_hyperparameters": {
    "C": 0.1,
    "gamma": 1,
    "kernel": "rbf"
  },
  "cv_best_score": 0.9815895372233401,
  "timestamp": "2025-12-12T02:41:28.121836",
  "confusion_matrix": [
    [
      126,
      201
    ],
    [
      3,
      23
    ]
  ]
}