{
  "best_params": {
    "var_smoothing": 0.0001
  },
  "best_cv_score": 0.33985327779654023,
  "test_metrics": {
    "accuracy": 0.8274647887323944,
    "precision": 0.6818181818181818,
    "recall": 0.2631578947368421,
    "f1_score": 0.379746835443038
  },
  "timestamp": "2025-11-28T13:32:32.490905"
}