{
  "best_params": {
    "var_smoothing": 0.0001
  },
  "best_cv_score": 0.3707794159409076,
  "test_metrics": {
    "accuracy": 0.8274647887323944,
    "precision": 0.6818181818181818,
    "recall": 0.2631578947368421,
    "f1_score": 0.379746835443038,
    "f2_score": 0.3
  },
  "timestamp": "2025-12-11T09:16:14.687384",
  "confusion_matrix": [
    [
      220,
      7
    ],
    [
      42,
      15
    ]
  ],
  "labels": [
    0,
    1
  ]
}