{
  "best_params": {
    "var_smoothing": 0.0001
  },
  "best_cv_score": 0.3237781954887218,
  "test_metrics": {
    "accuracy": 0.8274647887323944,
    "precision": 0.6818181818181818,
    "recall": 0.2631578947368421,
    "f1_score": 0.379746835443038
  },
  "timestamp": "2025-12-12T02:18:42.561077",
  "cv_folds": 10,
  "n_combinations_tested": 6,
  "total_fits": 60,
  "time_seconds": 2.713244,
  "dataset_info": {
    "n_samples": 1131,
    "n_features": 65
  }
}