{
  "best_params": {
    "var_smoothing": 1e-05
  },
  "best_cv_score": 0.49483708705498586,
  "test_metrics": {
    "accuracy": 0.8309859154929577,
    "precision": 0.7142857142857143,
    "recall": 0.2631578947368421,
    "f1_score": 0.38461538461538464
  },
  "timestamp": "2025-11-27T19:58:36.452940"
}