{
  "best_params": {
    "C": 0.1,
    "gamma": 1,
    "kernel": "rbf"
  },
  "best_cv_score": 0.9929265638485497,
  "test_metrics": {
    "accuracy": 0.5316901408450704,
    "precision": 0.28888888888888886,
    "recall": 0.9122807017543859,
    "f1_score": 0.4388185654008439
  },
  "timestamp": "2025-11-28T13:32:33.266558"
}