{
  "best_params": {
    "C": 1000,
    "gamma": 0.01,
    "kernel": "rbf"
  },
  "best_cv_score": 0.8840567576715841,
  "test_metrics": {
    "accuracy": 0.7852112676056338,
    "precision": 0.46875,
    "recall": 0.5263157894736842,
    "f1_score": 0.49586776859504134,
    "f2_score": 0.5136986301369864
  },
  "timestamp": "2025-12-11T09:16:18.154485",
  "confusion_matrix": [
    [
      193,
      34
    ],
    [
      27,
      30
    ]
  ],
  "labels": [
    0,
    1
  ]
}