{
  "dataset": "hive-0.9.0",
  "balancing_method": "hcbou",
  "scaler_type": "robust",
  "models": {
    "svm": {
      "F1_Score": 0.5801526717557252,
      "Exactitud": 0.8063380281690141,
      "Precision": 0.5135135135135135,
      "Recall": 0.6666666666666666,
      "Sensibilidad": 0.6666666666666666,
      "Especificidad": 0.8414096916299559,
      "Error": 0.1936619718309859,
      "TP_Rate": 0.6666666666666666,
      "FP_Rate": 0.15859030837004406,
      "ROC_AUC": 0.8428008346858336,
      "confusion_matrix": [
        [
          191,
          36
        ],
        [
          19,
          38
        ]
      ]
    },
    "naive_bayes_gaussian": {
      "F1_Score": 0.23529411764705882,
      "Exactitud": 0.8169014084507042,
      "Precision": 0.7272727272727273,
      "Recall": 0.14035087719298245,
      "Sensibilidad": 0.14035087719298245,
      "Especificidad": 0.986784140969163,
      "Error": 0.18309859154929578,
      "TP_Rate": 0.14035087719298245,
      "FP_Rate": 0.013215859030837005,
      "ROC_AUC": 0.7752144678877811,
      "confusion_matrix": [
        [
          224,
          3
        ],
        [
          49,
          8
        ]
      ]
    },
    "decision_tree": {
      "F1_Score": 0.5466666666666666,
      "Exactitud": 0.7605633802816901,
      "Precision": 0.44086021505376344,
      "Recall": 0.7192982456140351,
      "Sensibilidad": 0.7192982456140351,
      "Especificidad": 0.7709251101321586,
      "Error": 0.23943661971830985,
      "TP_Rate": 0.7192982456140351,
      "FP_Rate": 0.2290748898678414,
      "ROC_AUC": 0.7451116778730968,
      "confusion_matrix": [
        [
          175,
          52
        ],
        [
          16,
          41
        ]
      ]
    }
  },
  "timestamp": "2025-11-27T19:59:17.004663"
}