{
  "dataset": "hive-0.9.0",
  "balancing_method": "hcbou",
  "scaler_type": "robust",
  "models": {
    "svm": {
      "F1_Score": 0.6206896551724138,
      "F2_Score": 0.7120253164556962,
      "Exactitud": 0.8063380281690141,
      "Accuracy": 0.8063380281690141,
      "Balanced_Accuracy": 0.8000231857175979,
      "BER": 0.1999768142824021,
      "MCC": 0.5197156545062839,
      "Precision": 0.5113636363636364,
      "Recall": 0.7894736842105263,
      "Sensibilidad": 0.7894736842105263,
      "Especificidad": 0.8105726872246696,
      "Error": 0.1936619718309859,
      "TP_Rate": 0.7894736842105263,
      "FP_Rate": 0.1894273127753304,
      "ROC_AUC": 0.8100316871473839,
      "confusion_matrix": [
        [
          184,
          43
        ],
        [
          12,
          45
        ]
      ]
    },
    "naive_bayes_gaussian": {
      "F1_Score": 0.23529411764705882,
      "F2_Score": 0.16736401673640167,
      "Exactitud": 0.8169014084507042,
      "Accuracy": 0.8169014084507042,
      "Balanced_Accuracy": 0.5635675090810728,
      "BER": 0.4364324909189272,
      "MCC": 0.2638990821633838,
      "Precision": 0.7272727272727273,
      "Recall": 0.14035087719298245,
      "Sensibilidad": 0.14035087719298245,
      "Especificidad": 0.986784140969163,
      "Error": 0.18309859154929578,
      "TP_Rate": 0.14035087719298245,
      "FP_Rate": 0.013215859030837005,
      "ROC_AUC": 0.7752144678877811,
      "confusion_matrix": [
        [
          224,
          3
        ],
        [
          49,
          8
        ]
      ]
    },
    "decision_tree": {
      "F1_Score": 0.5466666666666666,
      "F2_Score": 0.6386292834890965,
      "Exactitud": 0.7605633802816901,
      "Accuracy": 0.7605633802816901,
      "Balanced_Accuracy": 0.7451116778730968,
      "BER": 0.25488832212690316,
      "MCC": 0.41839472175303055,
      "Precision": 0.44086021505376344,
      "Recall": 0.7192982456140351,
      "Sensibilidad": 0.7192982456140351,
      "Especificidad": 0.7709251101321586,
      "Error": 0.23943661971830985,
      "TP_Rate": 0.7192982456140351,
      "FP_Rate": 0.2290748898678414,
      "ROC_AUC": 0.7451116778730968,
      "confusion_matrix": [
        [
          175,
          52
        ],
        [
          16,
          41
        ]
      ]
    }
  },
  "timestamp": "2025-12-11T09:17:12.714165"
}