{
  "dataset": "hive-0.9.0",
  "balancing_method": "hcbou",
  "scaler_type": "robust",
  "models": {
    "svm": {
      "F1_Score": 0.5569620253164557,
      "Exactitud": 0.7535211267605634,
      "Precision": 0.43564356435643564,
      "Recall": 0.7719298245614035,
      "Sensibilidad": 0.7719298245614035,
      "Especificidad": 0.748898678414097,
      "Error": 0.24647887323943662,
      "TP_Rate": 0.7719298245614035,
      "FP_Rate": 0.2511013215859031,
      "ROC_AUC": 0.80655382950769,
      "confusion_matrix": [
        [
          170,
          57
        ],
        [
          13,
          44
        ]
      ]
    },
    "naive_bayes_gaussian": {
      "F1_Score": 0.23529411764705882,
      "Exactitud": 0.8169014084507042,
      "Precision": 0.7272727272727273,
      "Recall": 0.14035087719298245,
      "Sensibilidad": 0.14035087719298245,
      "Especificidad": 0.986784140969163,
      "Error": 0.18309859154929578,
      "TP_Rate": 0.14035087719298245,
      "FP_Rate": 0.013215859030837005,
      "ROC_AUC": 0.7752144678877811,
      "confusion_matrix": [
        [
          224,
          3
        ],
        [
          49,
          8
        ]
      ]
    },
    "decision_tree": {
      "F1_Score": 0.5562913907284768,
      "Exactitud": 0.7640845070422535,
      "Precision": 0.44680851063829785,
      "Recall": 0.7368421052631579,
      "Sensibilidad": 0.7368421052631579,
      "Especificidad": 0.7709251101321586,
      "Error": 0.23591549295774647,
      "TP_Rate": 0.7368421052631579,
      "FP_Rate": 0.2290748898678414,
      "ROC_AUC": 0.7600664657237809,
      "confusion_matrix": [
        [
          175,
          52
        ],
        [
          15,
          42
        ]
      ]
    }
  },
  "timestamp": "2025-11-28T13:33:15.988781"
}