{
  "TP": 41,
  "TN": 175,
  "FP": 52,
  "FN": 16,
  "P": 57,
  "N": 227,
  "Total": 284,
  "Error": 0.23943661971830985,
  "Exactitud": 0.7605633802816901,
  "TP_Rate": 0.7192982456140351,
  "FP_Rate": 0.2290748898678414,
  "Precision": 0.44086021505376344,
  "Recall": 0.7192982456140351,
  "Sensibilidad": 0.7192982456140351,
  "Especificidad": 0.7709251101321586,
  "F1_Score": 0.5466666666666666,
  "Accuracy_sklearn": 0.7605633802816901,
  "F2_Score": 0.6386292834890965,
  "Balanced_Accuracy": 0.7451116778730968,
  "BER": 0.25488832212690316,
  "MCC": 0.41839472175303055,
  "Accuracy": 0.7605633802816901,
  "ROC_AUC": 0.7451116778730968,
  "PR_AUC": 0.6082482444184063,
  "classification_report": {
    "No-Buggy": {
      "precision": 0.9162303664921466,
      "recall": 0.7709251101321586,
      "f1-score": 0.8373205741626795,
      "support": 227.0
    },
    "Buggy": {
      "precision": 0.44086021505376344,
      "recall": 0.7192982456140351,
      "f1-score": 0.5466666666666666,
      "support": 57.0
    },
    "accuracy": 0.7605633802816901,
    "macro avg": {
      "precision": 0.678545290772955,
      "recall": 0.7451116778730968,
      "f1-score": 0.691993620414673,
      "support": 284.0
    },
    "weighted avg": {
      "precision": 0.8208215684921895,
      "recall": 0.7605633802816901,
      "f1-score": 0.7789851068131276,
      "support": 284.0
    }
  },
  "confusion_matrix": [
    [
      175,
      52
    ],
    [
      16,
      41
    ]
  ],
  "training_time_seconds": 0.013143,
  "best_hyperparameters": {
    "criterion": "entropy",
    "max_depth": 20,
    "min_samples_leaf": 1,
    "min_samples_split": 2
  },
  "timestamp": "2025-12-11T09:17:12.495004"
}