{
  "TP": 42,
  "TN": 175,
  "FP": 52,
  "FN": 15,
  "P": 57,
  "N": 227,
  "Total": 284,
  "Error": 0.23591549295774647,
  "Exactitud": 0.7640845070422535,
  "TP_Rate": 0.7368421052631579,
  "FP_Rate": 0.2290748898678414,
  "Precision": 0.44680851063829785,
  "Recall": 0.7368421052631579,
  "Sensibilidad": 0.7368421052631579,
  "Especificidad": 0.7709251101321586,
  "F1_Score": 0.5562913907284768,
  "Accuracy_sklearn": 0.7640845070422535,
  "ROC_AUC": 0.7600664657237809,
  "PR_AUC": 0.6205383781787401,
  "classification_report": {
    "No-Buggy": {
      "precision": 0.9210526315789473,
      "recall": 0.7709251101321586,
      "f1-score": 0.8393285371702638,
      "support": 227.0
    },
    "Buggy": {
      "precision": 0.44680851063829785,
      "recall": 0.7368421052631579,
      "f1-score": 0.5562913907284768,
      "support": 57.0
    },
    "accuracy": 0.7640845070422535,
    "macro avg": {
      "precision": 0.6839305711086225,
      "recall": 0.7538836076976583,
      "f1-score": 0.6978099639493702,
      "support": 284.0
    },
    "weighted avg": {
      "precision": 0.8258698326577606,
      "recall": 0.7640845070422535,
      "f1-score": 0.7825217859477925,
      "support": 284.0
    }
  },
  "confusion_matrix": [
    [
      175,
      52
    ],
    [
      15,
      42
    ]
  ],
  "training_time_seconds": 0.01308,
  "best_hyperparameters": {
    "criterion": "entropy",
    "max_depth": 20,
    "min_samples_leaf": 1,
    "min_samples_split": 5
  },
  "timestamp": "2025-11-28T13:33:15.730638"
}