{
  "TP": 38,
  "TN": 191,
  "FP": 36,
  "FN": 19,
  "P": 57,
  "N": 227,
  "Total": 284,
  "Error": 0.1936619718309859,
  "Exactitud": 0.8063380281690141,
  "TP_Rate": 0.6666666666666666,
  "FP_Rate": 0.15859030837004406,
  "Precision": 0.5135135135135135,
  "Recall": 0.6666666666666666,
  "Sensibilidad": 0.6666666666666666,
  "Especificidad": 0.8414096916299559,
  "F1_Score": 0.5801526717557252,
  "Accuracy_sklearn": 0.8063380281690141,
  "ROC_AUC": 0.8428008346858336,
  "PR_AUC": 0.5359927880661851,
  "classification_report": {
    "No-Buggy": {
      "precision": 0.9095238095238095,
      "recall": 0.8414096916299559,
      "f1-score": 0.8741418764302059,
      "support": 227.0
    },
    "Buggy": {
      "precision": 0.5135135135135135,
      "recall": 0.6666666666666666,
      "f1-score": 0.5801526717557252,
      "support": 57.0
    },
    "accuracy": 0.8063380281690141,
    "macro avg": {
      "precision": 0.7115186615186615,
      "recall": 0.7540381791483113,
      "f1-score": 0.7271472740929655,
      "support": 284.0
    },
    "weighted avg": {
      "precision": 0.8300428698316021,
      "recall": 0.8063380281690141,
      "f1-score": 0.8151370008441304,
      "support": 284.0
    }
  },
  "confusion_matrix": [
    [
      191,
      36
    ],
    [
      19,
      38
    ]
  ],
  "training_time_seconds": 0.117244,
  "best_hyperparameters": {
    "C": 100,
    "gamma": 0.01,
    "kernel": "rbf"
  },
  "timestamp": "2025-11-27T19:33:35.477278"
}