{
  "TP": 44,
  "TN": 170,
  "FP": 57,
  "FN": 13,
  "P": 57,
  "N": 227,
  "Total": 284,
  "Error": 0.24647887323943662,
  "Exactitud": 0.7535211267605634,
  "TP_Rate": 0.7719298245614035,
  "FP_Rate": 0.2511013215859031,
  "Precision": 0.43564356435643564,
  "Recall": 0.7719298245614035,
  "Sensibilidad": 0.7719298245614035,
  "Especificidad": 0.748898678414097,
  "F1_Score": 0.5569620253164557,
  "Accuracy_sklearn": 0.7535211267605634,
  "ROC_AUC": 0.80655382950769,
  "PR_AUC": 0.5773579294581672,
  "classification_report": {
    "No-Buggy": {
      "precision": 0.9289617486338798,
      "recall": 0.748898678414097,
      "f1-score": 0.8292682926829268,
      "support": 227.0
    },
    "Buggy": {
      "precision": 0.43564356435643564,
      "recall": 0.7719298245614035,
      "f1-score": 0.5569620253164557,
      "support": 57.0
    },
    "accuracy": 0.7535211267605634,
    "macro avg": {
      "precision": 0.6823026564951578,
      "recall": 0.7604142514877502,
      "f1-score": 0.6931151589996912,
      "support": 284.0
    },
    "weighted avg": {
      "precision": 0.8299507046063646,
      "recall": 0.7535211267605634,
      "f1-score": 0.7746152742326139,
      "support": 284.0
    }
  },
  "confusion_matrix": [
    [
      170,
      57
    ],
    [
      13,
      44
    ]
  ],
  "training_time_seconds": 0.022119,
  "best_hyperparameters": {
    "C": 1,
    "gamma": 0.1,
    "kernel": "rbf"
  },
  "timestamp": "2025-11-28T13:33:15.120494"
}