{
  "TP": 45,
  "TN": 184,
  "FP": 43,
  "FN": 12,
  "P": 57,
  "N": 227,
  "Total": 284,
  "Error": 0.1936619718309859,
  "Exactitud": 0.8063380281690141,
  "TP_Rate": 0.7894736842105263,
  "FP_Rate": 0.1894273127753304,
  "Precision": 0.5113636363636364,
  "Recall": 0.7894736842105263,
  "Sensibilidad": 0.7894736842105263,
  "Especificidad": 0.8105726872246696,
  "F1_Score": 0.6206896551724138,
  "Accuracy_sklearn": 0.8063380281690141,
  "F2_Score": 0.7120253164556962,
  "Balanced_Accuracy": 0.8000231857175979,
  "BER": 0.1999768142824021,
  "MCC": 0.5197156545062839,
  "Accuracy": 0.8063380281690141,
  "ROC_AUC": 0.8100316871473839,
  "PR_AUC": 0.5542138245311043,
  "classification_report": {
    "No-Buggy": {
      "precision": 0.9387755102040817,
      "recall": 0.8105726872246696,
      "f1-score": 0.8699763593380615,
      "support": 227.0
    },
    "Buggy": {
      "precision": 0.5113636363636364,
      "recall": 0.7894736842105263,
      "f1-score": 0.6206896551724138,
      "support": 57.0
    },
    "accuracy": 0.8063380281690141,
    "macro avg": {
      "precision": 0.725069573283859,
      "recall": 0.8000231857175979,
      "f1-score": 0.7453330072552377,
      "support": 284.0
    },
    "weighted avg": {
      "precision": 0.8529921411586402,
      "recall": 0.8063380281690141,
      "f1-score": 0.8199434644879139,
      "support": 284.0
    }
  },
  "confusion_matrix": [
    [
      184,
      43
    ],
    [
      12,
      45
    ]
  ],
  "training_time_seconds": 0.023623,
  "best_hyperparameters": {
    "C": 100,
    "gamma": 0.1,
    "kernel": "rbf"
  },
  "timestamp": "2025-12-11T09:17:11.938370"
}