{
  "dataset": "wicket-1.3.0-beta2",
  "balancing_method": "smote",
  "scaler_type": "standard",
  "models": {
    "svm": {
      "F1_Score": 0.2978723404255319,
      "F2_Score": 0.28,
      "Exactitud": 0.9065155807365439,
      "Accuracy": 0.9065155807365439,
      "Balanced_Accuracy": 0.6132086567866384,
      "BER": 0.3867913432133616,
      "MCC": 0.25002963927244704,
      "Precision": 0.3333333333333333,
      "Recall": 0.2692307692307692,
      "Sensibilidad": 0.2692307692307692,
      "Especificidad": 0.9571865443425076,
      "Error": 0.09348441926345609,
      "TP_Rate": 0.2692307692307692,
      "FP_Rate": 0.04281345565749235,
      "ROC_AUC": 0.7706422018348624,
      "confusion_matrix": [
        [
          313,
          14
        ],
        [
          19,
          7
        ]
      ]
    },
    "naive_bayes_gaussian": {
      "F1_Score": 0.34375,
      "F2_Score": 0.3873239436619718,
      "Exactitud": 0.8810198300283286,
      "Accuracy": 0.8810198300283286,
      "Balanced_Accuracy": 0.6702540578687368,
      "BER": 0.3297459421312632,
      "MCC": 0.28697293703089116,
      "Precision": 0.2894736842105263,
      "Recall": 0.4230769230769231,
      "Sensibilidad": 0.4230769230769231,
      "Especificidad": 0.9174311926605505,
      "Error": 0.11898016997167139,
      "TP_Rate": 0.4230769230769231,
      "FP_Rate": 0.08256880733944955,
      "ROC_AUC": 0.772994589508351,
      "confusion_matrix": [
        [
          300,
          27
        ],
        [
          15,
          11
        ]
      ]
    },
    "decision_tree": {
      "F1_Score": 0.23809523809523808,
      "F2_Score": 0.30864197530864196,
      "Exactitud": 0.8186968838526912,
      "Accuracy": 0.8186968838526912,
      "Balanced_Accuracy": 0.6189131968948482,
      "BER": 0.38108680310515175,
      "MCC": 0.16764692662609454,
      "Precision": 0.1724137931034483,
      "Recall": 0.38461538461538464,
      "Sensibilidad": 0.38461538461538464,
      "Especificidad": 0.8532110091743119,
      "Error": 0.1813031161473088,
      "TP_Rate": 0.38461538461538464,
      "FP_Rate": 0.14678899082568808,
      "ROC_AUC": 0.6153846153846154,
      "confusion_matrix": [
        [
          279,
          48
        ],
        [
          16,
          10
        ]
      ]
    }
  },
  "timestamp": "2025-12-11T09:19:54.228305"
}