{
  "dataset": "wicket-1.3.0-beta2",
  "balancing_method": "smote",
  "scaler_type": "standard",
  "models": {
    "svm": {
      "F1_Score": 0.2978723404255319,
      "Exactitud": 0.9065155807365439,
      "Precision": 0.3333333333333333,
      "Recall": 0.2692307692307692,
      "Sensibilidad": 0.2692307692307692,
      "Especificidad": 0.9571865443425076,
      "Error": 0.09348441926345609,
      "TP_Rate": 0.2692307692307692,
      "FP_Rate": 0.04281345565749235,
      "ROC_AUC": 0.7706422018348624,
      "confusion_matrix": [
        [
          313,
          14
        ],
        [
          19,
          7
        ]
      ]
    },
    "naive_bayes_gaussian": {
      "F1_Score": 0.34375,
      "Exactitud": 0.8810198300283286,
      "Precision": 0.2894736842105263,
      "Recall": 0.4230769230769231,
      "Sensibilidad": 0.4230769230769231,
      "Especificidad": 0.9174311926605505,
      "Error": 0.11898016997167139,
      "TP_Rate": 0.4230769230769231,
      "FP_Rate": 0.08256880733944955,
      "ROC_AUC": 0.772994589508351,
      "confusion_matrix": [
        [
          300,
          27
        ],
        [
          15,
          11
        ]
      ]
    },
    "decision_tree": {
      "F1_Score": 0.2898550724637681,
      "Exactitud": 0.8611898016997167,
      "Precision": 0.23255813953488372,
      "Recall": 0.38461538461538464,
      "Sensibilidad": 0.38461538461538464,
      "Especificidad": 0.8990825688073395,
      "Error": 0.1388101983002833,
      "TP_Rate": 0.38461538461538464,
      "FP_Rate": 0.10091743119266056,
      "ROC_AUC": 0.6292637026581981,
      "confusion_matrix": [
        [
          294,
          33
        ],
        [
          16,
          10
        ]
      ]
    }
  },
  "timestamp": "2025-11-27T20:00:52.759841"
}