{
  "dataset": "wicket-1.3.0-beta2",
  "balancing_method": "smote",
  "scaler_type": "standard",
  "models": {
    "svm": {
      "F1_Score": 0.14942528735632185,
      "Exactitud": 0.16147308781869688,
      "Precision": 0.08074534161490683,
      "Recall": 1.0,
      "Sensibilidad": 1.0,
      "Especificidad": 0.09480122324159021,
      "Error": 0.8385269121813032,
      "TP_Rate": 1.0,
      "FP_Rate": 0.9051987767584098,
      "ROC_AUC": 0.7552340625735121,
      "confusion_matrix": [
        [
          31,
          296
        ],
        [
          0,
          26
        ]
      ]
    },
    "naive_bayes_gaussian": {
      "F1_Score": 0.34375,
      "Exactitud": 0.8810198300283286,
      "Precision": 0.2894736842105263,
      "Recall": 0.4230769230769231,
      "Sensibilidad": 0.4230769230769231,
      "Especificidad": 0.9174311926605505,
      "Error": 0.11898016997167139,
      "TP_Rate": 0.4230769230769231,
      "FP_Rate": 0.08256880733944955,
      "ROC_AUC": 0.772994589508351,
      "confusion_matrix": [
        [
          300,
          27
        ],
        [
          15,
          11
        ]
      ]
    },
    "decision_tree": {
      "F1_Score": 0.24096385542168675,
      "Exactitud": 0.8215297450424929,
      "Precision": 0.17543859649122806,
      "Recall": 0.38461538461538464,
      "Sensibilidad": 0.38461538461538464,
      "Especificidad": 0.8562691131498471,
      "Error": 0.17847025495750707,
      "TP_Rate": 0.38461538461538464,
      "FP_Rate": 0.1437308868501529,
      "ROC_AUC": 0.6146788990825688,
      "confusion_matrix": [
        [
          280,
          47
        ],
        [
          16,
          10
        ]
      ]
    }
  },
  "timestamp": "2025-11-28T13:35:22.349333"
}