{
  "TP": 10,
  "TN": 279,
  "FP": 48,
  "FN": 16,
  "P": 26,
  "N": 327,
  "Total": 353,
  "Error": 0.1813031161473088,
  "Exactitud": 0.8186968838526912,
  "TP_Rate": 0.38461538461538464,
  "FP_Rate": 0.14678899082568808,
  "Precision": 0.1724137931034483,
  "Recall": 0.38461538461538464,
  "Sensibilidad": 0.38461538461538464,
  "Especificidad": 0.8532110091743119,
  "F1_Score": 0.23809523809523808,
  "Accuracy_sklearn": 0.8186968838526912,
  "F2_Score": 0.30864197530864196,
  "Balanced_Accuracy": 0.6189131968948482,
  "BER": 0.38108680310515175,
  "MCC": 0.16764692662609454,
  "Accuracy": 0.8186968838526912,
  "ROC_AUC": 0.6153846153846154,
  "PR_AUC": 0.18305741095010247,
  "classification_report": {
    "No-Buggy": {
      "precision": 0.9457627118644067,
      "recall": 0.8532110091743119,
      "f1-score": 0.8971061093247589,
      "support": 327.0
    },
    "Buggy": {
      "precision": 0.1724137931034483,
      "recall": 0.38461538461538464,
      "f1-score": 0.23809523809523808,
      "support": 26.0
    },
    "accuracy": 0.8186968838526912,
    "macro avg": {
      "precision": 0.5590882524839276,
      "recall": 0.6189131968948482,
      "f1-score": 0.5676006737099984,
      "support": 353.0
    },
    "weighted avg": {
      "precision": 0.888802168272948,
      "recall": 0.8186968838526912,
      "f1-score": 0.8485670649849075,
      "support": 353.0
    }
  },
  "confusion_matrix": [
    [
      279,
      48
    ],
    [
      16,
      10
    ]
  ],
  "training_time_seconds": 0.015299,
  "best_hyperparameters": {
    "criterion": "gini",
    "max_depth": 10,
    "min_samples_leaf": 1,
    "min_samples_split": 2
  },
  "timestamp": "2025-12-11T09:19:54.008310"
}