{
  "TP": 26,
  "TN": 31,
  "FP": 296,
  "FN": 0,
  "P": 26,
  "N": 327,
  "Total": 353,
  "Error": 0.8385269121813032,
  "Exactitud": 0.16147308781869688,
  "TP_Rate": 1.0,
  "FP_Rate": 0.9051987767584098,
  "Precision": 0.08074534161490683,
  "Recall": 1.0,
  "Sensibilidad": 1.0,
  "Especificidad": 0.09480122324159021,
  "F1_Score": 0.14942528735632185,
  "Accuracy_sklearn": 0.16147308781869688,
  "ROC_AUC": 0.7552340625735121,
  "PR_AUC": 0.16548064041483293,
  "classification_report": {
    "No-Buggy": {
      "precision": 1.0,
      "recall": 0.09480122324159021,
      "f1-score": 0.17318435754189945,
      "support": 327.0
    },
    "Buggy": {
      "precision": 0.08074534161490683,
      "recall": 1.0,
      "f1-score": 0.14942528735632185,
      "support": 26.0
    },
    "accuracy": 0.16147308781869688,
    "macro avg": {
      "precision": 0.5403726708074534,
      "recall": 0.5474006116207951,
      "f1-score": 0.16130482244911065,
      "support": 353.0
    },
    "weighted avg": {
      "precision": 0.9322928580226277,
      "recall": 0.16147308781869688,
      "f1-score": 0.1714343976982025,
      "support": 353.0
    }
  },
  "confusion_matrix": [
    [
      31,
      296
    ],
    [
      0,
      26
    ]
  ],
  "training_time_seconds": 0.028543,
  "best_hyperparameters": {
    "C": 0.01,
    "gamma": 1,
    "kernel": "rbf"
  },
  "timestamp": "2025-11-28T13:35:21.520159"
}