{
  "TP": 7,
  "TN": 313,
  "FP": 14,
  "FN": 19,
  "P": 26,
  "N": 327,
  "Total": 353,
  "Error": 0.09348441926345609,
  "Exactitud": 0.9065155807365439,
  "TP_Rate": 0.2692307692307692,
  "FP_Rate": 0.04281345565749235,
  "Precision": 0.3333333333333333,
  "Recall": 0.2692307692307692,
  "Sensibilidad": 0.2692307692307692,
  "Especificidad": 0.9571865443425076,
  "F1_Score": 0.2978723404255319,
  "Accuracy_sklearn": 0.9065155807365439,
  "F2_Score": 0.28,
  "Balanced_Accuracy": 0.6132086567866384,
  "BER": 0.3867913432133616,
  "MCC": 0.25002963927244704,
  "Accuracy": 0.9065155807365439,
  "ROC_AUC": 0.7706422018348624,
  "PR_AUC": 0.20965699089495773,
  "classification_report": {
    "No-Buggy": {
      "precision": 0.9427710843373494,
      "recall": 0.9571865443425076,
      "f1-score": 0.9499241274658573,
      "support": 327.0
    },
    "Buggy": {
      "precision": 0.3333333333333333,
      "recall": 0.2692307692307692,
      "f1-score": 0.2978723404255319,
      "support": 26.0
    },
    "accuracy": 0.9065155807365439,
    "macro avg": {
      "precision": 0.6380522088353413,
      "recall": 0.6132086567866384,
      "f1-score": 0.6238982339456947,
      "support": 353.0
    },
    "weighted avg": {
      "precision": 0.8978833179744473,
      "recall": 0.9065155807365439,
      "f1-score": 0.9018976502334254,
      "support": 353.0
    }
  },
  "confusion_matrix": [
    [
      313,
      14
    ],
    [
      19,
      7
    ]
  ],
  "training_time_seconds": 0.027677,
  "best_hyperparameters": {
    "C": 10,
    "gamma": 0.1,
    "kernel": "rbf"
  },
  "timestamp": "2025-12-11T09:19:53.517231"
}