{
  "dataset": "hbase-0.94.0",
  "balancing_method": "hcbou",
  "scaler_type": "standard",
  "models": {
    "svm": {
      "F1_Score": 0.39572192513368987,
      "Exactitud": 0.4669811320754717,
      "Precision": 0.25874125874125875,
      "Recall": 0.8409090909090909,
      "Sensibilidad": 0.8409090909090909,
      "Especificidad": 0.36904761904761907,
      "Error": 0.5330188679245284,
      "TP_Rate": 0.8409090909090909,
      "FP_Rate": 0.6309523809523809,
      "ROC_AUC": 0.7780032467532467,
      "confusion_matrix": [
        [
          62,
          106
        ],
        [
          7,
          37
        ]
      ]
    },
    "naive_bayes_gaussian": {
      "F1_Score": 0.5614035087719298,
      "Exactitud": 0.7641509433962265,
      "Precision": 0.45714285714285713,
      "Recall": 0.7272727272727273,
      "Sensibilidad": 0.7272727272727273,
      "Especificidad": 0.7738095238095238,
      "Error": 0.2358490566037736,
      "TP_Rate": 0.7272727272727273,
      "FP_Rate": 0.2261904761904762,
      "ROC_AUC": 0.7763798701298701,
      "confusion_matrix": [
        [
          130,
          38
        ],
        [
          12,
          32
        ]
      ]
    },
    "decision_tree": {
      "F1_Score": 0.6153846153846154,
      "Exactitud": 0.8113207547169812,
      "Precision": 0.5333333333333333,
      "Recall": 0.7272727272727273,
      "Sensibilidad": 0.7272727272727273,
      "Especificidad": 0.8333333333333334,
      "Error": 0.18867924528301888,
      "TP_Rate": 0.7272727272727273,
      "FP_Rate": 0.16666666666666666,
      "ROC_AUC": 0.8098620129870129,
      "confusion_matrix": [
        [
          140,
          28
        ],
        [
          12,
          32
        ]
      ]
    }
  },
  "timestamp": "2025-11-28T13:32:10.113261"
}