{
  "dataset": "hbase-0.94.0",
  "balancing_method": "hcbou",
  "scaler_type": "standard",
  "models": {
    "svm": {
      "F1_Score": 0.6,
      "F2_Score": 0.6081081081081081,
      "Exactitud": 0.8301886792452831,
      "Accuracy": 0.8301886792452831,
      "Balanced_Accuracy": 0.7502705627705628,
      "BER": 0.2497294372294372,
      "MCC": 0.4924790780193824,
      "Precision": 0.5869565217391305,
      "Recall": 0.6136363636363636,
      "Sensibilidad": 0.6136363636363636,
      "Especificidad": 0.8869047619047619,
      "Error": 0.16981132075471697,
      "TP_Rate": 0.6136363636363636,
      "FP_Rate": 0.1130952380952381,
      "ROC_AUC": 0.7835497835497836,
      "confusion_matrix": [
        [
          149,
          19
        ],
        [
          17,
          27
        ]
      ]
    },
    "naive_bayes_gaussian": {
      "F1_Score": 0.5614035087719298,
      "F2_Score": 0.6504065040650406,
      "Exactitud": 0.7641509433962265,
      "Accuracy": 0.7641509433962265,
      "Balanced_Accuracy": 0.7505411255411256,
      "BER": 0.24945887445887438,
      "MCC": 0.4321124772077491,
      "Precision": 0.45714285714285713,
      "Recall": 0.7272727272727273,
      "Sensibilidad": 0.7272727272727273,
      "Especificidad": 0.7738095238095238,
      "Error": 0.2358490566037736,
      "TP_Rate": 0.7272727272727273,
      "FP_Rate": 0.2261904761904762,
      "ROC_AUC": 0.7763798701298701,
      "confusion_matrix": [
        [
          130,
          38
        ],
        [
          12,
          32
        ]
      ]
    },
    "decision_tree": {
      "F1_Score": 0.4854368932038835,
      "F2_Score": 0.5319148936170213,
      "Exactitud": 0.75,
      "Accuracy": 0.75,
      "Balanced_Accuracy": 0.6829004329004329,
      "BER": 0.3170995670995671,
      "MCC": 0.3310198114254937,
      "Precision": 0.423728813559322,
      "Recall": 0.5681818181818182,
      "Sensibilidad": 0.5681818181818182,
      "Especificidad": 0.7976190476190477,
      "Error": 0.25,
      "TP_Rate": 0.5681818181818182,
      "FP_Rate": 0.20238095238095238,
      "ROC_AUC": 0.6572646103896104,
      "confusion_matrix": [
        [
          134,
          34
        ],
        [
          19,
          25
        ]
      ]
    }
  },
  "timestamp": "2025-12-11T09:15:47.734450"
}