{
  "dataset": "hbase-0.94.0",
  "balancing_method": "hcbou",
  "scaler_type": "standard",
  "models": {
    "svm": {
      "F1_Score": 0.6,
      "Exactitud": 0.8301886792452831,
      "Precision": 0.5869565217391305,
      "Recall": 0.6136363636363636,
      "Sensibilidad": 0.6136363636363636,
      "Especificidad": 0.8869047619047619,
      "Error": 0.16981132075471697,
      "TP_Rate": 0.6136363636363636,
      "FP_Rate": 0.1130952380952381,
      "ROC_AUC": 0.7835497835497836,
      "confusion_matrix": [
        [
          149,
          19
        ],
        [
          17,
          27
        ]
      ]
    },
    "naive_bayes_gaussian": {
      "F1_Score": 0.5614035087719298,
      "Exactitud": 0.7641509433962265,
      "Precision": 0.45714285714285713,
      "Recall": 0.7272727272727273,
      "Sensibilidad": 0.7272727272727273,
      "Especificidad": 0.7738095238095238,
      "Error": 0.2358490566037736,
      "TP_Rate": 0.7272727272727273,
      "FP_Rate": 0.2261904761904762,
      "ROC_AUC": 0.7763798701298701,
      "confusion_matrix": [
        [
          130,
          38
        ],
        [
          12,
          32
        ]
      ]
    },
    "decision_tree": {
      "F1_Score": 0.5416666666666666,
      "Exactitud": 0.7924528301886793,
      "Precision": 0.5,
      "Recall": 0.5909090909090909,
      "Sensibilidad": 0.5909090909090909,
      "Especificidad": 0.8452380952380952,
      "Error": 0.20754716981132076,
      "TP_Rate": 0.5909090909090909,
      "FP_Rate": 0.15476190476190477,
      "ROC_AUC": 0.7180735930735931,
      "confusion_matrix": [
        [
          142,
          26
        ],
        [
          18,
          26
        ]
      ]
    }
  },
  "timestamp": "2025-11-27T19:58:27.835662"
}