{
  "TP": 26,
  "TN": 142,
  "FP": 26,
  "FN": 18,
  "P": 44,
  "N": 168,
  "Total": 212,
  "Error": 0.20754716981132076,
  "Exactitud": 0.7924528301886793,
  "TP_Rate": 0.5909090909090909,
  "FP_Rate": 0.15476190476190477,
  "Precision": 0.5,
  "Recall": 0.5909090909090909,
  "Sensibilidad": 0.5909090909090909,
  "Especificidad": 0.8452380952380952,
  "F1_Score": 0.5416666666666666,
  "Accuracy_sklearn": 0.7924528301886793,
  "ROC_AUC": 0.7180735930735931,
  "PR_AUC": 0.5879073756432247,
  "classification_report": {
    "No-Buggy": {
      "precision": 0.8875,
      "recall": 0.8452380952380952,
      "f1-score": 0.8658536585365854,
      "support": 168.0
    },
    "Buggy": {
      "precision": 0.5,
      "recall": 0.5909090909090909,
      "f1-score": 0.5416666666666666,
      "support": 44.0
    },
    "accuracy": 0.7924528301886793,
    "macro avg": {
      "precision": 0.69375,
      "recall": 0.7180735930735931,
      "f1-score": 0.703760162601626,
      "support": 212.0
    },
    "weighted avg": {
      "precision": 0.8070754716981132,
      "recall": 0.7924528301886793,
      "f1-score": 0.7985695658843381,
      "support": 212.0
    }
  },
  "confusion_matrix": [
    [
      142,
      26
    ],
    [
      18,
      26
    ]
  ],
  "training_time_seconds": 0.011397,
  "best_hyperparameters": {
    "criterion": "entropy",
    "max_depth": 20,
    "min_samples_leaf": 1,
    "min_samples_split": 2
  },
  "timestamp": "2025-11-27T19:58:27.581097"
}