{
  "TP": 25,
  "TN": 134,
  "FP": 34,
  "FN": 19,
  "P": 44,
  "N": 168,
  "Total": 212,
  "Error": 0.25,
  "Exactitud": 0.75,
  "TP_Rate": 0.5681818181818182,
  "FP_Rate": 0.20238095238095238,
  "Precision": 0.423728813559322,
  "Recall": 0.5681818181818182,
  "Sensibilidad": 0.5681818181818182,
  "Especificidad": 0.7976190476190477,
  "F1_Score": 0.4854368932038835,
  "Accuracy_sklearn": 0.75,
  "F2_Score": 0.5319148936170213,
  "Balanced_Accuracy": 0.6829004329004329,
  "BER": 0.3170995670995671,
  "MCC": 0.3310198114254937,
  "Accuracy": 0.75,
  "ROC_AUC": 0.6572646103896104,
  "PR_AUC": 0.28431450993301366,
  "classification_report": {
    "No-Buggy": {
      "precision": 0.8758169934640523,
      "recall": 0.7976190476190477,
      "f1-score": 0.8348909657320872,
      "support": 168.0
    },
    "Buggy": {
      "precision": 0.423728813559322,
      "recall": 0.5681818181818182,
      "f1-score": 0.4854368932038835,
      "support": 44.0
    },
    "accuracy": 0.75,
    "macro avg": {
      "precision": 0.6497729035116871,
      "recall": 0.6829004329004329,
      "f1-score": 0.6601639294679853,
      "support": 212.0
    },
    "weighted avg": {
      "precision": 0.7819873712196742,
      "recall": 0.75,
      "f1-score": 0.7623627619998186,
      "support": 212.0
    }
  },
  "confusion_matrix": [
    [
      134,
      34
    ],
    [
      19,
      25
    ]
  ],
  "training_time_seconds": 0.012269,
  "best_hyperparameters": {
    "criterion": "gini",
    "max_depth": 10,
    "min_samples_leaf": 1,
    "min_samples_split": 2
  },
  "timestamp": "2025-12-11T09:15:47.508507"
}