{
  "TP": 32,
  "TN": 130,
  "FP": 38,
  "FN": 12,
  "P": 44,
  "N": 168,
  "Total": 212,
  "Error": 0.2358490566037736,
  "Exactitud": 0.7641509433962265,
  "TP_Rate": 0.7272727272727273,
  "FP_Rate": 0.2261904761904762,
  "Precision": 0.45714285714285713,
  "Recall": 0.7272727272727273,
  "Sensibilidad": 0.7272727272727273,
  "Especificidad": 0.7738095238095238,
  "F1_Score": 0.5614035087719298,
  "Accuracy_sklearn": 0.7641509433962265,
  "ROC_AUC": 0.7763798701298701,
  "PR_AUC": 0.4903549086785911,
  "classification_report": {
    "No-Buggy": {
      "precision": 0.9154929577464789,
      "recall": 0.7738095238095238,
      "f1-score": 0.8387096774193549,
      "support": 168.0
    },
    "Buggy": {
      "precision": 0.45714285714285713,
      "recall": 0.7272727272727273,
      "f1-score": 0.5614035087719298,
      "support": 44.0
    },
    "accuracy": 0.7641509433962265,
    "macro avg": {
      "precision": 0.686317907444668,
      "recall": 0.7505411255411256,
      "f1-score": 0.7000565930956424,
      "support": 212.0
    },
    "weighted avg": {
      "precision": 0.820363691583463,
      "recall": 0.7641509433962265,
      "f1-score": 0.7811555669453609,
      "support": 212.0
    }
  },
  "confusion_matrix": [
    [
      130,
      38
    ],
    [
      12,
      32
    ]
  ],
  "training_time_seconds": 0.000781,
  "best_hyperparameters": {
    "var_smoothing": 0.0001
  },
  "timestamp": "2025-11-27T19:32:48.491229"
}