{
  "TP": 27,
  "TN": 149,
  "FP": 19,
  "FN": 17,
  "P": 44,
  "N": 168,
  "Total": 212,
  "Error": 0.16981132075471697,
  "Exactitud": 0.8301886792452831,
  "TP_Rate": 0.6136363636363636,
  "FP_Rate": 0.1130952380952381,
  "Precision": 0.5869565217391305,
  "Recall": 0.6136363636363636,
  "Sensibilidad": 0.6136363636363636,
  "Especificidad": 0.8869047619047619,
  "F1_Score": 0.6,
  "Accuracy_sklearn": 0.8301886792452831,
  "ROC_AUC": 0.7835497835497836,
  "PR_AUC": 0.6032371005884922,
  "classification_report": {
    "No-Buggy": {
      "precision": 0.8975903614457831,
      "recall": 0.8869047619047619,
      "f1-score": 0.8922155688622755,
      "support": 168.0
    },
    "Buggy": {
      "precision": 0.5869565217391305,
      "recall": 0.6136363636363636,
      "f1-score": 0.6,
      "support": 44.0
    },
    "accuracy": 0.8301886792452831,
    "macro avg": {
      "precision": 0.7422734415924568,
      "recall": 0.7502705627705628,
      "f1-score": 0.7461077844311377,
      "support": 212.0
    },
    "weighted avg": {
      "precision": 0.8331191871670439,
      "recall": 0.8301886792452831,
      "f1-score": 0.831567054570105,
      "support": 212.0
    }
  },
  "confusion_matrix": [
    [
      149,
      19
    ],
    [
      17,
      27
    ]
  ],
  "training_time_seconds": 0.073222,
  "best_hyperparameters": {
    "C": 1000,
    "gamma": "auto",
    "kernel": "rbf"
  },
  "timestamp": "2025-11-27T19:32:48.226738"
}