{
  "TP": 37,
  "TN": 62,
  "FP": 106,
  "FN": 7,
  "P": 44,
  "N": 168,
  "Total": 212,
  "Error": 0.5330188679245284,
  "Exactitud": 0.4669811320754717,
  "TP_Rate": 0.8409090909090909,
  "FP_Rate": 0.6309523809523809,
  "Precision": 0.25874125874125875,
  "Recall": 0.8409090909090909,
  "Sensibilidad": 0.8409090909090909,
  "Especificidad": 0.36904761904761907,
  "F1_Score": 0.39572192513368987,
  "Accuracy_sklearn": 0.4669811320754717,
  "ROC_AUC": 0.7780032467532467,
  "PR_AUC": 0.4744749691467578,
  "classification_report": {
    "No-Buggy": {
      "precision": 0.8985507246376812,
      "recall": 0.36904761904761907,
      "f1-score": 0.5232067510548524,
      "support": 168.0
    },
    "Buggy": {
      "precision": 0.25874125874125875,
      "recall": 0.8409090909090909,
      "f1-score": 0.39572192513368987,
      "support": 44.0
    },
    "accuracy": 0.4669811320754717,
    "macro avg": {
      "precision": 0.57864599168947,
      "recall": 0.604978354978355,
      "f1-score": 0.4594643380942711,
      "support": 212.0
    },
    "weighted avg": {
      "precision": 0.765760080772386,
      "recall": 0.4669811320754717,
      "f1-score": 0.4967476362410262,
      "support": 212.0
    }
  },
  "confusion_matrix": [
    [
      62,
      106
    ],
    [
      7,
      37
    ]
  ],
  "training_time_seconds": 0.010828,
  "best_hyperparameters": {
    "C": 0.01,
    "gamma": 0.1,
    "kernel": "rbf"
  },
  "timestamp": "2025-11-28T13:32:09.309808"
}