{
  "best_params": {
    "C": 100,
    "gamma": 0.1,
    "kernel": "rbf"
  },
  "best_cv_score": 0.9695075757575757,
  "test_metrics": {
    "accuracy": 0.9090909090909091,
    "precision": 0.46153846153846156,
    "recall": 0.42857142857142855,
    "f1_score": 0.4444444444444444
  },
  "timestamp": "2025-12-12T02:34:04.610530",
  "cv_folds": 10,
  "n_combinations_tested": 72,
  "total_fits": 720,
  "time_seconds": 6.652646,
  "dataset_info": {
    "n_samples": 656,
    "n_features": 20
  }
}