{
  "TP": 8,
  "TN": 132,
  "FP": 19,
  "FN": 6,
  "P": 14,
  "N": 151,
  "Total": 165,
  "Error": 0.15151515151515152,
  "Exactitud": 0.8484848484848485,
  "TP_Rate": 0.5714285714285714,
  "FP_Rate": 0.12582781456953643,
  "Precision": 0.2962962962962963,
  "Recall": 0.5714285714285714,
  "Sensibilidad": 0.5714285714285714,
  "Especificidad": 0.8741721854304636,
  "F1_Score": 0.3902439024390244,
  "Accuracy_sklearn": 0.8484848484848485,
  "best_hyperparameters": {
    "C": 10,
    "gamma": "scale",
    "kernel": "rbf"
  },
  "cv_best_score": 0.9603219696969697,
  "timestamp": "2025-12-12T02:34:14.305656",
  "confusion_matrix": [
    [
      132,
      19
    ],
    [
      6,
      8
    ]
  ]
}