{
  "dataset": "jruby-1.1",
  "balancing_method": "unbalanced",
  "scaler_type": "standard",
  "models": {
    "svm": {
      "F1_Score": 0.6451612903225806,
      "F2_Score": 0.6097560975609756,
      "Exactitud": 0.9251700680272109,
      "Accuracy": 0.9251700680272109,
      "Balanced_Accuracy": 0.7787330316742082,
      "BER": 0.22126696832579185,
      "MCC": 0.6073299977156307,
      "Precision": 0.7142857142857143,
      "Recall": 0.5882352941176471,
      "Sensibilidad": 0.5882352941176471,
      "Especificidad": 0.9692307692307692,
      "Error": 0.07482993197278912,
      "TP_Rate": 0.5882352941176471,
      "FP_Rate": 0.03076923076923077,
      "ROC_AUC": 0.8244343891402716,
      "confusion_matrix": [
        [
          126,
          4
        ],
        [
          7,
          10
        ]
      ]
    },
    "naive_bayes_gaussian": {
      "F1_Score": 0.6470588235294118,
      "F2_Score": 0.6470588235294118,
      "Exactitud": 0.9183673469387755,
      "Accuracy": 0.9183673469387755,
      "Balanced_Accuracy": 0.8004524886877828,
      "BER": 0.19954751131221715,
      "MCC": 0.6009049773755656,
      "Precision": 0.6470588235294118,
      "Recall": 0.6470588235294118,
      "Sensibilidad": 0.6470588235294118,
      "Especificidad": 0.9538461538461539,
      "Error": 0.08163265306122448,
      "TP_Rate": 0.6470588235294118,
      "FP_Rate": 0.046153846153846156,
      "ROC_AUC": 0.8773755656108597,
      "confusion_matrix": [
        [
          124,
          6
        ],
        [
          6,
          11
        ]
      ]
    },
    "decision_tree": {
      "F1_Score": 0.6206896551724138,
      "F2_Score": 0.5625,
      "Exactitud": 0.9251700680272109,
      "Accuracy": 0.9251700680272109,
      "Balanced_Accuracy": 0.7531674208144796,
      "BER": 0.24683257918552037,
      "MCC": 0.5913933577320876,
      "Precision": 0.75,
      "Recall": 0.5294117647058824,
      "Sensibilidad": 0.5294117647058824,
      "Especificidad": 0.9769230769230769,
      "Error": 0.07482993197278912,
      "TP_Rate": 0.5294117647058824,
      "FP_Rate": 0.023076923076923078,
      "ROC_AUC": 0.866289592760181,
      "confusion_matrix": [
        [
          127,
          3
        ],
        [
          8,
          9
        ]
      ]
    }
  },
  "timestamp": "2025-12-11T09:18:18.648039"
}