{
  "dataset": "jruby-1.1",
  "balancing_method": "unbalanced",
  "scaler_type": "standard",
  "models": {
    "svm": {
      "F1_Score": 0.6451612903225806,
      "Exactitud": 0.9251700680272109,
      "Precision": 0.7142857142857143,
      "Recall": 0.5882352941176471,
      "Sensibilidad": 0.5882352941176471,
      "Especificidad": 0.9692307692307692,
      "Error": 0.07482993197278912,
      "TP_Rate": 0.5882352941176471,
      "FP_Rate": 0.03076923076923077,
      "ROC_AUC": 0.82579185520362,
      "confusion_matrix": [
        [
          126,
          4
        ],
        [
          7,
          10
        ]
      ]
    },
    "naive_bayes_gaussian": {
      "F1_Score": 0.6470588235294118,
      "Exactitud": 0.9183673469387755,
      "Precision": 0.6470588235294118,
      "Recall": 0.6470588235294118,
      "Sensibilidad": 0.6470588235294118,
      "Especificidad": 0.9538461538461539,
      "Error": 0.08163265306122448,
      "TP_Rate": 0.6470588235294118,
      "FP_Rate": 0.046153846153846156,
      "ROC_AUC": 0.8773755656108597,
      "confusion_matrix": [
        [
          124,
          6
        ],
        [
          6,
          11
        ]
      ]
    },
    "decision_tree": {
      "F1_Score": 0.6,
      "Exactitud": 0.9183673469387755,
      "Precision": 0.6923076923076923,
      "Recall": 0.5294117647058824,
      "Sensibilidad": 0.5294117647058824,
      "Especificidad": 0.9692307692307692,
      "Error": 0.08163265306122448,
      "TP_Rate": 0.5294117647058824,
      "FP_Rate": 0.03076923076923077,
      "ROC_AUC": 0.7920814479638008,
      "confusion_matrix": [
        [
          126,
          4
        ],
        [
          8,
          9
        ]
      ]
    }
  },
  "timestamp": "2025-11-28T13:34:11.808774"
}