{
  "TP": 9,
  "TN": 126,
  "FP": 4,
  "FN": 8,
  "P": 17,
  "N": 130,
  "Total": 147,
  "Error": 0.08163265306122448,
  "Exactitud": 0.9183673469387755,
  "TP_Rate": 0.5294117647058824,
  "FP_Rate": 0.03076923076923077,
  "Precision": 0.6923076923076923,
  "Recall": 0.5294117647058824,
  "Sensibilidad": 0.5294117647058824,
  "Especificidad": 0.9692307692307692,
  "F1_Score": 0.6,
  "Accuracy_sklearn": 0.9183673469387755,
  "ROC_AUC": 0.7920814479638008,
  "PR_AUC": 0.6508043193967563,
  "classification_report": {
    "No-Buggy": {
      "precision": 0.9402985074626866,
      "recall": 0.9692307692307692,
      "f1-score": 0.9545454545454546,
      "support": 130.0
    },
    "Buggy": {
      "precision": 0.6923076923076923,
      "recall": 0.5294117647058824,
      "f1-score": 0.6,
      "support": 17.0
    },
    "accuracy": 0.9183673469387755,
    "macro avg": {
      "precision": 0.8163030998851895,
      "recall": 0.7493212669683258,
      "f1-score": 0.7772727272727273,
      "support": 147.0
    },
    "weighted avg": {
      "precision": 0.9116192975468029,
      "recall": 0.9183673469387755,
      "f1-score": 0.9135435992578849,
      "support": 147.0
    }
  },
  "confusion_matrix": [
    [
      126,
      4
    ],
    [
      8,
      9
    ]
  ],
  "training_time_seconds": 0.005592,
  "best_hyperparameters": {
    "criterion": "gini",
    "max_depth": 10,
    "min_samples_leaf": 4,
    "min_samples_split": 10
  },
  "timestamp": "2025-11-28T13:34:11.550812"
}