{
  "TP": 10,
  "TN": 126,
  "FP": 4,
  "FN": 7,
  "P": 17,
  "N": 130,
  "Total": 147,
  "Error": 0.07482993197278912,
  "Exactitud": 0.9251700680272109,
  "TP_Rate": 0.5882352941176471,
  "FP_Rate": 0.03076923076923077,
  "Precision": 0.7142857142857143,
  "Recall": 0.5882352941176471,
  "Sensibilidad": 0.5882352941176471,
  "Especificidad": 0.9692307692307692,
  "F1_Score": 0.6451612903225806,
  "Accuracy_sklearn": 0.9251700680272109,
  "F2_Score": 0.6097560975609756,
  "Balanced_Accuracy": 0.7787330316742082,
  "BER": 0.22126696832579185,
  "MCC": 0.6073299977156307,
  "Accuracy": 0.9251700680272109,
  "ROC_AUC": 0.8244343891402716,
  "PR_AUC": 0.6229963799774946,
  "classification_report": {
    "No-Buggy": {
      "precision": 0.9473684210526315,
      "recall": 0.9692307692307692,
      "f1-score": 0.9581749049429658,
      "support": 130.0
    },
    "Buggy": {
      "precision": 0.7142857142857143,
      "recall": 0.5882352941176471,
      "f1-score": 0.6451612903225806,
      "support": 17.0
    },
    "accuracy": 0.9251700680272109,
    "macro avg": {
      "precision": 0.8308270676691729,
      "recall": 0.7787330316742082,
      "f1-score": 0.8016680976327732,
      "support": 147.0
    },
    "weighted avg": {
      "precision": 0.9204132780931922,
      "recall": 0.9251700680272109,
      "f1-score": 0.9219760515514926,
      "support": 147.0
    }
  },
  "confusion_matrix": [
    [
      126,
      4
    ],
    [
      7,
      10
    ]
  ],
  "training_time_seconds": 0.006031,
  "best_hyperparameters": {
    "C": 1,
    "gamma": 0.001,
    "kernel": "linear"
  },
  "timestamp": "2025-12-11T09:18:17.935173"
}