{
  "TP": 34,
  "TN": 425,
  "FP": 39,
  "FN": 43,
  "P": 77,
  "N": 464,
  "Total": 541,
  "Error": 0.15157116451016636,
  "Exactitud": 0.8484288354898336,
  "TP_Rate": 0.44155844155844154,
  "FP_Rate": 0.08405172413793104,
  "Precision": 0.4657534246575342,
  "Recall": 0.44155844155844154,
  "Sensibilidad": 0.44155844155844154,
  "Especificidad": 0.915948275862069,
  "F1_Score": 0.4533333333333333,
  "Accuracy_sklearn": 0.8484288354898336,
  "best_hyperparameters": {
    "var_smoothing": 1e-09
  },
  "cv_best_score": 0.4187308868501529,
  "timestamp": "2025-12-12T02:14:43.526161",
  "confusion_matrix": [
    [
      425,
      39
    ],
    [
      43,
      34
    ]
  ]
}