{
  "TP": 2,
  "TN": 130,
  "FP": 0,
  "FN": 15,
  "P": 17,
  "N": 130,
  "Total": 147,
  "Error": 0.10204081632653061,
  "Exactitud": 0.8979591836734694,
  "TP_Rate": 0.11764705882352941,
  "FP_Rate": 0.0,
  "Precision": 1.0,
  "Recall": 0.11764705882352941,
  "Sensibilidad": 0.11764705882352941,
  "Especificidad": 1.0,
  "F1_Score": 0.21052631578947367,
  "Accuracy_sklearn": 0.8979591836734694,
  "best_hyperparameters": {
    "var_smoothing": 1e-09
  },
  "cv_best_score": 0.04285714285714286,
  "timestamp": "2025-12-12T02:21:58.702575",
  "confusion_matrix": [
    [
      130,
      0
    ],
    [
      15,
      2
    ]
  ]
}