{
  "TP": 40,
  "TN": 47,
  "FP": 121,
  "FN": 4,
  "P": 44,
  "N": 168,
  "Total": 212,
  "Error": 0.589622641509434,
  "Exactitud": 0.41037735849056606,
  "TP_Rate": 0.9090909090909091,
  "FP_Rate": 0.7202380952380952,
  "Precision": 0.2484472049689441,
  "Recall": 0.9090909090909091,
  "Sensibilidad": 0.9090909090909091,
  "Especificidad": 0.27976190476190477,
  "F1_Score": 0.3902439024390244,
  "Accuracy_sklearn": 0.41037735849056606,
  "best_hyperparameters": {
    "C": 0.1,
    "gamma": 0.1,
    "kernel": "rbf"
  },
  "cv_best_score": 0.9552048726467331,
  "timestamp": "2025-12-12T02:18:03.128278",
  "confusion_matrix": [
    [
      47,
      121
    ],
    [
      4,
      40
    ]
  ]
}