{
  "TP": 10,
  "TN": 126,
  "FP": 4,
  "FN": 7,
  "P": 17,
  "N": 130,
  "Total": 147,
  "Error": 0.07482993197278912,
  "Exactitud": 0.9251700680272109,
  "TP_Rate": 0.5882352941176471,
  "FP_Rate": 0.03076923076923077,
  "Precision": 0.7142857142857143,
  "Recall": 0.5882352941176471,
  "Sensibilidad": 0.5882352941176471,
  "Especificidad": 0.9692307692307692,
  "F1_Score": 0.6451612903225806,
  "Accuracy_sklearn": 0.9251700680272109,
  "best_hyperparameters": {
    "C": 1,
    "gamma": 0.001,
    "kernel": "linear"
  },
  "cv_best_score": 0.5142857142857143,
  "timestamp": "2025-12-12T02:21:58.677926",
  "confusion_matrix": [
    [
      126,
      4
    ],
    [
      7,
      10
    ]
  ]
}