{
  "TP": 6,
  "TN": 224,
  "FP": 3,
  "FN": 51,
  "P": 57,
  "N": 227,
  "Total": 284,
  "Error": 0.19014084507042253,
  "Exactitud": 0.8098591549295775,
  "TP_Rate": 0.10526315789473684,
  "FP_Rate": 0.013215859030837005,
  "Precision": 0.6666666666666666,
  "Recall": 0.10526315789473684,
  "Sensibilidad": 0.10526315789473684,
  "Especificidad": 0.986784140969163,
  "F1_Score": 0.18181818181818182,
  "Accuracy_sklearn": 0.8098591549295775,
  "best_hyperparameters": {
    "var_smoothing": 1e-09
  },
  "cv_best_score": 0.12208646616541355,
  "timestamp": "2025-12-12T02:37:50.381690",
  "confusion_matrix": [
    [
      224,
      3
    ],
    [
      51,
      6
    ]
  ]
}