{
  "TP": 43,
  "TN": 2,
  "FP": 166,
  "FN": 1,
  "P": 44,
  "N": 168,
  "Total": 212,
  "Error": 0.7877358490566038,
  "Exactitud": 0.21226415094339623,
  "TP_Rate": 0.9772727272727273,
  "FP_Rate": 0.9880952380952381,
  "Precision": 0.20574162679425836,
  "Recall": 0.9772727272727273,
  "Sensibilidad": 0.9772727272727273,
  "Especificidad": 0.011904761904761904,
  "F1_Score": 0.33992094861660077,
  "Accuracy_sklearn": 0.21226415094339623,
  "best_hyperparameters": {
    "var_smoothing": 1e-09
  },
  "cv_best_score": 0.9071428571428571,
  "timestamp": "2025-12-12T02:18:03.078742",
  "confusion_matrix": [
    [
      2,
      166
    ],
    [
      1,
      43
    ]
  ]
}