{
  "best_params": {
    "criterion": "entropy",
    "max_depth": 20,
    "min_samples_leaf": 1,
    "min_samples_split": 5
  },
  "best_cv_score": 0.855518122768604,
  "test_metrics": {
    "accuracy": 0.7985212569316081,
    "precision": 0.3709677419354839,
    "recall": 0.5974025974025974,
    "f1_score": 0.4577114427860697,
    "f2_score": 0.5324074074074074
  },
  "timestamp": "2025-12-11T09:13:11.788686",
  "confusion_matrix": [
    [
      386,
      78
    ],
    [
      31,
      46
    ]
  ],
  "labels": [
    0,
    1
  ]
}