{
  "best_params": {
    "criterion": "entropy",
    "max_depth": 20,
    "min_samples_leaf": 2,
    "min_samples_split": 2
  },
  "best_cv_score": 0.8163694225721785,
  "test_metrics": {
    "accuracy": 0.7966728280961183,
    "precision": 0.3486238532110092,
    "recall": 0.4935064935064935,
    "f1_score": 0.40860215053763443
  },
  "timestamp": "2025-11-27T19:56:49.461434"
}