{
  "best_params": {
    "criterion": "entropy",
    "max_depth": 10,
    "min_samples_leaf": 1,
    "min_samples_split": 2
  },
  "best_cv_score": 0.831858520570432,
  "test_metrics": {
    "accuracy": 0.7707948243992606,
    "precision": 0.32592592592592595,
    "recall": 0.5714285714285714,
    "f1_score": 0.41509433962264153
  },
  "timestamp": "2025-11-28T13:30:02.144766"
}