{
  "best_params": {
    "var_smoothing": 1e-09
  },
  "best_cv_score": 0.06829793223894619,
  "test_metrics": {
    "accuracy": 0.8521256931608133,
    "precision": 0.36363636363636365,
    "recall": 0.05194805194805195,
    "f1_score": 0.09090909090909091
  },
  "timestamp": "2025-11-27T19:31:12.010258"
}