{
  "best_params": {
    "var_smoothing": 1e-09
  },
  "best_cv_score": 0.03143900781515461,
  "test_metrics": {
    "accuracy": 0.8521256931608133,
    "precision": 0.36363636363636365,
    "recall": 0.05194805194805195,
    "f1_score": 0.09090909090909091
  },
  "timestamp": "2025-12-12T02:14:01.697108",
  "cv_folds": 10,
  "n_combinations_tested": 6,
  "total_fits": 60,
  "time_seconds": 2.84219,
  "dataset_info": {
    "n_samples": 2164,
    "n_features": 65
  }
}