{
  "best_params": {
    "var_smoothing": 1e-09
  },
  "best_cv_score": 0.03882906749026331,
  "test_metrics": {
    "accuracy": 0.8521256931608133,
    "precision": 0.36363636363636365,
    "recall": 0.05194805194805195,
    "f1_score": 0.09090909090909091,
    "f2_score": 0.06269592476489028
  },
  "timestamp": "2025-12-11T09:13:05.349004",
  "confusion_matrix": [
    [
      457,
      7
    ],
    [
      73,
      4
    ]
  ],
  "labels": [
    0,
    1
  ]
}