{
  "best_params": {
    "C": 10,
    "gamma": 0.1,
    "kernel": "rbf"
  },
  "best_cv_score": 0.9021570799134025,
  "test_metrics": {
    "accuracy": 0.66728280961183,
    "precision": 0.2626728110599078,
    "recall": 0.7402597402597403,
    "f1_score": 0.3877551020408163,
    "f2_score": 0.5428571428571428
  },
  "timestamp": "2025-12-11T09:13:12.420037",
  "confusion_matrix": [
    [
      304,
      160
    ],
    [
      20,
      57
    ]
  ],
  "labels": [
    0,
    1
  ]
}