{
  "best_params": {
    "C": 10,
    "gamma": 0.1,
    "kernel": "rbf"
  },
  "best_cv_score": 0.9519028202514439,
  "test_metrics": {
    "accuracy": 0.66728280961183,
    "precision": 0.2626728110599078,
    "recall": 0.7402597402597403,
    "f1_score": 0.3877551020408163
  },
  "timestamp": "2025-12-12T02:14:42.791518",
  "cv_folds": 10,
  "n_combinations_tested": 72,
  "total_fits": 720,
  "time_seconds": 43.937908,
  "dataset_info": {
    "n_samples": 2164,
    "n_features": 65
  }
}