{
  "best_params": {
    "C": 10,
    "gamma": 0.1,
    "kernel": "rbf"
  },
  "best_cv_score": 0.9436493279983584,
  "test_metrics": {
    "accuracy": 0.66728280961183,
    "precision": 0.2626728110599078,
    "recall": 0.7402597402597403,
    "f1_score": 0.3877551020408163
  },
  "timestamp": "2025-11-28T13:30:02.423455"
}