{
  "best_params": {
    "C": 100,
    "gamma": "auto",
    "kernel": "rbf"
  },
  "best_cv_score": 0.8419411422330586,
  "test_metrics": {
    "accuracy": 0.767097966728281,
    "precision": 0.33774834437086093,
    "recall": 0.6623376623376623,
    "f1_score": 0.4473684210526316
  },
  "timestamp": "2025-11-27T19:31:13.955367"
}