{
  "best_params": {
    "var_smoothing": 1e-09
  },
  "best_cv_score": 0.6573563218390805,
  "test_metrics": {
    "accuracy": 0.8979591836734694,
    "precision": 0.55,
    "recall": 0.6470588235294118,
    "f1_score": 0.5945945945945946
  },
  "timestamp": "2025-12-12T02:38:49.365679",
  "cv_folds": 10,
  "n_combinations_tested": 6,
  "total_fits": 60,
  "time_seconds": 2.636809,
  "dataset_info": {
    "n_samples": 584,
    "n_features": 20
  }
}