{
  "best_params": {
    "C": 100,
    "gamma": 1,
    "kernel": "rbf"
  },
  "best_cv_score": 0.9829885057471264,
  "test_metrics": {
    "accuracy": 0.8775510204081632,
    "precision": 0.4827586206896552,
    "recall": 0.8235294117647058,
    "f1_score": 0.6086956521739131
  },
  "timestamp": "2025-12-12T02:38:53.125848",
  "cv_folds": 10,
  "n_combinations_tested": 72,
  "total_fits": 720,
  "time_seconds": 6.397658,
  "dataset_info": {
    "n_samples": 584,
    "n_features": 20
  }
}