{
  "dataset": "wicket-1.3.0-beta2",
  "balancing_method": "csbboost",
  "scaler_type": "standard",
  "models": {
    "svm": {
      "F1_Score": 0.14689265536723164,
      "Exactitud": 0.14447592067988668,
      "Precision": 0.07926829268292683,
      "Recall": 1.0,
      "Sensibilidad": 1.0,
      "Especificidad": 0.0764525993883792,
      "Error": 0.8555240793201133,
      "TP_Rate": 1.0,
      "FP_Rate": 0.9235474006116208,
      "ROC_AUC": 0.7277111267936957,
      "confusion_matrix": [
        [
          25,
          302
        ],
        [
          0,
          26
        ]
      ]
    },
    "naive_bayes_gaussian": {
      "F1_Score": 0.3125,
      "Exactitud": 0.8753541076487252,
      "Precision": 0.2631578947368421,
      "Recall": 0.38461538461538464,
      "Sensibilidad": 0.38461538461538464,
      "Especificidad": 0.9143730886850153,
      "Error": 0.12464589235127478,
      "TP_Rate": 0.38461538461538464,
      "FP_Rate": 0.0856269113149847,
      "ROC_AUC": 0.7749353093389791,
      "confusion_matrix": [
        [
          299,
          28
        ],
        [
          16,
          10
        ]
      ]
    },
    "decision_tree": {
      "F1_Score": 0.23880597014925373,
      "Exactitud": 0.8555240793201133,
      "Precision": 0.1951219512195122,
      "Recall": 0.3076923076923077,
      "Sensibilidad": 0.3076923076923077,
      "Especificidad": 0.8990825688073395,
      "Error": 0.14447592067988668,
      "TP_Rate": 0.3076923076923077,
      "FP_Rate": 0.10091743119266056,
      "ROC_AUC": 0.6033874382498235,
      "confusion_matrix": [
        [
          294,
          33
        ],
        [
          18,
          8
        ]
      ]
    }
  },
  "timestamp": "2025-11-28T13:35:18.716195"
}