{
  "dataset": "wicket-1.3.0-beta2",
  "balancing_method": "csbboost",
  "scaler_type": "standard",
  "models": {
    "svm": {
      "F1_Score": 0.3389830508474576,
      "F2_Score": 0.36496350364963503,
      "Exactitud": 0.8895184135977338,
      "Accuracy": 0.8895184135977338,
      "Balanced_Accuracy": 0.6571394965890379,
      "BER": 0.3428605034109621,
      "MCC": 0.2819966469302553,
      "Precision": 0.30303030303030304,
      "Recall": 0.38461538461538464,
      "Sensibilidad": 0.38461538461538464,
      "Especificidad": 0.9296636085626911,
      "Error": 0.11048158640226628,
      "TP_Rate": 0.38461538461538464,
      "FP_Rate": 0.07033639143730887,
      "ROC_AUC": 0.7301223241590213,
      "confusion_matrix": [
        [
          304,
          23
        ],
        [
          16,
          10
        ]
      ]
    },
    "naive_bayes_gaussian": {
      "F1_Score": 0.3125,
      "F2_Score": 0.352112676056338,
      "Exactitud": 0.8753541076487252,
      "Accuracy": 0.8753541076487252,
      "Balanced_Accuracy": 0.6494942366502,
      "BER": 0.3505057633498,
      "MCC": 0.25198107286097593,
      "Precision": 0.2631578947368421,
      "Recall": 0.38461538461538464,
      "Sensibilidad": 0.38461538461538464,
      "Especificidad": 0.9143730886850153,
      "Error": 0.12464589235127478,
      "TP_Rate": 0.38461538461538464,
      "FP_Rate": 0.0856269113149847,
      "ROC_AUC": 0.7749353093389791,
      "confusion_matrix": [
        [
          299,
          28
        ],
        [
          16,
          10
        ]
      ]
    },
    "decision_tree": {
      "F1_Score": 0.23529411764705882,
      "F2_Score": 0.273972602739726,
      "Exactitud": 0.8526912181303116,
      "Accuracy": 0.8526912181303116,
      "Balanced_Accuracy": 0.601858386262056,
      "BER": 0.398141613737944,
      "MCC": 0.16435483989996305,
      "Precision": 0.19047619047619047,
      "Recall": 0.3076923076923077,
      "Sensibilidad": 0.3076923076923077,
      "Especificidad": 0.8960244648318043,
      "Error": 0.14730878186968838,
      "TP_Rate": 0.3076923076923077,
      "FP_Rate": 0.10397553516819572,
      "ROC_AUC": 0.6170900964478946,
      "confusion_matrix": [
        [
          293,
          34
        ],
        [
          18,
          8
        ]
      ]
    }
  },
  "timestamp": "2025-12-11T09:19:51.102960"
}