{
  "TP": 8,
  "TN": 294,
  "FP": 33,
  "FN": 18,
  "P": 26,
  "N": 327,
  "Total": 353,
  "Error": 0.14447592067988668,
  "Exactitud": 0.8555240793201133,
  "TP_Rate": 0.3076923076923077,
  "FP_Rate": 0.10091743119266056,
  "Precision": 0.1951219512195122,
  "Recall": 0.3076923076923077,
  "Sensibilidad": 0.3076923076923077,
  "Especificidad": 0.8990825688073395,
  "F1_Score": 0.23880597014925373,
  "Accuracy_sklearn": 0.8555240793201133,
  "ROC_AUC": 0.6033874382498235,
  "PR_AUC": 0.27690288016412523,
  "classification_report": {
    "No-Buggy": {
      "precision": 0.9423076923076923,
      "recall": 0.8990825688073395,
      "f1-score": 0.92018779342723,
      "support": 327.0
    },
    "Buggy": {
      "precision": 0.1951219512195122,
      "recall": 0.3076923076923077,
      "f1-score": 0.23880597014925373,
      "support": 26.0
    },
    "accuracy": 0.8555240793201133,
    "macro avg": {
      "precision": 0.5687148217636022,
      "recall": 0.6033874382498237,
      "f1-score": 0.5794968817882419,
      "support": 353.0
    },
    "weighted avg": {
      "precision": 0.8872741816326422,
      "recall": 0.8555240793201133,
      "f1-score": 0.870001030239617,
      "support": 353.0
    }
  },
  "confusion_matrix": [
    [
      294,
      33
    ],
    [
      18,
      8
    ]
  ],
  "training_time_seconds": 0.021228,
  "best_hyperparameters": {
    "criterion": "entropy",
    "max_depth": 20,
    "min_samples_leaf": 1,
    "min_samples_split": 2
  },
  "timestamp": "2025-11-28T13:35:18.459608"
}