{
  "TP": 8,
  "TN": 293,
  "FP": 34,
  "FN": 18,
  "P": 26,
  "N": 327,
  "Total": 353,
  "Error": 0.14730878186968838,
  "Exactitud": 0.8526912181303116,
  "TP_Rate": 0.3076923076923077,
  "FP_Rate": 0.10397553516819572,
  "Precision": 0.19047619047619047,
  "Recall": 0.3076923076923077,
  "Sensibilidad": 0.3076923076923077,
  "Especificidad": 0.8960244648318043,
  "F1_Score": 0.23529411764705882,
  "Accuracy_sklearn": 0.8526912181303116,
  "F2_Score": 0.273972602739726,
  "Balanced_Accuracy": 0.601858386262056,
  "BER": 0.398141613737944,
  "MCC": 0.16435483989996305,
  "Accuracy": 0.8526912181303116,
  "ROC_AUC": 0.6170900964478946,
  "PR_AUC": 0.24877276392440534,
  "classification_report": {
    "No-Buggy": {
      "precision": 0.9421221864951769,
      "recall": 0.8960244648318043,
      "f1-score": 0.9184952978056427,
      "support": 327.0
    },
    "Buggy": {
      "precision": 0.19047619047619047,
      "recall": 0.3076923076923077,
      "f1-score": 0.23529411764705882,
      "support": 26.0
    },
    "accuracy": 0.8526912181303116,
    "macro avg": {
      "precision": 0.5662991884856836,
      "recall": 0.601858386262056,
      "f1-score": 0.5768947077263508,
      "support": 353.0
    },
    "weighted avg": {
      "precision": 0.8867601584597841,
      "recall": 0.8526912181303116,
      "f1-score": 0.8681745309950953,
      "support": 353.0
    }
  },
  "confusion_matrix": [
    [
      293,
      34
    ],
    [
      18,
      8
    ]
  ],
  "training_time_seconds": 0.024918,
  "best_hyperparameters": {
    "criterion": "gini",
    "max_depth": 10,
    "min_samples_leaf": 1,
    "min_samples_split": 2
  },
  "timestamp": "2025-12-11T09:19:50.875664"
}