{
  "TP": 10,
  "TN": 304,
  "FP": 23,
  "FN": 16,
  "P": 26,
  "N": 327,
  "Total": 353,
  "Error": 0.11048158640226628,
  "Exactitud": 0.8895184135977338,
  "TP_Rate": 0.38461538461538464,
  "FP_Rate": 0.07033639143730887,
  "Precision": 0.30303030303030304,
  "Recall": 0.38461538461538464,
  "Sensibilidad": 0.38461538461538464,
  "Especificidad": 0.9296636085626911,
  "F1_Score": 0.3389830508474576,
  "Accuracy_sklearn": 0.8895184135977338,
  "F2_Score": 0.36496350364963503,
  "Balanced_Accuracy": 0.6571394965890379,
  "BER": 0.3428605034109621,
  "MCC": 0.2819966469302553,
  "Accuracy": 0.8895184135977338,
  "ROC_AUC": 0.7301223241590213,
  "PR_AUC": 0.19873447452873275,
  "classification_report": {
    "No-Buggy": {
      "precision": 0.95,
      "recall": 0.9296636085626911,
      "f1-score": 0.9397217928902627,
      "support": 327.0
    },
    "Buggy": {
      "precision": 0.30303030303030304,
      "recall": 0.38461538461538464,
      "f1-score": 0.3389830508474576,
      "support": 26.0
    },
    "accuracy": 0.8895184135977338,
    "macro avg": {
      "precision": 0.6265151515151515,
      "recall": 0.6571394965890379,
      "f1-score": 0.6393524218688602,
      "support": 353.0
    },
    "weighted avg": {
      "precision": 0.9023478410163962,
      "recall": 0.8895184135977338,
      "f1-score": 0.8954747467341354,
      "support": 353.0
    }
  },
  "confusion_matrix": [
    [
      304,
      23
    ],
    [
      16,
      10
    ]
  ],
  "training_time_seconds": 0.022468,
  "best_hyperparameters": {
    "C": 1000,
    "gamma": "scale",
    "kernel": "rbf"
  },
  "timestamp": "2025-12-11T09:19:50.360010"
}