{
  "TP": 26,
  "TN": 25,
  "FP": 302,
  "FN": 0,
  "P": 26,
  "N": 327,
  "Total": 353,
  "Error": 0.8555240793201133,
  "Exactitud": 0.14447592067988668,
  "TP_Rate": 1.0,
  "FP_Rate": 0.9235474006116208,
  "Precision": 0.07926829268292683,
  "Recall": 1.0,
  "Sensibilidad": 1.0,
  "Especificidad": 0.0764525993883792,
  "F1_Score": 0.14689265536723164,
  "Accuracy_sklearn": 0.14447592067988668,
  "ROC_AUC": 0.7277111267936957,
  "PR_AUC": 0.14503948966231367,
  "classification_report": {
    "No-Buggy": {
      "precision": 1.0,
      "recall": 0.0764525993883792,
      "f1-score": 0.14204545454545456,
      "support": 327.0
    },
    "Buggy": {
      "precision": 0.07926829268292683,
      "recall": 1.0,
      "f1-score": 0.14689265536723164,
      "support": 26.0
    },
    "accuracy": 0.14447592067988668,
    "macro avg": {
      "precision": 0.5396341463414634,
      "recall": 0.5382262996941896,
      "f1-score": 0.1444690549563431,
      "support": 353.0
    },
    "weighted avg": {
      "precision": 0.9321840668831618,
      "recall": 0.14447592067988668,
      "f1-score": 0.1424024721697214,
      "support": 353.0
    }
  },
  "confusion_matrix": [
    [
      25,
      302
    ],
    [
      0,
      26
    ]
  ],
  "training_time_seconds": 0.032255,
  "best_hyperparameters": {
    "C": 0.01,
    "gamma": 1,
    "kernel": "rbf"
  },
  "timestamp": "2025-11-28T13:35:17.881475"
}