{
  "dataset": "derby-10.5.1.1",
  "balancing_method": "hcbou",
  "scaler_type": "robust",
  "models": {
    "svm": {
      "F1_Score": 0.37209302325581395,
      "F2_Score": 0.5263157894736842,
      "Exactitud": 0.6506469500924215,
      "Accuracy": 0.6506469500924215,
      "Balanced_Accuracy": 0.682601880877743,
      "BER": 0.317398119122257,
      "MCC": 0.2590514066753845,
      "Precision": 0.25,
      "Recall": 0.7272727272727273,
      "Sensibilidad": 0.7272727272727273,
      "Especificidad": 0.6379310344827587,
      "Error": 0.34935304990757854,
      "TP_Rate": 0.7272727272727273,
      "FP_Rate": 0.3620689655172414,
      "ROC_AUC": 0.7353616211374832,
      "confusion_matrix": [
        [
          296,
          168
        ],
        [
          21,
          56
        ]
      ]
    },
    "naive_bayes_gaussian": {
      "F1_Score": 0.07142857142857142,
      "F2_Score": 0.047619047619047616,
      "Exactitud": 0.8558225508317929,
      "Accuracy": 0.8558225508317929,
      "Balanced_Accuracy": 0.5151701746529332,
      "BER": 0.48482982534706676,
      "MCC": 0.09380052752535066,
      "Precision": 0.42857142857142855,
      "Recall": 0.03896103896103896,
      "Sensibilidad": 0.03896103896103896,
      "Especificidad": 0.9913793103448276,
      "Error": 0.14417744916820702,
      "TP_Rate": 0.03896103896103896,
      "FP_Rate": 0.008620689655172414,
      "ROC_AUC": 0.7956224809673085,
      "confusion_matrix": [
        [
          460,
          4
        ],
        [
          74,
          3
        ]
      ]
    },
    "decision_tree": {
      "F1_Score": 0.35833333333333334,
      "F2_Score": 0.4564755838641189,
      "Exactitud": 0.7153419593345656,
      "Accuracy": 0.7153419593345656,
      "Balanced_Accuracy": 0.649910434393193,
      "BER": 0.35008956560680704,
      "MCC": 0.2283108279696886,
      "Precision": 0.26380368098159507,
      "Recall": 0.5584415584415584,
      "Sensibilidad": 0.5584415584415584,
      "Especificidad": 0.7413793103448276,
      "Error": 0.2846580406654344,
      "TP_Rate": 0.5584415584415584,
      "FP_Rate": 0.25862068965517243,
      "ROC_AUC": 0.6499104343931932,
      "confusion_matrix": [
        [
          344,
          120
        ],
        [
          34,
          43
        ]
      ]
    }
  },
  "timestamp": "2025-12-11T09:13:18.724403"
}