{
  "dataset": "derby-10.5.1.1",
  "balancing_method": "hcbou",
  "scaler_type": "robust",
  "models": {
    "svm": {
      "F1_Score": 0.3184713375796178,
      "Exactitud": 0.4066543438077634,
      "Precision": 0.19035532994923857,
      "Recall": 0.974025974025974,
      "Sensibilidad": 0.974025974025974,
      "Especificidad": 0.3125,
      "Error": 0.5933456561922366,
      "TP_Rate": 0.974025974025974,
      "FP_Rate": 0.6875,
      "ROC_AUC": 0.7247676892073444,
      "confusion_matrix": [
        [
          145,
          319
        ],
        [
          2,
          75
        ]
      ]
    },
    "naive_bayes_gaussian": {
      "F1_Score": 0.07142857142857142,
      "Exactitud": 0.8558225508317929,
      "Precision": 0.42857142857142855,
      "Recall": 0.03896103896103896,
      "Sensibilidad": 0.03896103896103896,
      "Especificidad": 0.9913793103448276,
      "Error": 0.14417744916820702,
      "TP_Rate": 0.03896103896103896,
      "FP_Rate": 0.008620689655172414,
      "ROC_AUC": 0.7956224809673085,
      "confusion_matrix": [
        [
          460,
          4
        ],
        [
          74,
          3
        ]
      ]
    },
    "decision_tree": {
      "F1_Score": 0.44537815126050423,
      "Exactitud": 0.756007393715342,
      "Precision": 0.32919254658385094,
      "Recall": 0.6883116883116883,
      "Sensibilidad": 0.6883116883116883,
      "Especificidad": 0.7672413793103449,
      "Error": 0.24399260628465805,
      "TP_Rate": 0.6883116883116883,
      "FP_Rate": 0.23275862068965517,
      "ROC_AUC": 0.7610977384684282,
      "confusion_matrix": [
        [
          356,
          108
        ],
        [
          24,
          53
        ]
      ]
    }
  },
  "timestamp": "2025-11-28T13:30:09.316961"
}