{
  "dataset": "derby-10.5.1.1",
  "balancing_method": "hcbou",
  "scaler_type": "robust",
  "models": {
    "svm": {
      "F1_Score": 0.3983402489626556,
      "Exactitud": 0.7319778188539742,
      "Precision": 0.2926829268292683,
      "Recall": 0.6233766233766234,
      "Sensibilidad": 0.6233766233766234,
      "Especificidad": 0.75,
      "Error": 0.2680221811460259,
      "TP_Rate": 0.6233766233766234,
      "FP_Rate": 0.25,
      "ROC_AUC": 0.7201074787281684,
      "confusion_matrix": [
        [
          348,
          116
        ],
        [
          29,
          48
        ]
      ]
    },
    "naive_bayes_gaussian": {
      "F1_Score": 0.07142857142857142,
      "Exactitud": 0.8558225508317929,
      "Precision": 0.42857142857142855,
      "Recall": 0.03896103896103896,
      "Sensibilidad": 0.03896103896103896,
      "Especificidad": 0.9913793103448276,
      "Error": 0.14417744916820702,
      "TP_Rate": 0.03896103896103896,
      "FP_Rate": 0.008620689655172414,
      "ROC_AUC": 0.7956224809673085,
      "confusion_matrix": [
        [
          460,
          4
        ],
        [
          74,
          3
        ]
      ]
    },
    "decision_tree": {
      "F1_Score": 0.36199095022624433,
      "Exactitud": 0.7393715341959335,
      "Precision": 0.2777777777777778,
      "Recall": 0.5194805194805194,
      "Sensibilidad": 0.5194805194805194,
      "Especificidad": 0.7758620689655172,
      "Error": 0.26062846580406657,
      "TP_Rate": 0.5194805194805194,
      "FP_Rate": 0.22413793103448276,
      "ROC_AUC": 0.6690830721003134,
      "confusion_matrix": [
        [
          360,
          104
        ],
        [
          37,
          40
        ]
      ]
    }
  },
  "timestamp": "2025-11-27T19:56:56.396932"
}