{
  "TP": 53,
  "TN": 356,
  "FP": 108,
  "FN": 24,
  "P": 77,
  "N": 464,
  "Total": 541,
  "Error": 0.24399260628465805,
  "Exactitud": 0.756007393715342,
  "TP_Rate": 0.6883116883116883,
  "FP_Rate": 0.23275862068965517,
  "Precision": 0.32919254658385094,
  "Recall": 0.6883116883116883,
  "Sensibilidad": 0.6883116883116883,
  "Especificidad": 0.7672413793103449,
  "F1_Score": 0.44537815126050423,
  "Accuracy_sklearn": 0.756007393715342,
  "ROC_AUC": 0.7610977384684282,
  "PR_AUC": 0.38867022084426217,
  "classification_report": {
    "No-Buggy": {
      "precision": 0.9368421052631579,
      "recall": 0.7672413793103449,
      "f1-score": 0.8436018957345972,
      "support": 464.0
    },
    "Buggy": {
      "precision": 0.32919254658385094,
      "recall": 0.6883116883116883,
      "f1-score": 0.44537815126050423,
      "support": 77.0
    },
    "accuracy": 0.756007393715342,
    "macro avg": {
      "precision": 0.6330173259235045,
      "recall": 0.7277765338110166,
      "f1-score": 0.6444900234975507,
      "support": 541.0
    },
    "weighted avg": {
      "precision": 0.8503559388707241,
      "recall": 0.756007393715342,
      "f1-score": 0.7869231003103733,
      "support": 541.0
    }
  },
  "confusion_matrix": [
    [
      356,
      108
    ],
    [
      24,
      53
    ]
  ],
  "training_time_seconds": 0.01662,
  "best_hyperparameters": {
    "criterion": "gini",
    "max_depth": 5,
    "min_samples_leaf": 1,
    "min_samples_split": 10
  },
  "timestamp": "2025-11-28T13:30:09.052963"
}