{
  "TP": 43,
  "TN": 344,
  "FP": 120,
  "FN": 34,
  "P": 77,
  "N": 464,
  "Total": 541,
  "Error": 0.2846580406654344,
  "Exactitud": 0.7153419593345656,
  "TP_Rate": 0.5584415584415584,
  "FP_Rate": 0.25862068965517243,
  "Precision": 0.26380368098159507,
  "Recall": 0.5584415584415584,
  "Sensibilidad": 0.5584415584415584,
  "Especificidad": 0.7413793103448276,
  "F1_Score": 0.35833333333333334,
  "Accuracy_sklearn": 0.7153419593345656,
  "F2_Score": 0.4564755838641189,
  "Balanced_Accuracy": 0.649910434393193,
  "BER": 0.35008956560680704,
  "MCC": 0.2283108279696886,
  "Accuracy": 0.7153419593345656,
  "ROC_AUC": 0.6499104343931932,
  "PR_AUC": 0.44254590991490395,
  "classification_report": {
    "No-Buggy": {
      "precision": 0.91005291005291,
      "recall": 0.7413793103448276,
      "f1-score": 0.8171021377672208,
      "support": 464.0
    },
    "Buggy": {
      "precision": 0.26380368098159507,
      "recall": 0.5584415584415584,
      "f1-score": 0.35833333333333334,
      "support": 77.0
    },
    "accuracy": 0.7153419593345656,
    "macro avg": {
      "precision": 0.5869282955172526,
      "recall": 0.649910434393193,
      "f1-score": 0.5877177355502771,
      "support": 541.0
    },
    "weighted avg": {
      "precision": 0.818072890388416,
      "recall": 0.7153419593345656,
      "f1-score": 0.7518060232729338,
      "support": 541.0
    }
  },
  "confusion_matrix": [
    [
      344,
      120
    ],
    [
      34,
      43
    ]
  ],
  "training_time_seconds": 0.034246,
  "best_hyperparameters": {
    "criterion": "gini",
    "max_depth": 20,
    "min_samples_leaf": 1,
    "min_samples_split": 2
  },
  "timestamp": "2025-12-11T09:13:18.502407"
}