{
  "TP": 3,
  "TN": 460,
  "FP": 4,
  "FN": 74,
  "P": 77,
  "N": 464,
  "Total": 541,
  "Error": 0.14417744916820702,
  "Exactitud": 0.8558225508317929,
  "TP_Rate": 0.03896103896103896,
  "FP_Rate": 0.008620689655172414,
  "Precision": 0.42857142857142855,
  "Recall": 0.03896103896103896,
  "Sensibilidad": 0.03896103896103896,
  "Especificidad": 0.9913793103448276,
  "F1_Score": 0.07142857142857142,
  "Accuracy_sklearn": 0.8558225508317929,
  "ROC_AUC": 0.7956224809673085,
  "PR_AUC": 0.37504116828166995,
  "classification_report": {
    "No-Buggy": {
      "precision": 0.8614232209737828,
      "recall": 0.9913793103448276,
      "f1-score": 0.9218436873747495,
      "support": 464.0
    },
    "Buggy": {
      "precision": 0.42857142857142855,
      "recall": 0.03896103896103896,
      "f1-score": 0.07142857142857142,
      "support": 77.0
    },
    "accuracy": 0.8558225508317929,
    "macro avg": {
      "precision": 0.6449973247726056,
      "recall": 0.5151701746529332,
      "f1-score": 0.49663612940166046,
      "support": 541.0
    },
    "weighted avg": {
      "precision": 0.7998158494118951,
      "recall": 0.8558225508317929,
      "f1-score": 0.8008049370459959,
      "support": 541.0
    }
  },
  "confusion_matrix": [
    [
      460,
      4
    ],
    [
      74,
      3
    ]
  ],
  "training_time_seconds": 0.001025,
  "best_hyperparameters": {
    "var_smoothing": 1e-09
  },
  "timestamp": "2025-11-27T19:56:55.833419"
}