{
  "TP": 56,
  "TN": 296,
  "FP": 168,
  "FN": 21,
  "P": 77,
  "N": 464,
  "Total": 541,
  "Error": 0.34935304990757854,
  "Exactitud": 0.6506469500924215,
  "TP_Rate": 0.7272727272727273,
  "FP_Rate": 0.3620689655172414,
  "Precision": 0.25,
  "Recall": 0.7272727272727273,
  "Sensibilidad": 0.7272727272727273,
  "Especificidad": 0.6379310344827587,
  "F1_Score": 0.37209302325581395,
  "Accuracy_sklearn": 0.6506469500924215,
  "F2_Score": 0.5263157894736842,
  "Balanced_Accuracy": 0.682601880877743,
  "BER": 0.317398119122257,
  "MCC": 0.2590514066753845,
  "Accuracy": 0.6506469500924215,
  "ROC_AUC": 0.7353616211374832,
  "PR_AUC": 0.24527566746216095,
  "classification_report": {
    "No-Buggy": {
      "precision": 0.9337539432176656,
      "recall": 0.6379310344827587,
      "f1-score": 0.7580025608194623,
      "support": 464.0
    },
    "Buggy": {
      "precision": 0.25,
      "recall": 0.7272727272727273,
      "f1-score": 0.37209302325581395,
      "support": 77.0
    },
    "accuracy": 0.6506469500924215,
    "macro avg": {
      "precision": 0.5918769716088328,
      "recall": 0.682601880877743,
      "f1-score": 0.5650477920376381,
      "support": 541.0
    },
    "weighted avg": {
      "precision": 0.8364359143308628,
      "recall": 0.6506469500924215,
      "f1-score": 0.7030764344009763,
      "support": 541.0
    }
  },
  "confusion_matrix": [
    [
      296,
      168
    ],
    [
      21,
      56
    ]
  ],
  "training_time_seconds": 0.085055,
  "best_hyperparameters": {
    "C": 10,
    "gamma": 0.1,
    "kernel": "rbf"
  },
  "timestamp": "2025-12-11T09:13:17.995624"
}