{
  "TP": 75,
  "TN": 145,
  "FP": 319,
  "FN": 2,
  "P": 77,
  "N": 464,
  "Total": 541,
  "Error": 0.5933456561922366,
  "Exactitud": 0.4066543438077634,
  "TP_Rate": 0.974025974025974,
  "FP_Rate": 0.6875,
  "Precision": 0.19035532994923857,
  "Recall": 0.974025974025974,
  "Sensibilidad": 0.974025974025974,
  "Especificidad": 0.3125,
  "F1_Score": 0.3184713375796178,
  "Accuracy_sklearn": 0.4066543438077634,
  "ROC_AUC": 0.7247676892073444,
  "PR_AUC": 0.22067315727744172,
  "classification_report": {
    "No-Buggy": {
      "precision": 0.9863945578231292,
      "recall": 0.3125,
      "f1-score": 0.4746317512274959,
      "support": 464.0
    },
    "Buggy": {
      "precision": 0.19035532994923857,
      "recall": 0.974025974025974,
      "f1-score": 0.3184713375796178,
      "support": 77.0
    },
    "accuracy": 0.4066543438077634,
    "macro avg": {
      "precision": 0.5883749438861839,
      "recall": 0.643262987012987,
      "f1-score": 0.3965515444035569,
      "support": 541.0
    },
    "weighted avg": {
      "precision": 0.8730950743734258,
      "recall": 0.4066543438077634,
      "f1-score": 0.45240559253824153,
      "support": 541.0
    }
  },
  "confusion_matrix": [
    [
      145,
      319
    ],
    [
      2,
      75
    ]
  ],
  "training_time_seconds": 0.088617,
  "best_hyperparameters": {
    "C": 10,
    "gamma": 1,
    "kernel": "rbf"
  },
  "timestamp": "2025-11-28T13:30:08.498148"
}