{
  "dataset": "jruby-1.1",
  "balancing_method": "smote",
  "scaler_type": "standard",
  "models": {
    "svm": {
      "F1_Score": 0.46153846153846156,
      "Exactitud": 0.9047619047619048,
      "Precision": 0.6666666666666666,
      "Recall": 0.35294117647058826,
      "Sensibilidad": 0.35294117647058826,
      "Especificidad": 0.9769230769230769,
      "Error": 0.09523809523809523,
      "TP_Rate": 0.35294117647058826,
      "FP_Rate": 0.023076923076923078,
      "ROC_AUC": 0.8226244343891403,
      "confusion_matrix": [
        [
          127,
          3
        ],
        [
          11,
          6
        ]
      ]
    },
    "naive_bayes_gaussian": {
      "F1_Score": 0.6470588235294118,
      "Exactitud": 0.9183673469387755,
      "Precision": 0.6470588235294118,
      "Recall": 0.6470588235294118,
      "Sensibilidad": 0.6470588235294118,
      "Especificidad": 0.9538461538461539,
      "Error": 0.08163265306122448,
      "TP_Rate": 0.6470588235294118,
      "FP_Rate": 0.046153846153846156,
      "ROC_AUC": 0.8895927601809954,
      "confusion_matrix": [
        [
          124,
          6
        ],
        [
          6,
          11
        ]
      ]
    },
    "decision_tree": {
      "F1_Score": 0.5625,
      "Exactitud": 0.9047619047619048,
      "Precision": 0.6,
      "Recall": 0.5294117647058824,
      "Sensibilidad": 0.5294117647058824,
      "Especificidad": 0.9538461538461539,
      "Error": 0.09523809523809523,
      "TP_Rate": 0.5294117647058824,
      "FP_Rate": 0.046153846153846156,
      "ROC_AUC": 0.7678733031674209,
      "confusion_matrix": [
        [
          124,
          6
        ],
        [
          8,
          9
        ]
      ]
    }
  },
  "timestamp": "2025-11-27T19:34:20.853419"
}