{
  "dataset": "jruby-1.1",
  "balancing_method": "smote",
  "scaler_type": "standard",
  "models": {
    "svm": {
      "F1_Score": 0.5294117647058824,
      "F2_Score": 0.5294117647058824,
      "Exactitud": 0.891156462585034,
      "Accuracy": 0.891156462585034,
      "Balanced_Accuracy": 0.7339366515837105,
      "BER": 0.26606334841628954,
      "MCC": 0.4678733031674208,
      "Precision": 0.5294117647058824,
      "Recall": 0.5294117647058824,
      "Sensibilidad": 0.5294117647058824,
      "Especificidad": 0.9384615384615385,
      "Error": 0.10884353741496598,
      "TP_Rate": 0.5294117647058824,
      "FP_Rate": 0.06153846153846154,
      "ROC_AUC": 0.8466063348416291,
      "confusion_matrix": [
        [
          122,
          8
        ],
        [
          8,
          9
        ]
      ]
    },
    "naive_bayes_gaussian": {
      "F1_Score": 0.6470588235294118,
      "F2_Score": 0.6470588235294118,
      "Exactitud": 0.9183673469387755,
      "Accuracy": 0.9183673469387755,
      "Balanced_Accuracy": 0.8004524886877828,
      "BER": 0.19954751131221715,
      "MCC": 0.6009049773755656,
      "Precision": 0.6470588235294118,
      "Recall": 0.6470588235294118,
      "Sensibilidad": 0.6470588235294118,
      "Especificidad": 0.9538461538461539,
      "Error": 0.08163265306122448,
      "TP_Rate": 0.6470588235294118,
      "FP_Rate": 0.046153846153846156,
      "ROC_AUC": 0.8895927601809954,
      "confusion_matrix": [
        [
          124,
          6
        ],
        [
          6,
          11
        ]
      ]
    },
    "decision_tree": {
      "F1_Score": 0.5405405405405406,
      "F2_Score": 0.5681818181818182,
      "Exactitud": 0.8843537414965986,
      "Accuracy": 0.8843537414965986,
      "Balanced_Accuracy": 0.755656108597285,
      "BER": 0.24434389140271495,
      "MCC": 0.4769418679931847,
      "Precision": 0.5,
      "Recall": 0.5882352941176471,
      "Sensibilidad": 0.5882352941176471,
      "Especificidad": 0.9230769230769231,
      "Error": 0.11564625850340136,
      "TP_Rate": 0.5882352941176471,
      "FP_Rate": 0.07692307692307693,
      "ROC_AUC": 0.7556561085972852,
      "confusion_matrix": [
        [
          120,
          10
        ],
        [
          7,
          10
        ]
      ]
    }
  },
  "timestamp": "2025-12-11T09:18:23.064923"
}