{
  "dataset": "jruby-1.1",
  "balancing_method": "smote",
  "scaler_type": "standard",
  "models": {
    "svm": {
      "F1_Score": 0.4666666666666667,
      "Exactitud": 0.891156462585034,
      "Precision": 0.5384615384615384,
      "Recall": 0.4117647058823529,
      "Sensibilidad": 0.4117647058823529,
      "Especificidad": 0.9538461538461539,
      "Error": 0.10884353741496598,
      "TP_Rate": 0.4117647058823529,
      "FP_Rate": 0.046153846153846156,
      "ROC_AUC": 0.8547511312217195,
      "confusion_matrix": [
        [
          124,
          6
        ],
        [
          10,
          7
        ]
      ]
    },
    "naive_bayes_gaussian": {
      "F1_Score": 0.6470588235294118,
      "Exactitud": 0.9183673469387755,
      "Precision": 0.6470588235294118,
      "Recall": 0.6470588235294118,
      "Sensibilidad": 0.6470588235294118,
      "Especificidad": 0.9538461538461539,
      "Error": 0.08163265306122448,
      "TP_Rate": 0.6470588235294118,
      "FP_Rate": 0.046153846153846156,
      "ROC_AUC": 0.8895927601809954,
      "confusion_matrix": [
        [
          124,
          6
        ],
        [
          6,
          11
        ]
      ]
    },
    "decision_tree": {
      "F1_Score": 0.5882352941176471,
      "Exactitud": 0.9047619047619048,
      "Precision": 0.5882352941176471,
      "Recall": 0.5882352941176471,
      "Sensibilidad": 0.5882352941176471,
      "Especificidad": 0.9461538461538461,
      "Error": 0.09523809523809523,
      "TP_Rate": 0.5882352941176471,
      "FP_Rate": 0.05384615384615385,
      "ROC_AUC": 0.7671945701357467,
      "confusion_matrix": [
        [
          123,
          7
        ],
        [
          7,
          10
        ]
      ]
    }
  },
  "timestamp": "2025-11-28T13:34:16.766128"
}