{
  "TP": 10,
  "TN": 123,
  "FP": 7,
  "FN": 7,
  "P": 17,
  "N": 130,
  "Total": 147,
  "Error": 0.09523809523809523,
  "Exactitud": 0.9047619047619048,
  "TP_Rate": 0.5882352941176471,
  "FP_Rate": 0.05384615384615385,
  "Precision": 0.5882352941176471,
  "Recall": 0.5882352941176471,
  "Sensibilidad": 0.5882352941176471,
  "Especificidad": 0.9461538461538461,
  "F1_Score": 0.5882352941176471,
  "Accuracy_sklearn": 0.9047619047619048,
  "ROC_AUC": 0.7671945701357467,
  "PR_AUC": 0.6120448179271709,
  "classification_report": {
    "No-Buggy": {
      "precision": 0.9461538461538461,
      "recall": 0.9461538461538461,
      "f1-score": 0.9461538461538461,
      "support": 130.0
    },
    "Buggy": {
      "precision": 0.5882352941176471,
      "recall": 0.5882352941176471,
      "f1-score": 0.5882352941176471,
      "support": 17.0
    },
    "accuracy": 0.9047619047619048,
    "macro avg": {
      "precision": 0.7671945701357465,
      "recall": 0.7671945701357465,
      "f1-score": 0.7671945701357465,
      "support": 147.0
    },
    "weighted avg": {
      "precision": 0.9047619047619048,
      "recall": 0.9047619047619048,
      "f1-score": 0.9047619047619048,
      "support": 147.0
    }
  },
  "confusion_matrix": [
    [
      123,
      7
    ],
    [
      7,
      10
    ]
  ],
  "training_time_seconds": 0.005912,
  "best_hyperparameters": {
    "criterion": "gini",
    "max_depth": 10,
    "min_samples_leaf": 1,
    "min_samples_split": 2
  },
  "timestamp": "2025-11-28T13:34:16.502405"
}