{
  "TP": 11,
  "TN": 124,
  "FP": 6,
  "FN": 6,
  "P": 17,
  "N": 130,
  "Total": 147,
  "Error": 0.08163265306122448,
  "Exactitud": 0.9183673469387755,
  "TP_Rate": 0.6470588235294118,
  "FP_Rate": 0.046153846153846156,
  "Precision": 0.6470588235294118,
  "Recall": 0.6470588235294118,
  "Sensibilidad": 0.6470588235294118,
  "Especificidad": 0.9538461538461539,
  "F1_Score": 0.6470588235294118,
  "Accuracy_sklearn": 0.9183673469387755,
  "ROC_AUC": 0.8895927601809954,
  "PR_AUC": 0.6318855660811948,
  "classification_report": {
    "No-Buggy": {
      "precision": 0.9538461538461539,
      "recall": 0.9538461538461539,
      "f1-score": 0.9538461538461539,
      "support": 130.0
    },
    "Buggy": {
      "precision": 0.6470588235294118,
      "recall": 0.6470588235294118,
      "f1-score": 0.6470588235294118,
      "support": 17.0
    },
    "accuracy": 0.9183673469387755,
    "macro avg": {
      "precision": 0.8004524886877828,
      "recall": 0.8004524886877828,
      "f1-score": 0.8004524886877828,
      "support": 147.0
    },
    "weighted avg": {
      "precision": 0.9183673469387755,
      "recall": 0.9183673469387755,
      "f1-score": 0.9183673469387755,
      "support": 147.0
    }
  },
  "confusion_matrix": [
    [
      124,
      6
    ],
    [
      6,
      11
    ]
  ],
  "training_time_seconds": 0.000757,
  "best_hyperparameters": {
    "var_smoothing": 1e-06
  },
  "timestamp": "2025-11-28T13:34:16.234362"
}