{
  "TP": 7,
  "TN": 124,
  "FP": 6,
  "FN": 10,
  "P": 17,
  "N": 130,
  "Total": 147,
  "Error": 0.10884353741496598,
  "Exactitud": 0.891156462585034,
  "TP_Rate": 0.4117647058823529,
  "FP_Rate": 0.046153846153846156,
  "Precision": 0.5384615384615384,
  "Recall": 0.4117647058823529,
  "Sensibilidad": 0.4117647058823529,
  "Especificidad": 0.9538461538461539,
  "F1_Score": 0.4666666666666667,
  "Accuracy_sklearn": 0.891156462585034,
  "ROC_AUC": 0.8547511312217195,
  "PR_AUC": 0.4830974540816045,
  "classification_report": {
    "No-Buggy": {
      "precision": 0.9253731343283582,
      "recall": 0.9538461538461539,
      "f1-score": 0.9393939393939394,
      "support": 130.0
    },
    "Buggy": {
      "precision": 0.5384615384615384,
      "recall": 0.4117647058823529,
      "f1-score": 0.4666666666666667,
      "support": 17.0
    },
    "accuracy": 0.891156462585034,
    "macro avg": {
      "precision": 0.7319173363949483,
      "recall": 0.6828054298642534,
      "f1-score": 0.7030303030303031,
      "support": 147.0
    },
    "weighted avg": {
      "precision": 0.8806282558947804,
      "recall": 0.891156462585034,
      "f1-score": 0.8847247990105134,
      "support": 147.0
    }
  },
  "confusion_matrix": [
    [
      124,
      6
    ],
    [
      10,
      7
    ]
  ],
  "training_time_seconds": 0.004691,
  "best_hyperparameters": {
    "C": 1,
    "gamma": 0.1,
    "kernel": "rbf"
  },
  "timestamp": "2025-11-28T13:34:15.970766"
}