{
  "TP": 9,
  "TN": 122,
  "FP": 8,
  "FN": 8,
  "P": 17,
  "N": 130,
  "Total": 147,
  "Error": 0.10884353741496598,
  "Exactitud": 0.891156462585034,
  "TP_Rate": 0.5294117647058824,
  "FP_Rate": 0.06153846153846154,
  "Precision": 0.5294117647058824,
  "Recall": 0.5294117647058824,
  "Sensibilidad": 0.5294117647058824,
  "Especificidad": 0.9384615384615385,
  "F1_Score": 0.5294117647058824,
  "Accuracy_sklearn": 0.891156462585034,
  "F2_Score": 0.5294117647058824,
  "Balanced_Accuracy": 0.7339366515837105,
  "BER": 0.26606334841628954,
  "MCC": 0.4678733031674208,
  "Accuracy": 0.891156462585034,
  "ROC_AUC": 0.8466063348416291,
  "PR_AUC": 0.5027351139706879,
  "classification_report": {
    "No-Buggy": {
      "precision": 0.9384615384615385,
      "recall": 0.9384615384615385,
      "f1-score": 0.9384615384615385,
      "support": 130.0
    },
    "Buggy": {
      "precision": 0.5294117647058824,
      "recall": 0.5294117647058824,
      "f1-score": 0.5294117647058824,
      "support": 17.0
    },
    "accuracy": 0.891156462585034,
    "macro avg": {
      "precision": 0.7339366515837105,
      "recall": 0.7339366515837105,
      "f1-score": 0.7339366515837105,
      "support": 147.0
    },
    "weighted avg": {
      "precision": 0.891156462585034,
      "recall": 0.891156462585034,
      "f1-score": 0.891156462585034,
      "support": 147.0
    }
  },
  "confusion_matrix": [
    [
      122,
      8
    ],
    [
      8,
      9
    ]
  ],
  "training_time_seconds": 0.003598,
  "best_hyperparameters": {
    "C": 10,
    "gamma": "scale",
    "kernel": "rbf"
  },
  "timestamp": "2025-12-11T09:18:22.369749"
}