{
  "TP": 6,
  "TN": 127,
  "FP": 3,
  "FN": 11,
  "P": 17,
  "N": 130,
  "Total": 147,
  "Error": 0.09523809523809523,
  "Exactitud": 0.9047619047619048,
  "TP_Rate": 0.35294117647058826,
  "FP_Rate": 0.023076923076923078,
  "Precision": 0.6666666666666666,
  "Recall": 0.35294117647058826,
  "Sensibilidad": 0.35294117647058826,
  "Especificidad": 0.9769230769230769,
  "F1_Score": 0.46153846153846156,
  "Accuracy_sklearn": 0.9047619047619048,
  "ROC_AUC": 0.8226244343891403,
  "PR_AUC": 0.4492177587816631,
  "classification_report": {
    "No-Buggy": {
      "precision": 0.9202898550724637,
      "recall": 0.9769230769230769,
      "f1-score": 0.9477611940298507,
      "support": 130.0
    },
    "Buggy": {
      "precision": 0.6666666666666666,
      "recall": 0.35294117647058826,
      "f1-score": 0.46153846153846156,
      "support": 17.0
    },
    "accuracy": 0.9047619047619048,
    "macro avg": {
      "precision": 0.7934782608695652,
      "recall": 0.6649321266968325,
      "f1-score": 0.7046498277841562,
      "support": 147.0
    },
    "weighted avg": {
      "precision": 0.8909592822636301,
      "recall": 0.9047619047619048,
      "f1-score": 0.8915313542179213,
      "support": 147.0
    }
  },
  "confusion_matrix": [
    [
      127,
      3
    ],
    [
      11,
      6
    ]
  ],
  "training_time_seconds": 0.02951,
  "best_hyperparameters": {
    "C": 100,
    "gamma": 0.1,
    "kernel": "rbf"
  },
  "timestamp": "2025-11-27T19:34:20.062307"
}