{
  "best_params": {
    "criterion": "gini",
    "max_depth": 10,
    "min_samples_leaf": 1,
    "min_samples_split": 2
  },
  "best_cv_score": 0.8656641663425226,
  "test_metrics": {
    "accuracy": 0.7570422535211268,
    "precision": 0.44,
    "recall": 0.7719298245614035,
    "f1_score": 0.5605095541401274,
    "f2_score": 0.6707317073170732
  },
  "timestamp": "2025-12-11T09:16:57.472848",
  "confusion_matrix": [
    [
      171,
      56
    ],
    [
      13,
      44
    ]
  ],
  "labels": [
    0,
    1
  ]
}