{
  "best_params": {
    "var_smoothing": 0.0001
  },
  "best_cv_score": 0.40003905878618334,
  "test_metrics": {
    "accuracy": 0.8274647887323944,
    "precision": 0.6538461538461539,
    "recall": 0.2982456140350877,
    "f1_score": 0.40963855421686746,
    "f2_score": 0.3346456692913386
  },
  "timestamp": "2025-12-11T09:16:54.414281",
  "confusion_matrix": [
    [
      218,
      9
    ],
    [
      40,
      17
    ]
  ],
  "labels": [
    0,
    1
  ]
}