{
  "best_params": {
    "var_smoothing": 0.0001
  },
  "best_cv_score": 0.3516290726817043,
  "test_metrics": {
    "accuracy": 0.8274647887323944,
    "precision": 0.6538461538461539,
    "recall": 0.2982456140350877,
    "f1_score": 0.40963855421686746
  },
  "timestamp": "2025-12-12T02:20:08.578762",
  "cv_folds": 10,
  "n_combinations_tested": 6,
  "total_fits": 60,
  "time_seconds": 2.751574,
  "dataset_info": {
    "n_samples": 1132,
    "n_features": 65
  }
}