{
  "best_params": {
    "C": 100,
    "gamma": 0.1,
    "kernel": "rbf"
  },
  "best_cv_score": 0.8853334083830537,
  "test_metrics": {
    "accuracy": 0.8169014084507042,
    "precision": 0.5384615384615384,
    "recall": 0.6140350877192983,
    "f1_score": 0.5737704918032787
  },
  "timestamp": "2025-11-28T13:33:02.898740"
}