{
  "best_params": {
    "C": 10,
    "gamma": 0.1,
    "kernel": "rbf"
  },
  "best_cv_score": 0.8955444848916919,
  "test_metrics": {
    "accuracy": 0.8309859154929577,
    "precision": 0.5671641791044776,
    "recall": 0.6666666666666666,
    "f1_score": 0.6129032258064516,
    "f2_score": 0.6440677966101694
  },
  "timestamp": "2025-12-11T09:16:57.429382",
  "confusion_matrix": [
    [
      198,
      29
    ],
    [
      19,
      38
    ]
  ],
  "labels": [
    0,
    1
  ]
}