{
  "best_params": {
    "C": 1000,
    "gamma": 0.1,
    "kernel": "rbf"
  },
  "best_cv_score": 0.8599833973582015,
  "test_metrics": {
    "accuracy": 0.8274647887323944,
    "precision": 0.5645161290322581,
    "recall": 0.6140350877192983,
    "f1_score": 0.5882352941176471
  },
  "timestamp": "2025-11-27T19:59:04.916906"
}