{
  "best_params": {
    "C": 0.1,
    "gamma": 1,
    "kernel": "rbf"
  },
  "best_cv_score": 0.9964285714285713,
  "test_metrics": {
    "accuracy": 0.426056338028169,
    "precision": 0.2590909090909091,
    "recall": 1.0,
    "f1_score": 0.41155234657039713
  },
  "timestamp": "2025-12-12T02:20:22.531361",
  "cv_folds": 10,
  "n_combinations_tested": 72,
  "total_fits": 720,
  "time_seconds": 16.705239,
  "dataset_info": {
    "n_samples": 1132,
    "n_features": 65
  }
}