{
  "TP": 41,
  "TN": 353,
  "FP": 111,
  "FN": 36,
  "P": 77,
  "N": 464,
  "Total": 541,
  "Error": 0.27171903881700554,
  "Exactitud": 0.7282809611829945,
  "TP_Rate": 0.5324675324675324,
  "FP_Rate": 0.23922413793103448,
  "Precision": 0.26973684210526316,
  "Recall": 0.5324675324675324,
  "Sensibilidad": 0.5324675324675324,
  "Especificidad": 0.7607758620689655,
  "F1_Score": 0.35807860262008734,
  "Accuracy_sklearn": 0.7282809611829945,
  "best_hyperparameters": {
    "criterion": "entropy",
    "max_depth": null,
    "min_samples_leaf": 1,
    "min_samples_split": 2
  },
  "cv_best_score": 0.8401715936119606,
  "timestamp": "2025-12-12T02:33:04.704296",
  "confusion_matrix": [
    [
      353,
      111
    ],
    [
      36,
      41
    ]
  ]
}