{
  "TP": 4,
  "TN": 224,
  "FP": 3,
  "FN": 53,
  "P": 57,
  "N": 227,
  "Total": 284,
  "Error": 0.19718309859154928,
  "Exactitud": 0.8028169014084507,
  "TP_Rate": 0.07017543859649122,
  "FP_Rate": 0.013215859030837005,
  "Precision": 0.5714285714285714,
  "Recall": 0.07017543859649122,
  "Sensibilidad": 0.07017543859649122,
  "Especificidad": 0.986784140969163,
  "F1_Score": 0.125,
  "Accuracy_sklearn": 0.8028169014084507,
  "best_hyperparameters": {
    "var_smoothing": 1e-09
  },
  "cv_best_score": 0.1218045112781955,
  "timestamp": "2025-12-12T02:37:50.468876",
  "confusion_matrix": [
    [
      224,
      3
    ],
    [
      53,
      4
    ]
  ]
}