{
  "TP": 58,
  "TN": 70,
  "FP": 248,
  "FN": 1,
  "P": 59,
  "N": 318,
  "Total": 377,
  "Error": 0.6604774535809018,
  "Exactitud": 0.3395225464190981,
  "TP_Rate": 0.9830508474576272,
  "FP_Rate": 0.779874213836478,
  "Precision": 0.1895424836601307,
  "Recall": 0.9830508474576272,
  "Sensibilidad": 0.9830508474576272,
  "Especificidad": 0.22012578616352202,
  "F1_Score": 0.3178082191780822,
  "Accuracy_sklearn": 0.3395225464190981,
  "best_hyperparameters": {
    "C": 0.01,
    "gamma": 1,
    "kernel": "rbf"
  },
  "cv_best_score": 0.9789298245614034,
  "timestamp": "2025-12-12T02:28:29.409388",
  "confusion_matrix": [
    [
      70,
      248
    ],
    [
      1,
      58
    ]
  ]
}