{
  "best_params": {
    "C": 1,
    "gamma": 1,
    "kernel": "rbf"
  },
  "best_cv_score": 0.9847537878787879,
  "test_metrics": {
    "accuracy": 0.7636363636363637,
    "precision": 0.20930232558139536,
    "recall": 0.6428571428571429,
    "f1_score": 0.3157894736842105
  },
  "timestamp": "2025-12-12T02:33:38.308713",
  "cv_folds": 10,
  "n_combinations_tested": 72,
  "total_fits": 720,
  "time_seconds": 7.848967,
  "dataset_info": {
    "n_samples": 656,
    "n_features": 20
  }
}