{
  "TP": 43,
  "TN": 174,
  "FP": 53,
  "FN": 14,
  "P": 57,
  "N": 227,
  "Total": 284,
  "Error": 0.23591549295774647,
  "Exactitud": 0.7640845070422535,
  "TP_Rate": 0.7543859649122807,
  "FP_Rate": 0.23348017621145375,
  "Precision": 0.4479166666666667,
  "Recall": 0.7543859649122807,
  "Sensibilidad": 0.7543859649122807,
  "Especificidad": 0.7665198237885462,
  "F1_Score": 0.5620915032679739,
  "Accuracy_sklearn": 0.7640845070422535,
  "best_hyperparameters": {
    "criterion": "entropy",
    "max_depth": 10,
    "min_samples_leaf": 1,
    "min_samples_split": 2
  },
  "cv_best_score": 0.8704573934837093,
  "timestamp": "2025-12-12T02:37:50.385828",
  "confusion_matrix": [
    [
      174,
      53
    ],
    [
      14,
      43
    ]
  ]
}