{
  "dataset": "jruby-1.1",
  "balancing_method": "smote",
  "scaler_type": "robust",
  "models": {
    "svm": {
      "F1_Score": 0.45454545454545453,
      "F2_Score": 0.5263157894736842,
      "Exactitud": 0.8367346938775511,
      "Accuracy": 0.8367346938775511,
      "Balanced_Accuracy": 0.7287330316742082,
      "BER": 0.2712669683257918,
      "MCC": 0.37781788596126215,
      "Precision": 0.37037037037037035,
      "Recall": 0.5882352941176471,
      "Sensibilidad": 0.5882352941176471,
      "Especificidad": 0.8692307692307693,
      "Error": 0.16326530612244897,
      "TP_Rate": 0.5882352941176471,
      "FP_Rate": 0.13076923076923078,
      "ROC_AUC": 0.8018099547511313,
      "confusion_matrix": [
        [
          113,
          17
        ],
        [
          7,
          10
        ]
      ]
    },
    "naive_bayes_gaussian": {
      "F1_Score": 0.1111111111111111,
      "F2_Score": 0.07246376811594203,
      "Exactitud": 0.891156462585034,
      "Accuracy": 0.891156462585034,
      "Balanced_Accuracy": 0.5294117647058824,
      "BER": 0.47058823529411764,
      "MCC": 0.2288604710946246,
      "Precision": 1.0,
      "Recall": 0.058823529411764705,
      "Sensibilidad": 0.058823529411764705,
      "Especificidad": 1.0,
      "Error": 0.10884353741496598,
      "TP_Rate": 0.058823529411764705,
      "FP_Rate": 0.0,
      "ROC_AUC": 0.8755656108597285,
      "confusion_matrix": [
        [
          130,
          0
        ],
        [
          16,
          1
        ]
      ]
    },
    "decision_tree": {
      "F1_Score": 0.5555555555555556,
      "F2_Score": 0.5747126436781609,
      "Exactitud": 0.891156462585034,
      "Accuracy": 0.891156462585034,
      "Balanced_Accuracy": 0.7595022624434389,
      "BER": 0.24049773755656112,
      "MCC": 0.494749650127719,
      "Precision": 0.5263157894736842,
      "Recall": 0.5882352941176471,
      "Sensibilidad": 0.5882352941176471,
      "Especificidad": 0.9307692307692308,
      "Error": 0.10884353741496598,
      "TP_Rate": 0.5882352941176471,
      "FP_Rate": 0.06923076923076923,
      "ROC_AUC": 0.759502262443439,
      "confusion_matrix": [
        [
          121,
          9
        ],
        [
          7,
          10
        ]
      ]
    }
  },
  "timestamp": "2025-12-11T09:18:23.792116"
}