{
  "dataset": "jruby-1.1",
  "balancing_method": "smote",
  "scaler_type": "robust",
  "models": {
    "svm": {
      "F1_Score": 0.29357798165137616,
      "Exactitud": 0.47619047619047616,
      "Precision": 0.17391304347826086,
      "Recall": 0.9411764705882353,
      "Sensibilidad": 0.9411764705882353,
      "Especificidad": 0.4153846153846154,
      "Error": 0.5238095238095238,
      "TP_Rate": 0.9411764705882353,
      "FP_Rate": 0.5846153846153846,
      "ROC_AUC": 0.8153846153846154,
      "confusion_matrix": [
        [
          54,
          76
        ],
        [
          1,
          16
        ]
      ]
    },
    "naive_bayes_gaussian": {
      "F1_Score": 0.1111111111111111,
      "Exactitud": 0.891156462585034,
      "Precision": 1.0,
      "Recall": 0.058823529411764705,
      "Sensibilidad": 0.058823529411764705,
      "Especificidad": 1.0,
      "Error": 0.10884353741496598,
      "TP_Rate": 0.058823529411764705,
      "FP_Rate": 0.0,
      "ROC_AUC": 0.8755656108597285,
      "confusion_matrix": [
        [
          130,
          0
        ],
        [
          16,
          1
        ]
      ]
    },
    "decision_tree": {
      "F1_Score": 0.5714285714285714,
      "Exactitud": 0.8979591836734694,
      "Precision": 0.5555555555555556,
      "Recall": 0.5882352941176471,
      "Sensibilidad": 0.5882352941176471,
      "Especificidad": 0.9384615384615385,
      "Error": 0.10204081632653061,
      "TP_Rate": 0.5882352941176471,
      "FP_Rate": 0.06153846153846154,
      "ROC_AUC": 0.7633484162895928,
      "confusion_matrix": [
        [
          122,
          8
        ],
        [
          7,
          10
        ]
      ]
    }
  },
  "timestamp": "2025-11-28T13:34:17.602161"
}