{
  "dataset": "jruby-1.1",
  "balancing_method": "smote",
  "scaler_type": "robust",
  "models": {
    "svm": {
      "F1_Score": 0.45454545454545453,
      "Exactitud": 0.8367346938775511,
      "Precision": 0.37037037037037035,
      "Recall": 0.5882352941176471,
      "Sensibilidad": 0.5882352941176471,
      "Especificidad": 0.8692307692307693,
      "Error": 0.16326530612244897,
      "TP_Rate": 0.5882352941176471,
      "FP_Rate": 0.13076923076923078,
      "ROC_AUC": 0.8018099547511313,
      "confusion_matrix": [
        [
          113,
          17
        ],
        [
          7,
          10
        ]
      ]
    },
    "naive_bayes_gaussian": {
      "F1_Score": 0.1111111111111111,
      "Exactitud": 0.891156462585034,
      "Precision": 1.0,
      "Recall": 0.058823529411764705,
      "Sensibilidad": 0.058823529411764705,
      "Especificidad": 1.0,
      "Error": 0.10884353741496598,
      "TP_Rate": 0.058823529411764705,
      "FP_Rate": 0.0,
      "ROC_AUC": 0.8755656108597285,
      "confusion_matrix": [
        [
          130,
          0
        ],
        [
          16,
          1
        ]
      ]
    },
    "decision_tree": {
      "F1_Score": 0.5625,
      "Exactitud": 0.9047619047619048,
      "Precision": 0.6,
      "Recall": 0.5294117647058824,
      "Sensibilidad": 0.5294117647058824,
      "Especificidad": 0.9538461538461539,
      "Error": 0.09523809523809523,
      "TP_Rate": 0.5294117647058824,
      "FP_Rate": 0.046153846153846156,
      "ROC_AUC": 0.7678733031674209,
      "confusion_matrix": [
        [
          124,
          6
        ],
        [
          8,
          9
        ]
      ]
    }
  },
  "timestamp": "2025-11-27T19:34:21.681596"
}