{
  "TP": 9,
  "TN": 124,
  "FP": 6,
  "FN": 8,
  "P": 17,
  "N": 130,
  "Total": 147,
  "Error": 0.09523809523809523,
  "Exactitud": 0.9047619047619048,
  "TP_Rate": 0.5294117647058824,
  "FP_Rate": 0.046153846153846156,
  "Precision": 0.6,
  "Recall": 0.5294117647058824,
  "Sensibilidad": 0.5294117647058824,
  "Especificidad": 0.9538461538461539,
  "F1_Score": 0.5625,
  "Accuracy_sklearn": 0.9047619047619048,
  "ROC_AUC": 0.7678733031674209,
  "PR_AUC": 0.603394298896029,
  "classification_report": {
    "No-Buggy": {
      "precision": 0.9393939393939394,
      "recall": 0.9538461538461539,
      "f1-score": 0.9465648854961832,
      "support": 130.0
    },
    "Buggy": {
      "precision": 0.6,
      "recall": 0.5294117647058824,
      "f1-score": 0.5625,
      "support": 17.0
    },
    "accuracy": 0.9047619047619048,
    "macro avg": {
      "precision": 0.7696969696969698,
      "recall": 0.7416289592760181,
      "f1-score": 0.7545324427480916,
      "support": 147.0
    },
    "weighted avg": {
      "precision": 0.9001443001443001,
      "recall": 0.9047619047619048,
      "f1-score": 0.9021492184660125,
      "support": 147.0
    }
  },
  "confusion_matrix": [
    [
      124,
      6
    ],
    [
      8,
      9
    ]
  ],
  "training_time_seconds": 0.005807,
  "best_hyperparameters": {
    "criterion": "gini",
    "max_depth": 10,
    "min_samples_leaf": 1,
    "min_samples_split": 5
  },
  "timestamp": "2025-11-27T20:00:03.021972"
}