{
  "TP": 10,
  "TN": 122,
  "FP": 8,
  "FN": 7,
  "P": 17,
  "N": 130,
  "Total": 147,
  "Error": 0.10204081632653061,
  "Exactitud": 0.8979591836734694,
  "TP_Rate": 0.5882352941176471,
  "FP_Rate": 0.06153846153846154,
  "Precision": 0.5555555555555556,
  "Recall": 0.5882352941176471,
  "Sensibilidad": 0.5882352941176471,
  "Especificidad": 0.9384615384615385,
  "F1_Score": 0.5714285714285714,
  "Accuracy_sklearn": 0.8979591836734694,
  "ROC_AUC": 0.7633484162895928,
  "PR_AUC": 0.5957049486461252,
  "classification_report": {
    "No-Buggy": {
      "precision": 0.9457364341085271,
      "recall": 0.9384615384615385,
      "f1-score": 0.9420849420849421,
      "support": 130.0
    },
    "Buggy": {
      "precision": 0.5555555555555556,
      "recall": 0.5882352941176471,
      "f1-score": 0.5714285714285714,
      "support": 17.0
    },
    "accuracy": 0.8979591836734694,
    "macro avg": {
      "precision": 0.7506459948320414,
      "recall": 0.7633484162895927,
      "f1-score": 0.7567567567567568,
      "support": 147.0
    },
    "weighted avg": {
      "precision": 0.9006134753643059,
      "recall": 0.8979591836734694,
      "f1-score": 0.8992199196280829,
      "support": 147.0
    }
  },
  "confusion_matrix": [
    [
      122,
      8
    ],
    [
      7,
      10
    ]
  ],
  "training_time_seconds": 0.00595,
  "best_hyperparameters": {
    "criterion": "gini",
    "max_depth": 10,
    "min_samples_leaf": 1,
    "min_samples_split": 2
  },
  "timestamp": "2025-11-28T13:34:17.343899"
}