{
  "TP": 10,
  "TN": 113,
  "FP": 17,
  "FN": 7,
  "P": 17,
  "N": 130,
  "Total": 147,
  "Error": 0.16326530612244897,
  "Exactitud": 0.8367346938775511,
  "TP_Rate": 0.5882352941176471,
  "FP_Rate": 0.13076923076923078,
  "Precision": 0.37037037037037035,
  "Recall": 0.5882352941176471,
  "Sensibilidad": 0.5882352941176471,
  "Especificidad": 0.8692307692307693,
  "F1_Score": 0.45454545454545453,
  "Accuracy_sklearn": 0.8367346938775511,
  "F2_Score": 0.5263157894736842,
  "Balanced_Accuracy": 0.7287330316742082,
  "BER": 0.2712669683257918,
  "MCC": 0.37781788596126215,
  "Accuracy": 0.8367346938775511,
  "ROC_AUC": 0.8018099547511313,
  "PR_AUC": 0.35599050879782396,
  "classification_report": {
    "No-Buggy": {
      "precision": 0.9416666666666667,
      "recall": 0.8692307692307693,
      "f1-score": 0.904,
      "support": 130.0
    },
    "Buggy": {
      "precision": 0.37037037037037035,
      "recall": 0.5882352941176471,
      "f1-score": 0.45454545454545453,
      "support": 17.0
    },
    "accuracy": 0.8367346938775511,
    "macro avg": {
      "precision": 0.6560185185185186,
      "recall": 0.7287330316742082,
      "f1-score": 0.6792727272727273,
      "support": 147.0
    },
    "weighted avg": {
      "precision": 0.8755983875031494,
      "recall": 0.8367346938775511,
      "f1-score": 0.8520222634508349,
      "support": 147.0
    }
  },
  "confusion_matrix": [
    [
      113,
      17
    ],
    [
      7,
      10
    ]
  ],
  "training_time_seconds": 0.004575,
  "best_hyperparameters": {
    "C": 100,
    "gamma": "auto",
    "kernel": "rbf"
  },
  "timestamp": "2025-12-11T09:18:23.082434"
}