{
  "TP": 16,
  "TN": 54,
  "FP": 76,
  "FN": 1,
  "P": 17,
  "N": 130,
  "Total": 147,
  "Error": 0.5238095238095238,
  "Exactitud": 0.47619047619047616,
  "TP_Rate": 0.9411764705882353,
  "FP_Rate": 0.5846153846153846,
  "Precision": 0.17391304347826086,
  "Recall": 0.9411764705882353,
  "Sensibilidad": 0.9411764705882353,
  "Especificidad": 0.4153846153846154,
  "F1_Score": 0.29357798165137616,
  "Accuracy_sklearn": 0.47619047619047616,
  "ROC_AUC": 0.8153846153846154,
  "PR_AUC": 0.2673992628154727,
  "classification_report": {
    "No-Buggy": {
      "precision": 0.9818181818181818,
      "recall": 0.4153846153846154,
      "f1-score": 0.5837837837837838,
      "support": 130.0
    },
    "Buggy": {
      "precision": 0.17391304347826086,
      "recall": 0.9411764705882353,
      "f1-score": 0.29357798165137616,
      "support": 17.0
    },
    "accuracy": 0.47619047619047616,
    "macro avg": {
      "precision": 0.5778656126482213,
      "recall": 0.6782805429864254,
      "f1-score": 0.43868088271758,
      "support": 147.0
    },
    "weighted avg": {
      "precision": 0.888386975343497,
      "recall": 0.47619047619047616,
      "f1-score": 0.5502225685711926,
      "support": 147.0
    }
  },
  "confusion_matrix": [
    [
      54,
      76
    ],
    [
      1,
      16
    ]
  ],
  "training_time_seconds": 0.007663,
  "best_hyperparameters": {
    "C": 1,
    "gamma": 1,
    "kernel": "rbf"
  },
  "timestamp": "2025-11-28T13:34:16.790771"
}