{
  "TP": 29,
  "TN": 267,
  "FP": 51,
  "FN": 30,
  "P": 59,
  "N": 318,
  "Total": 377,
  "Error": 0.21485411140583555,
  "Exactitud": 0.7851458885941645,
  "TP_Rate": 0.4915254237288136,
  "FP_Rate": 0.16037735849056603,
  "Precision": 0.3625,
  "Recall": 0.4915254237288136,
  "Sensibilidad": 0.4915254237288136,
  "Especificidad": 0.839622641509434,
  "F1_Score": 0.4172661870503597,
  "Accuracy_sklearn": 0.7851458885941645,
  "best_hyperparameters": {
    "C": 1000,
    "gamma": 0.001,
    "kernel": "linear"
  },
  "cv_best_score": 0.6190217391304349,
  "timestamp": "2025-12-12T02:28:29.376280",
  "confusion_matrix": [
    [
      267,
      51
    ],
    [
      30,
      29
    ]
  ]
}