{
  "best_params": {
    "criterion": "gini",
    "max_depth": 20,
    "min_samples_leaf": 1,
    "min_samples_split": 2
  },
  "best_cv_score": 0.8804780876494024,
  "test_metrics": {
    "accuracy": 0.8461538461538461,
    "precision": 0.5063291139240507,
    "recall": 0.6779661016949152,
    "f1_score": 0.5797101449275363
  },
  "timestamp": "2025-11-28T13:28:26.761472"
}