{
  "best_params": {
    "criterion": "gini",
    "max_depth": 10,
    "min_samples_leaf": 1,
    "min_samples_split": 2
  },
  "best_cv_score": 0.8544390376451925,
  "test_metrics": {
    "accuracy": 0.8408488063660478,
    "precision": 0.49382716049382713,
    "recall": 0.6779661016949152,
    "f1_score": 0.5714285714285714
  },
  "timestamp": "2025-11-27T19:55:31.370975"
}