{
  "best_params": {
    "var_smoothing": 0.0001
  },
  "best_cv_score": 0.5670650730411686,
  "test_metrics": {
    "accuracy": 0.8488063660477454,
    "precision": 0.515625,
    "recall": 0.559322033898305,
    "f1_score": 0.5365853658536586
  },
  "timestamp": "2025-11-28T13:28:25.597675"
}