{
  "best_params": {
    "var_smoothing": 0.0001
  },
  "best_cv_score": 0.5971925496809433,
  "test_metrics": {
    "accuracy": 0.8488063660477454,
    "precision": 0.515625,
    "recall": 0.559322033898305,
    "f1_score": 0.5365853658536586,
    "f2_score": 0.55
  },
  "timestamp": "2025-12-11T09:10:39.229226",
  "confusion_matrix": [
    [
      287,
      31
    ],
    [
      26,
      33
    ]
  ],
  "labels": [
    0,
    1
  ]
}