{
  "best_params": {
    "var_smoothing": 0.0001
  },
  "best_cv_score": 0.6681476539390068,
  "test_metrics": {
    "accuracy": 0.8488063660477454,
    "precision": 0.515625,
    "recall": 0.559322033898305,
    "f1_score": 0.5365853658536586
  },
  "timestamp": "2025-11-27T19:55:30.183774"
}