{
  "best_params": {
    "C": 10,
    "gamma": 0.1,
    "kernel": "rbf"
  },
  "best_cv_score": 0.9548828770176337,
  "test_metrics": {
    "accuracy": 0.8275862068965517,
    "precision": 0.4666666666666667,
    "recall": 0.711864406779661,
    "f1_score": 0.5637583892617449,
    "f2_score": 0.6441717791411042
  },
  "timestamp": "2025-12-11T09:10:43.544075",
  "confusion_matrix": [
    [
      270,
      48
    ],
    [
      17,
      42
    ]
  ],
  "labels": [
    0,
    1
  ]
}