{
  "best_params": {
    "C": 10,
    "gamma": 0.1,
    "kernel": "rbf"
  },
  "best_cv_score": 0.9773684210526316,
  "test_metrics": {
    "accuracy": 0.8275862068965517,
    "precision": 0.4666666666666667,
    "recall": 0.711864406779661,
    "f1_score": 0.5637583892617449
  },
  "timestamp": "2025-12-12T02:07:17.205525",
  "cv_folds": 10,
  "n_combinations_tested": 72,
  "total_fits": 720,
  "time_seconds": 24.925137,
  "dataset_info": {
    "n_samples": 1506,
    "n_features": 65
  }
}