{
  "best_params": {
    "C": 100,
    "gamma": 0.1,
    "kernel": "rbf"
  },
  "best_cv_score": 0.8892371236811544,
  "test_metrics": {
    "accuracy": 0.8275862068965517,
    "precision": 0.4666666666666667,
    "recall": 0.711864406779661,
    "f1_score": 0.5637583892617449
  },
  "timestamp": "2025-11-27T19:29:58.120219"
}