{
  "TP": 4,
  "TN": 140,
  "FP": 11,
  "FN": 10,
  "P": 14,
  "N": 151,
  "Total": 165,
  "Error": 0.12727272727272726,
  "Exactitud": 0.8727272727272727,
  "TP_Rate": 0.2857142857142857,
  "FP_Rate": 0.0728476821192053,
  "Precision": 0.26666666666666666,
  "Recall": 0.2857142857142857,
  "Sensibilidad": 0.2857142857142857,
  "Especificidad": 0.9271523178807947,
  "F1_Score": 0.27586206896551724,
  "Accuracy_sklearn": 0.8727272727272727,
  "best_hyperparameters": {
    "var_smoothing": 1e-07
  },
  "cv_best_score": 0.41,
  "timestamp": "2025-12-12T02:16:07.037781",
  "confusion_matrix": [
    [
      140,
      11
    ],
    [
      10,
      4
    ]
  ]
}