{
  "dataset": "hive-0.9.0",
  "balancing_method": "unbalanced",
  "scaler_type": "robust",
  "models": {
    "svm": {
      "F1_Score": 0.28923076923076924,
      "Exactitud": 0.18661971830985916,
      "Precision": 0.17537313432835822,
      "Recall": 0.8245614035087719,
      "Sensibilidad": 0.8245614035087719,
      "Especificidad": 0.02643171806167401,
      "Error": 0.8133802816901409,
      "TP_Rate": 0.8245614035087719,
      "FP_Rate": 0.973568281938326,
      "ROC_AUC": 0.4561403508771929,
      "confusion_matrix": [
        [
          6,
          221
        ],
        [
          10,
          47
        ]
      ]
    },
    "naive_bayes_gaussian": {
      "F1_Score": 0.208955223880597,
      "Exactitud": 0.8133802816901409,
      "Precision": 0.7,
      "Recall": 0.12280701754385964,
      "Sensibilidad": 0.12280701754385964,
      "Especificidad": 0.986784140969163,
      "Error": 0.18661971830985916,
      "TP_Rate": 0.12280701754385964,
      "FP_Rate": 0.013215859030837005,
      "ROC_AUC": 0.7779581111368729,
      "confusion_matrix": [
        [
          224,
          3
        ],
        [
          50,
          7
        ]
      ]
    },
    "decision_tree": {
      "F1_Score": 0.6326530612244898,
      "Exactitud": 0.8732394366197183,
      "Precision": 0.7560975609756098,
      "Recall": 0.543859649122807,
      "Sensibilidad": 0.543859649122807,
      "Especificidad": 0.9559471365638766,
      "Error": 0.1267605633802817,
      "TP_Rate": 0.543859649122807,
      "FP_Rate": 0.04405286343612335,
      "ROC_AUC": 0.8635134090733442,
      "confusion_matrix": [
        [
          217,
          10
        ],
        [
          26,
          31
        ]
      ]
    }
  },
  "timestamp": "2025-11-28T13:33:12.442144"
}