{
  "dataset": "hive-0.9.0",
  "balancing_method": "unbalanced",
  "scaler_type": "robust",
  "models": {
    "svm": {
      "F1_Score": 0.5918367346938775,
      "F2_Score": 0.5390334572490706,
      "Exactitud": 0.8591549295774648,
      "Accuracy": 0.8591549295774648,
      "Balanced_Accuracy": 0.7279542468506067,
      "BER": 0.2720457531493933,
      "MCC": 0.5195567297779317,
      "Precision": 0.7073170731707317,
      "Recall": 0.5087719298245614,
      "Sensibilidad": 0.5087719298245614,
      "Especificidad": 0.947136563876652,
      "Error": 0.14084507042253522,
      "TP_Rate": 0.5087719298245614,
      "FP_Rate": 0.05286343612334802,
      "ROC_AUC": 0.8562485508926502,
      "confusion_matrix": [
        [
          215,
          12
        ],
        [
          28,
          29
        ]
      ]
    },
    "naive_bayes_gaussian": {
      "F1_Score": 0.1791044776119403,
      "F2_Score": 0.12605042016806722,
      "Exactitud": 0.8063380281690141,
      "Accuracy": 0.8063380281690141,
      "Balanced_Accuracy": 0.5438210062601437,
      "BER": 0.45617899373985626,
      "MCC": 0.190452824012811,
      "Precision": 0.6,
      "Recall": 0.10526315789473684,
      "Sensibilidad": 0.10526315789473684,
      "Especificidad": 0.9823788546255506,
      "Error": 0.1936619718309859,
      "TP_Rate": 0.10526315789473684,
      "FP_Rate": 0.01762114537444934,
      "ROC_AUC": 0.7587912512558931,
      "confusion_matrix": [
        [
          223,
          4
        ],
        [
          51,
          6
        ]
      ]
    },
    "decision_tree": {
      "F1_Score": 0.6101694915254238,
      "F2_Score": 0.6228373702422145,
      "Exactitud": 0.8380281690140845,
      "Accuracy": 0.8380281690140845,
      "Balanced_Accuracy": 0.7607233943890563,
      "BER": 0.23927660561094366,
      "MCC": 0.5085609441459327,
      "Precision": 0.5901639344262295,
      "Recall": 0.631578947368421,
      "Sensibilidad": 0.631578947368421,
      "Especificidad": 0.8898678414096917,
      "Error": 0.1619718309859155,
      "TP_Rate": 0.631578947368421,
      "FP_Rate": 0.11013215859030837,
      "ROC_AUC": 0.7924105417729346,
      "confusion_matrix": [
        [
          202,
          25
        ],
        [
          21,
          36
        ]
      ]
    }
  },
  "timestamp": "2025-12-11T09:17:09.557455"
}