{
  "TP": 36,
  "TN": 202,
  "FP": 25,
  "FN": 21,
  "P": 57,
  "N": 227,
  "Total": 284,
  "Error": 0.1619718309859155,
  "Exactitud": 0.8380281690140845,
  "TP_Rate": 0.631578947368421,
  "FP_Rate": 0.11013215859030837,
  "Precision": 0.5901639344262295,
  "Recall": 0.631578947368421,
  "Sensibilidad": 0.631578947368421,
  "Especificidad": 0.8898678414096917,
  "F1_Score": 0.6101694915254238,
  "Accuracy_sklearn": 0.8380281690140845,
  "F2_Score": 0.6228373702422145,
  "Balanced_Accuracy": 0.7607233943890563,
  "BER": 0.23927660561094366,
  "MCC": 0.5085609441459327,
  "Accuracy": 0.8380281690140845,
  "ROC_AUC": 0.7924105417729346,
  "PR_AUC": 0.6277482498583623,
  "classification_report": {
    "No-Buggy": {
      "precision": 0.905829596412556,
      "recall": 0.8898678414096917,
      "f1-score": 0.8977777777777778,
      "support": 227.0
    },
    "Buggy": {
      "precision": 0.5901639344262295,
      "recall": 0.631578947368421,
      "f1-score": 0.6101694915254238,
      "support": 57.0
    },
    "accuracy": 0.8380281690140845,
    "macro avg": {
      "precision": 0.7479967654193928,
      "recall": 0.7607233943890563,
      "f1-score": 0.7539736346516008,
      "support": 284.0
    },
    "weighted avg": {
      "precision": 0.8424741642533284,
      "recall": 0.8380281690140845,
      "f1-score": 0.8400535794806504,
      "support": 284.0
    }
  },
  "confusion_matrix": [
    [
      202,
      25
    ],
    [
      21,
      36
    ]
  ],
  "training_time_seconds": 0.014206,
  "best_hyperparameters": {
    "criterion": "entropy",
    "max_depth": 20,
    "min_samples_leaf": 1,
    "min_samples_split": 10
  },
  "timestamp": "2025-12-11T09:17:09.323411"
}