{
  "TP": 7,
  "TN": 224,
  "FP": 3,
  "FN": 50,
  "P": 57,
  "N": 227,
  "Total": 284,
  "Error": 0.18661971830985916,
  "Exactitud": 0.8133802816901409,
  "TP_Rate": 0.12280701754385964,
  "FP_Rate": 0.013215859030837005,
  "Precision": 0.7,
  "Recall": 0.12280701754385964,
  "Sensibilidad": 0.12280701754385964,
  "Especificidad": 0.986784140969163,
  "F1_Score": 0.208955223880597,
  "Accuracy_sklearn": 0.8133802816901409,
  "ROC_AUC": 0.7779581111368729,
  "PR_AUC": 0.5297775745004153,
  "classification_report": {
    "No-Buggy": {
      "precision": 0.8175182481751825,
      "recall": 0.986784140969163,
      "f1-score": 0.8942115768463074,
      "support": 227.0
    },
    "Buggy": {
      "precision": 0.7,
      "recall": 0.12280701754385964,
      "f1-score": 0.208955223880597,
      "support": 57.0
    },
    "accuracy": 0.8133802816901409,
    "macro avg": {
      "precision": 0.7587591240875913,
      "recall": 0.5547955792565114,
      "f1-score": 0.5515834003634522,
      "support": 284.0
    },
    "weighted avg": {
      "precision": 0.7939318392104452,
      "recall": 0.8133802816901409,
      "f1-score": 0.7566777313567107,
      "support": 284.0
    }
  },
  "confusion_matrix": [
    [
      224,
      3
    ],
    [
      50,
      7
    ]
  ],
  "training_time_seconds": 0.000852,
  "best_hyperparameters": {
    "var_smoothing": 1e-09
  },
  "timestamp": "2025-11-28T13:33:11.894938"
}