{
  "TP": 6,
  "TN": 223,
  "FP": 4,
  "FN": 51,
  "P": 57,
  "N": 227,
  "Total": 284,
  "Error": 0.1936619718309859,
  "Exactitud": 0.8063380281690141,
  "TP_Rate": 0.10526315789473684,
  "FP_Rate": 0.01762114537444934,
  "Precision": 0.6,
  "Recall": 0.10526315789473684,
  "Sensibilidad": 0.10526315789473684,
  "Especificidad": 0.9823788546255506,
  "F1_Score": 0.1791044776119403,
  "Accuracy_sklearn": 0.8063380281690141,
  "F2_Score": 0.12605042016806722,
  "Balanced_Accuracy": 0.5438210062601437,
  "BER": 0.45617899373985626,
  "MCC": 0.190452824012811,
  "Accuracy": 0.8063380281690141,
  "ROC_AUC": 0.7587912512558931,
  "PR_AUC": 0.49215420959058753,
  "classification_report": {
    "No-Buggy": {
      "precision": 0.8138686131386861,
      "recall": 0.9823788546255506,
      "f1-score": 0.8902195608782435,
      "support": 227.0
    },
    "Buggy": {
      "precision": 0.6,
      "recall": 0.10526315789473684,
      "f1-score": 0.1791044776119403,
      "support": 57.0
    },
    "accuracy": 0.8063380281690141,
    "macro avg": {
      "precision": 0.706934306569343,
      "recall": 0.5438210062601437,
      "f1-score": 0.5346620192450919,
      "support": 284.0
    },
    "weighted avg": {
      "precision": 0.7709442788115554,
      "recall": 0.8063380281690141,
      "f1-score": 0.747495758955077,
      "support": 284.0
    }
  },
  "confusion_matrix": [
    [
      223,
      4
    ],
    [
      51,
      6
    ]
  ],
  "training_time_seconds": 0.000917,
  "best_hyperparameters": {
    "var_smoothing": 1e-08
  },
  "timestamp": "2025-12-11T09:17:09.074269"
}