{
  "TP": 29,
  "TN": 215,
  "FP": 12,
  "FN": 28,
  "P": 57,
  "N": 227,
  "Total": 284,
  "Error": 0.14084507042253522,
  "Exactitud": 0.8591549295774648,
  "TP_Rate": 0.5087719298245614,
  "FP_Rate": 0.05286343612334802,
  "Precision": 0.7073170731707317,
  "Recall": 0.5087719298245614,
  "Sensibilidad": 0.5087719298245614,
  "Especificidad": 0.947136563876652,
  "F1_Score": 0.5918367346938775,
  "Accuracy_sklearn": 0.8591549295774648,
  "F2_Score": 0.5390334572490706,
  "Balanced_Accuracy": 0.7279542468506067,
  "BER": 0.2720457531493933,
  "MCC": 0.5195567297779317,
  "Accuracy": 0.8591549295774648,
  "ROC_AUC": 0.8562485508926502,
  "PR_AUC": 0.6796330531225242,
  "classification_report": {
    "No-Buggy": {
      "precision": 0.8847736625514403,
      "recall": 0.947136563876652,
      "f1-score": 0.9148936170212766,
      "support": 227.0
    },
    "Buggy": {
      "precision": 0.7073170731707317,
      "recall": 0.5087719298245614,
      "f1-score": 0.5918367346938775,
      "support": 57.0
    },
    "accuracy": 0.8591549295774648,
    "macro avg": {
      "precision": 0.7960453678610859,
      "recall": 0.7279542468506067,
      "f1-score": 0.753365175857577,
      "support": 284.0
    },
    "weighted avg": {
      "precision": 0.8491573752461572,
      "recall": 0.8591549295774648,
      "f1-score": 0.8500547357090873,
      "support": 284.0
    }
  },
  "confusion_matrix": [
    [
      215,
      12
    ],
    [
      28,
      29
    ]
  ],
  "training_time_seconds": 0.016928,
  "best_hyperparameters": {
    "C": 100,
    "gamma": 0.001,
    "kernel": "rbf"
  },
  "timestamp": "2025-12-11T09:17:08.831203"
}