{
  "best_params": {
    "criterion": "entropy",
    "max_depth": 5,
    "min_samples_leaf": 1,
    "min_samples_split": 10
  },
  "best_cv_score": 0.8649273893954744,
  "test_metrics": {
    "accuracy": 0.8207547169811321,
    "precision": 0.5652173913043478,
    "recall": 0.5909090909090909,
    "f1_score": 0.5777777777777777
  },
  "timestamp": "2025-11-28T13:31:38.015874"
}