{
  "best_params": {
    "criterion": "gini",
    "max_depth": 5,
    "min_samples_leaf": 1,
    "min_samples_split": 2
  },
  "best_cv_score": 0.8525668974099958,
  "test_metrics": {
    "accuracy": 0.8537735849056604,
    "precision": 0.6226415094339622,
    "recall": 0.75,
    "f1_score": 0.6804123711340206,
    "f2_score": 0.7205240174672489
  },
  "timestamp": "2025-12-11T09:15:06.281625",
  "confusion_matrix": [
    [
      148,
      20
    ],
    [
      11,
      33
    ]
  ],
  "labels": [
    0,
    1
  ]
}