{
  "best_params": {
    "criterion": "entropy",
    "max_depth": 3,
    "min_samples_leaf": 1,
    "min_samples_split": 2
  },
  "best_cv_score": 0.8353491731597128,
  "test_metrics": {
    "accuracy": 0.8113207547169812,
    "precision": 0.5370370370370371,
    "recall": 0.6590909090909091,
    "f1_score": 0.5918367346938775
  },
  "timestamp": "2025-11-27T19:32:19.696184"
}