{
  "best_params": {
    "var_smoothing": 1e-09
  },
  "best_cv_score": 0.9071428571428571,
  "test_metrics": {
    "accuracy": 0.21226415094339623,
    "precision": 0.20574162679425836,
    "recall": 0.9772727272727273,
    "f1_score": 0.33992094861660077
  },
  "timestamp": "2025-12-12T02:16:52.662493",
  "cv_folds": 10,
  "n_combinations_tested": 6,
  "total_fits": 60,
  "time_seconds": 2.550875,
  "dataset_info": {
    "n_samples": 846,
    "n_features": 65
  }
}