{
  "best_params": {
    "var_smoothing": 1e-09
  },
  "best_cv_score": 0.7928571428571428,
  "test_metrics": {
    "accuracy": 0.21226415094339623,
    "precision": 0.20574162679425836,
    "recall": 0.9772727272727273,
    "f1_score": 0.33992094861660077
  },
  "timestamp": "2025-11-28T13:31:37.127615"
}