{
  "best_params": {
    "var_smoothing": 1e-09
  },
  "best_cv_score": 0.7642536396738974,
  "test_metrics": {
    "accuracy": 0.21226415094339623,
    "precision": 0.20574162679425836,
    "recall": 0.9772727272727273,
    "f1_score": 0.33992094861660077,
    "f2_score": 0.5584415584415584
  },
  "timestamp": "2025-12-11T09:15:03.416975",
  "confusion_matrix": [
    [
      2,
      166
    ],
    [
      1,
      43
    ]
  ],
  "labels": [
    0,
    1
  ]
}