{
  "best_params": {
    "C": 0.1,
    "gamma": 0.1,
    "kernel": "rbf"
  },
  "best_cv_score": 0.9739277271192165,
  "test_metrics": {
    "accuracy": 0.3490566037735849,
    "precision": 0.23595505617977527,
    "recall": 0.9545454545454546,
    "f1_score": 0.3783783783783784
  },
  "timestamp": "2025-11-28T13:31:37.836070"
}