{
  "best_params": {
    "C": 0.1,
    "gamma": 0.1,
    "kernel": "rbf"
  },
  "best_cv_score": 0.9761904761904763,
  "test_metrics": {
    "accuracy": 0.3490566037735849,
    "precision": 0.23595505617977527,
    "recall": 0.9545454545454546,
    "f1_score": 0.3783783783783784
  },
  "timestamp": "2025-12-12T02:17:04.501730",
  "cv_folds": 10,
  "n_combinations_tested": 72,
  "total_fits": 720,
  "time_seconds": 14.391024,
  "dataset_info": {
    "n_samples": 846,
    "n_features": 65
  }
}