{
  "best_params": {
    "C": 0.1,
    "gamma": 0.1,
    "kernel": "rbf"
  },
  "best_cv_score": 0.8465248465324967,
  "test_metrics": {
    "accuracy": 0.3490566037735849,
    "precision": 0.23595505617977527,
    "recall": 0.9545454545454546,
    "f1_score": 0.3783783783783784,
    "f2_score": 0.5932203389830508
  },
  "timestamp": "2025-12-11T09:15:05.768474",
  "confusion_matrix": [
    [
      32,
      136
    ],
    [
      2,
      42
    ]
  ],
  "labels": [
    0,
    1
  ]
}