{
  "best_params": {
    "C": 1000,
    "gamma": 0.001,
    "kernel": "rbf"
  },
  "best_cv_score": 0.8015649108875027,
  "test_metrics": {
    "accuracy": 0.8207547169811321,
    "precision": 0.56,
    "recall": 0.6363636363636364,
    "f1_score": 0.5957446808510638
  },
  "timestamp": "2025-11-27T19:57:57.134116"
}