{
  "best_params": {
    "C": 100,
    "gamma": 1,
    "kernel": "rbf"
  },
  "best_cv_score": 0.9441403508771931,
  "test_metrics": {
    "accuracy": 0.7984084880636605,
    "precision": 0.4158415841584158,
    "recall": 0.711864406779661,
    "f1_score": 0.525
  },
  "timestamp": "2025-12-12T02:27:26.225262",
  "cv_folds": 10,
  "n_combinations_tested": 72,
  "total_fits": 720,
  "time_seconds": 18.42348,
  "dataset_info": {
    "n_samples": 1506,
    "n_features": 20
  }
}