{
  "best_params": {
    "C": 10,
    "gamma": 0.001,
    "kernel": "linear"
  },
  "best_cv_score": 0.657142857142857,
  "test_metrics": {
    "accuracy": 0.9047619047619048,
    "precision": 0.5882352941176471,
    "recall": 0.5882352941176471,
    "f1_score": 0.5882352941176471
  },
  "timestamp": "2025-12-12T02:38:05.138162",
  "cv_folds": 10,
  "n_combinations_tested": 72,
  "total_fits": 720,
  "time_seconds": 5.69024,
  "dataset_info": {
    "n_samples": 584,
    "n_features": 20
  }
}