{
  "best_params": {
    "var_smoothing": 1e-09
  },
  "best_cv_score": 0.4679955703211517,
  "test_metrics": {
    "accuracy": 0.7783018867924528,
    "precision": 0.4594594594594595,
    "recall": 0.38636363636363635,
    "f1_score": 0.41975308641975306
  },
  "timestamp": "2025-12-12T02:35:25.306609",
  "cv_folds": 10,
  "n_combinations_tested": 6,
  "total_fits": 60,
  "time_seconds": 2.672632,
  "dataset_info": {
    "n_samples": 846,
    "n_features": 20
  }
}