{
  "dataset": "jruby-1.1",
  "balancing_method": "csbboost",
  "scaler_type": "robust",
  "models": {
    "svm": {
      "F1_Score": 0.375,
      "Exactitud": 0.7278911564625851,
      "Precision": 0.2553191489361702,
      "Recall": 0.7058823529411765,
      "Sensibilidad": 0.7058823529411765,
      "Especificidad": 0.7307692307692307,
      "Error": 0.272108843537415,
      "TP_Rate": 0.7058823529411765,
      "FP_Rate": 0.2692307692307692,
      "ROC_AUC": 0.7384615384615385,
      "confusion_matrix": [
        [
          95,
          35
        ],
        [
          5,
          12
        ]
      ]
    },
    "naive_bayes_gaussian": {
      "F1_Score": 0.1111111111111111,
      "Exactitud": 0.891156462585034,
      "Precision": 1.0,
      "Recall": 0.058823529411764705,
      "Sensibilidad": 0.058823529411764705,
      "Especificidad": 1.0,
      "Error": 0.10884353741496598,
      "TP_Rate": 0.058823529411764705,
      "FP_Rate": 0.0,
      "ROC_AUC": 0.8624434389140271,
      "confusion_matrix": [
        [
          130,
          0
        ],
        [
          16,
          1
        ]
      ]
    },
    "decision_tree": {
      "F1_Score": 0.5454545454545454,
      "Exactitud": 0.8639455782312925,
      "Precision": 0.4444444444444444,
      "Recall": 0.7058823529411765,
      "Sensibilidad": 0.7058823529411765,
      "Especificidad": 0.8846153846153846,
      "Error": 0.1360544217687075,
      "TP_Rate": 0.7058823529411765,
      "FP_Rate": 0.11538461538461539,
      "ROC_AUC": 0.855656108597285,
      "confusion_matrix": [
        [
          115,
          15
        ],
        [
          5,
          12
        ]
      ]
    }
  },
  "timestamp": "2025-11-28T13:34:14.283913"
}