{
  "dataset": "jruby-1.1",
  "balancing_method": "csbboost",
  "scaler_type": "robust",
  "models": {
    "svm": {
      "F1_Score": 0.4489795918367347,
      "F2_Score": 0.55,
      "Exactitud": 0.8163265306122449,
      "Accuracy": 0.8163265306122449,
      "Balanced_Accuracy": 0.7427601809954751,
      "BER": 0.25723981900452486,
      "MCC": 0.3762527438930316,
      "Precision": 0.34375,
      "Recall": 0.6470588235294118,
      "Sensibilidad": 0.6470588235294118,
      "Especificidad": 0.8384615384615385,
      "Error": 0.1836734693877551,
      "TP_Rate": 0.6470588235294118,
      "FP_Rate": 0.16153846153846155,
      "ROC_AUC": 0.7900452488687784,
      "confusion_matrix": [
        [
          109,
          21
        ],
        [
          6,
          11
        ]
      ]
    },
    "naive_bayes_gaussian": {
      "F1_Score": 0.1111111111111111,
      "F2_Score": 0.07246376811594203,
      "Exactitud": 0.891156462585034,
      "Accuracy": 0.891156462585034,
      "Balanced_Accuracy": 0.5294117647058824,
      "BER": 0.47058823529411764,
      "MCC": 0.2288604710946246,
      "Precision": 1.0,
      "Recall": 0.058823529411764705,
      "Sensibilidad": 0.058823529411764705,
      "Especificidad": 1.0,
      "Error": 0.10884353741496598,
      "TP_Rate": 0.058823529411764705,
      "FP_Rate": 0.0,
      "ROC_AUC": 0.8624434389140271,
      "confusion_matrix": [
        [
          130,
          0
        ],
        [
          16,
          1
        ]
      ]
    },
    "decision_tree": {
      "F1_Score": 0.5172413793103449,
      "F2_Score": 0.6880733944954128,
      "Exactitud": 0.8095238095238095,
      "Accuracy": 0.8095238095238095,
      "Balanced_Accuracy": 0.8411764705882353,
      "BER": 0.1588235294117647,
      "MCC": 0.48658682282489807,
      "Precision": 0.36585365853658536,
      "Recall": 0.8823529411764706,
      "Sensibilidad": 0.8823529411764706,
      "Especificidad": 0.8,
      "Error": 0.19047619047619047,
      "TP_Rate": 0.8823529411764706,
      "FP_Rate": 0.2,
      "ROC_AUC": 0.9083710407239819,
      "confusion_matrix": [
        [
          104,
          26
        ],
        [
          2,
          15
        ]
      ]
    }
  },
  "timestamp": "2025-12-11T09:18:20.854271"
}