{
  "TP": 12,
  "TN": 115,
  "FP": 15,
  "FN": 5,
  "P": 17,
  "N": 130,
  "Total": 147,
  "Error": 0.1360544217687075,
  "Exactitud": 0.8639455782312925,
  "TP_Rate": 0.7058823529411765,
  "FP_Rate": 0.11538461538461539,
  "Precision": 0.4444444444444444,
  "Recall": 0.7058823529411765,
  "Sensibilidad": 0.7058823529411765,
  "Especificidad": 0.8846153846153846,
  "F1_Score": 0.5454545454545454,
  "Accuracy_sklearn": 0.8639455782312925,
  "ROC_AUC": 0.855656108597285,
  "PR_AUC": 0.6231352122581855,
  "classification_report": {
    "No-Buggy": {
      "precision": 0.9583333333333334,
      "recall": 0.8846153846153846,
      "f1-score": 0.92,
      "support": 130.0
    },
    "Buggy": {
      "precision": 0.4444444444444444,
      "recall": 0.7058823529411765,
      "f1-score": 0.5454545454545454,
      "support": 17.0
    },
    "accuracy": 0.8639455782312925,
    "macro avg": {
      "precision": 0.7013888888888888,
      "recall": 0.7952488687782806,
      "f1-score": 0.7327272727272727,
      "support": 147.0
    },
    "weighted avg": {
      "precision": 0.8989040060468632,
      "recall": 0.8639455782312925,
      "f1-score": 0.8766852195423624,
      "support": 147.0
    }
  },
  "confusion_matrix": [
    [
      115,
      15
    ],
    [
      5,
      12
    ]
  ],
  "training_time_seconds": 0.004419,
  "best_hyperparameters": {
    "criterion": "gini",
    "max_depth": 3,
    "min_samples_leaf": 8,
    "min_samples_split": 2
  },
  "timestamp": "2025-11-28T13:34:14.027801"
}