{
  "TP": 1,
  "TN": 130,
  "FP": 0,
  "FN": 16,
  "P": 17,
  "N": 130,
  "Total": 147,
  "Error": 0.10884353741496598,
  "Exactitud": 0.891156462585034,
  "TP_Rate": 0.058823529411764705,
  "FP_Rate": 0.0,
  "Precision": 1.0,
  "Recall": 0.058823529411764705,
  "Sensibilidad": 0.058823529411764705,
  "Especificidad": 1.0,
  "F1_Score": 0.1111111111111111,
  "Accuracy_sklearn": 0.891156462585034,
  "ROC_AUC": 0.8624434389140271,
  "PR_AUC": 0.6086406429310512,
  "classification_report": {
    "No-Buggy": {
      "precision": 0.8904109589041096,
      "recall": 1.0,
      "f1-score": 0.9420289855072463,
      "support": 130.0
    },
    "Buggy": {
      "precision": 1.0,
      "recall": 0.058823529411764705,
      "f1-score": 0.1111111111111111,
      "support": 17.0
    },
    "accuracy": 0.891156462585034,
    "macro avg": {
      "precision": 0.9452054794520548,
      "recall": 0.5294117647058824,
      "f1-score": 0.5265700483091788,
      "support": 147.0
    },
    "weighted avg": {
      "precision": 0.9030845214798249,
      "recall": 0.891156462585034,
      "f1-score": 0.8459364422097341,
      "support": 147.0
    }
  },
  "confusion_matrix": [
    [
      130,
      0
    ],
    [
      16,
      1
    ]
  ],
  "training_time_seconds": 0.000769,
  "best_hyperparameters": {
    "var_smoothing": 1e-09
  },
  "timestamp": "2025-11-28T13:34:13.757124"
}