{
  "TP": 11,
  "TN": 109,
  "FP": 21,
  "FN": 6,
  "P": 17,
  "N": 130,
  "Total": 147,
  "Error": 0.1836734693877551,
  "Exactitud": 0.8163265306122449,
  "TP_Rate": 0.6470588235294118,
  "FP_Rate": 0.16153846153846155,
  "Precision": 0.34375,
  "Recall": 0.6470588235294118,
  "Sensibilidad": 0.6470588235294118,
  "Especificidad": 0.8384615384615385,
  "F1_Score": 0.4489795918367347,
  "Accuracy_sklearn": 0.8163265306122449,
  "F2_Score": 0.55,
  "Balanced_Accuracy": 0.7427601809954751,
  "BER": 0.25723981900452486,
  "MCC": 0.3762527438930316,
  "Accuracy": 0.8163265306122449,
  "ROC_AUC": 0.7900452488687784,
  "PR_AUC": 0.4341623082027617,
  "classification_report": {
    "No-Buggy": {
      "precision": 0.9478260869565217,
      "recall": 0.8384615384615385,
      "f1-score": 0.889795918367347,
      "support": 130.0
    },
    "Buggy": {
      "precision": 0.34375,
      "recall": 0.6470588235294118,
      "f1-score": 0.4489795918367347,
      "support": 17.0
    },
    "accuracy": 0.8163265306122449,
    "macro avg": {
      "precision": 0.6457880434782608,
      "recall": 0.7427601809954751,
      "f1-score": 0.6693877551020408,
      "support": 147.0
    },
    "weighted avg": {
      "precision": 0.8779669476486246,
      "recall": 0.8163265306122449,
      "f1-score": 0.838817159516868,
      "support": 147.0
    }
  },
  "confusion_matrix": [
    [
      109,
      21
    ],
    [
      6,
      11
    ]
  ],
  "training_time_seconds": 0.005241,
  "best_hyperparameters": {
    "C": 10,
    "gamma": "auto",
    "kernel": "rbf"
  },
  "timestamp": "2025-12-11T09:18:20.144033"
}