{
  "TP": 12,
  "TN": 95,
  "FP": 35,
  "FN": 5,
  "P": 17,
  "N": 130,
  "Total": 147,
  "Error": 0.272108843537415,
  "Exactitud": 0.7278911564625851,
  "TP_Rate": 0.7058823529411765,
  "FP_Rate": 0.2692307692307692,
  "Precision": 0.2553191489361702,
  "Recall": 0.7058823529411765,
  "Sensibilidad": 0.7058823529411765,
  "Especificidad": 0.7307692307692307,
  "F1_Score": 0.375,
  "Accuracy_sklearn": 0.7278911564625851,
  "ROC_AUC": 0.7384615384615385,
  "PR_AUC": 0.3308475459928722,
  "classification_report": {
    "No-Buggy": {
      "precision": 0.95,
      "recall": 0.7307692307692307,
      "f1-score": 0.8260869565217391,
      "support": 130.0
    },
    "Buggy": {
      "precision": 0.2553191489361702,
      "recall": 0.7058823529411765,
      "f1-score": 0.375,
      "support": 17.0
    },
    "accuracy": 0.7278911564625851,
    "macro avg": {
      "precision": 0.602659574468085,
      "recall": 0.7183257918552036,
      "f1-score": 0.6005434782608696,
      "support": 147.0
    },
    "weighted avg": {
      "precision": 0.8696627587205095,
      "recall": 0.7278911564625851,
      "f1-score": 0.7739204377403136,
      "support": 147.0
    }
  },
  "confusion_matrix": [
    [
      95,
      35
    ],
    [
      5,
      12
    ]
  ],
  "training_time_seconds": 0.007192,
  "best_hyperparameters": {
    "C": 10,
    "gamma": 0.1,
    "kernel": "rbf"
  },
  "timestamp": "2025-11-28T13:34:13.486911"
}