{
  "TP": 11,
  "TN": 111,
  "FP": 19,
  "FN": 6,
  "P": 17,
  "N": 130,
  "Total": 147,
  "Error": 0.17006802721088435,
  "Exactitud": 0.8299319727891157,
  "TP_Rate": 0.6470588235294118,
  "FP_Rate": 0.14615384615384616,
  "Precision": 0.36666666666666664,
  "Recall": 0.6470588235294118,
  "Sensibilidad": 0.6470588235294118,
  "Especificidad": 0.8538461538461538,
  "F1_Score": 0.46808510638297873,
  "Accuracy_sklearn": 0.8299319727891157,
  "ROC_AUC": 0.8040723981900453,
  "PR_AUC": 0.4225864738074132,
  "classification_report": {
    "No-Buggy": {
      "precision": 0.9487179487179487,
      "recall": 0.8538461538461538,
      "f1-score": 0.8987854251012146,
      "support": 130.0
    },
    "Buggy": {
      "precision": 0.36666666666666664,
      "recall": 0.6470588235294118,
      "f1-score": 0.46808510638297873,
      "support": 17.0
    },
    "accuracy": 0.8299319727891157,
    "macro avg": {
      "precision": 0.6576923076923077,
      "recall": 0.7504524886877828,
      "f1-score": 0.6834352657420967,
      "support": 147.0
    },
    "weighted avg": {
      "precision": 0.88140589569161,
      "recall": 0.8299319727891157,
      "f1-score": 0.8489765447052282,
      "support": 147.0
    }
  },
  "confusion_matrix": [
    [
      111,
      19
    ],
    [
      6,
      11
    ]
  ],
  "training_time_seconds": 0.023611,
  "best_hyperparameters": {
    "C": 10,
    "gamma": 0.01,
    "kernel": "rbf"
  },
  "timestamp": "2025-11-27T19:34:17.571988"
}