{
  "TP": 39,
  "TN": 171,
  "FP": 56,
  "FN": 18,
  "P": 57,
  "N": 227,
  "Total": 284,
  "Error": 0.2605633802816901,
  "Exactitud": 0.7394366197183099,
  "TP_Rate": 0.6842105263157895,
  "FP_Rate": 0.24669603524229075,
  "Precision": 0.4105263157894737,
  "Recall": 0.6842105263157895,
  "Sensibilidad": 0.6842105263157895,
  "Especificidad": 0.7533039647577092,
  "F1_Score": 0.5131578947368421,
  "Accuracy_sklearn": 0.7394366197183099,
  "best_hyperparameters": {
    "C": 100,
    "gamma": 1,
    "kernel": "rbf"
  },
  "cv_best_score": 0.9574561403508772,
  "timestamp": "2025-12-12T02:37:50.377412",
  "confusion_matrix": [
    [
      171,
      56
    ],
    [
      18,
      39
    ]
  ]
}