{
  "TP": 11,
  "TN": 124,
  "FP": 6,
  "FN": 6,
  "P": 17,
  "N": 130,
  "Total": 147,
  "Error": 0.08163265306122448,
  "Exactitud": 0.9183673469387755,
  "TP_Rate": 0.6470588235294118,
  "FP_Rate": 0.046153846153846156,
  "Precision": 0.6470588235294118,
  "Recall": 0.6470588235294118,
  "Sensibilidad": 0.6470588235294118,
  "Especificidad": 0.9538461538461539,
  "F1_Score": 0.6470588235294118,
  "Accuracy_sklearn": 0.9183673469387755,
  "best_hyperparameters": {
    "var_smoothing": 1e-09
  },
  "cv_best_score": 0.6233333333333333,
  "timestamp": "2025-12-12T02:21:58.805332",
  "confusion_matrix": [
    [
      124,
      6
    ],
    [
      6,
      11
    ]
  ]
}