{
  "TP": 11,
  "TN": 121,
  "FP": 9,
  "FN": 6,
  "P": 17,
  "N": 130,
  "Total": 147,
  "Error": 0.10204081632653061,
  "Exactitud": 0.8979591836734694,
  "TP_Rate": 0.6470588235294118,
  "FP_Rate": 0.06923076923076923,
  "Precision": 0.55,
  "Recall": 0.6470588235294118,
  "Sensibilidad": 0.6470588235294118,
  "Especificidad": 0.9307692307692308,
  "F1_Score": 0.5945945945945946,
  "Accuracy_sklearn": 0.8979591836734694,
  "best_hyperparameters": {
    "var_smoothing": 1e-09
  },
  "cv_best_score": 0.6573563218390805,
  "timestamp": "2025-12-12T02:38:53.825779",
  "confusion_matrix": [
    [
      121,
      9
    ],
    [
      6,
      11
    ]
  ]
}