{
  "TP": 42,
  "TN": 273,
  "FP": 45,
  "FN": 17,
  "P": 59,
  "N": 318,
  "Total": 377,
  "Error": 0.16445623342175067,
  "Exactitud": 0.8355437665782494,
  "TP_Rate": 0.711864406779661,
  "FP_Rate": 0.14150943396226415,
  "Precision": 0.4827586206896552,
  "Recall": 0.711864406779661,
  "Sensibilidad": 0.711864406779661,
  "Especificidad": 0.8584905660377359,
  "F1_Score": 0.5753424657534246,
  "Accuracy_sklearn": 0.8355437665782494,
  "best_hyperparameters": {
    "var_smoothing": 1e-09
  },
  "cv_best_score": 0.6798245614035088,
  "timestamp": "2025-12-12T02:28:29.473035",
  "confusion_matrix": [
    [
      273,
      45
    ],
    [
      17,
      42
    ]
  ]
}