{
  "TP": 10,
  "TN": 296,
  "FP": 31,
  "FN": 16,
  "P": 26,
  "N": 327,
  "Total": 353,
  "Error": 0.13314447592067988,
  "Exactitud": 0.8668555240793201,
  "TP_Rate": 0.38461538461538464,
  "FP_Rate": 0.09480122324159021,
  "Precision": 0.24390243902439024,
  "Recall": 0.38461538461538464,
  "Sensibilidad": 0.38461538461538464,
  "Especificidad": 0.9051987767584098,
  "F1_Score": 0.29850746268656714,
  "Accuracy_sklearn": 0.8668555240793201,
  "best_hyperparameters": {
    "var_smoothing": 1e-09
  },
  "cv_best_score": 0.5021327967806841,
  "timestamp": "2025-12-12T02:41:27.992998",
  "confusion_matrix": [
    [
      296,
      31
    ],
    [
      16,
      10
    ]
  ]
}