{
  "TP": 42,
  "TN": 270,
  "FP": 48,
  "FN": 17,
  "P": 59,
  "N": 318,
  "Total": 377,
  "Error": 0.1724137931034483,
  "Exactitud": 0.8275862068965517,
  "TP_Rate": 0.711864406779661,
  "FP_Rate": 0.1509433962264151,
  "Precision": 0.4666666666666667,
  "Recall": 0.711864406779661,
  "Sensibilidad": 0.711864406779661,
  "Especificidad": 0.8490566037735849,
  "F1_Score": 0.5637583892617449,
  "Accuracy_sklearn": 0.8275862068965517,
  "best_hyperparameters": {
    "C": 10,
    "gamma": 0.1,
    "kernel": "rbf"
  },
  "cv_best_score": 0.9773684210526316,
  "timestamp": "2025-12-12T02:08:40.534146",
  "confusion_matrix": [
    [
      270,
      48
    ],
    [
      17,
      42
    ]
  ]
}