{
  "dataset": "hbase-0.94.0",
  "balancing_method": "unbalanced",
  "scaler_type": "robust",
  "models": {
    "svm": {
      "F1_Score": 0.34375,
      "Exactitud": 0.20754716981132076,
      "Precision": 0.20754716981132076,
      "Recall": 1.0,
      "Sensibilidad": 1.0,
      "Especificidad": 0.0,
      "Error": 0.7924528301886793,
      "TP_Rate": 1.0,
      "FP_Rate": 1.0,
      "ROC_AUC": 0.754193722943723,
      "confusion_matrix": [
        [
          0,
          168
        ],
        [
          0,
          44
        ]
      ]
    },
    "naive_bayes_gaussian": {
      "F1_Score": 0.34509803921568627,
      "Exactitud": 0.21226415094339623,
      "Precision": 0.20853080568720378,
      "Recall": 1.0,
      "Sensibilidad": 1.0,
      "Especificidad": 0.005952380952380952,
      "Error": 0.7877358490566038,
      "TP_Rate": 1.0,
      "FP_Rate": 0.9940476190476191,
      "ROC_AUC": 0.72754329004329,
      "confusion_matrix": [
        [
          1,
          167
        ],
        [
          0,
          44
        ]
      ]
    },
    "decision_tree": {
      "F1_Score": 0.5569620253164557,
      "Exactitud": 0.8349056603773585,
      "Precision": 0.6285714285714286,
      "Recall": 0.5,
      "Sensibilidad": 0.5,
      "Especificidad": 0.9226190476190477,
      "Error": 0.1650943396226415,
      "TP_Rate": 0.5,
      "FP_Rate": 0.07738095238095238,
      "ROC_AUC": 0.7529761904761906,
      "confusion_matrix": [
        [
          155,
          13
        ],
        [
          22,
          22
        ]
      ]
    }
  },
  "timestamp": "2025-11-28T13:32:07.592684"
}