{
  "dataset": "hbase-0.94.0",
  "balancing_method": "unbalanced",
  "scaler_type": "robust",
  "models": {
    "svm": {
      "F1_Score": 0.0,
      "F2_Score": 0.0,
      "Exactitud": 0.7924528301886793,
      "Accuracy": 0.7924528301886793,
      "Balanced_Accuracy": 0.5,
      "BER": 0.5,
      "MCC": 0.0,
      "Precision": 0.0,
      "Recall": 0.0,
      "Sensibilidad": 0.0,
      "Especificidad": 1.0,
      "Error": 0.20754716981132076,
      "TP_Rate": 0.0,
      "FP_Rate": 0.0,
      "ROC_AUC": 0.6250000000000001,
      "confusion_matrix": [
        [
          168,
          0
        ],
        [
          44,
          0
        ]
      ]
    },
    "naive_bayes_gaussian": {
      "F1_Score": 0.34509803921568627,
      "F2_Score": 0.5684754521963824,
      "Exactitud": 0.21226415094339623,
      "Accuracy": 0.21226415094339623,
      "Balanced_Accuracy": 0.5029761904761905,
      "BER": 0.49702380952380953,
      "MCC": 0.03523144612071956,
      "Precision": 0.20853080568720378,
      "Recall": 1.0,
      "Sensibilidad": 1.0,
      "Especificidad": 0.005952380952380952,
      "Error": 0.7877358490566038,
      "TP_Rate": 1.0,
      "FP_Rate": 0.9940476190476191,
      "ROC_AUC": 0.72754329004329,
      "confusion_matrix": [
        [
          1,
          167
        ],
        [
          0,
          44
        ]
      ]
    },
    "decision_tree": {
      "F1_Score": 0.4883720930232558,
      "F2_Score": 0.481651376146789,
      "Exactitud": 0.7924528301886793,
      "Accuracy": 0.7924528301886793,
      "Balanced_Accuracy": 0.6761363636363636,
      "BER": 0.32386363636363635,
      "MCC": 0.3584353997987322,
      "Precision": 0.5,
      "Recall": 0.4772727272727273,
      "Sensibilidad": 0.4772727272727273,
      "Especificidad": 0.875,
      "Error": 0.20754716981132076,
      "TP_Rate": 0.4772727272727273,
      "FP_Rate": 0.125,
      "ROC_AUC": 0.744724025974026,
      "confusion_matrix": [
        [
          147,
          21
        ],
        [
          23,
          21
        ]
      ]
    }
  },
  "timestamp": "2025-12-11T09:15:45.477272"
}