{
  "TP": 0,
  "TN": 168,
  "FP": 0,
  "FN": 44,
  "P": 44,
  "N": 168,
  "Total": 212,
  "Error": 0.20754716981132076,
  "Exactitud": 0.7924528301886793,
  "TP_Rate": 0.0,
  "FP_Rate": 0.0,
  "Precision": 0.0,
  "Recall": 0.0,
  "Sensibilidad": 0.0,
  "Especificidad": 1.0,
  "F1_Score": 0.0,
  "Accuracy_sklearn": 0.7924528301886793,
  "F2_Score": 0.0,
  "Balanced_Accuracy": 0.5,
  "BER": 0.5,
  "MCC": 0.0,
  "Accuracy": 0.7924528301886793,
  "ROC_AUC": 0.6250000000000001,
  "PR_AUC": 0.32962404211750834,
  "classification_report": {
    "No-Buggy": {
      "precision": 0.7924528301886793,
      "recall": 1.0,
      "f1-score": 0.8842105263157894,
      "support": 168.0
    },
    "Buggy": {
      "precision": 0.0,
      "recall": 0.0,
      "f1-score": 0.0,
      "support": 44.0
    },
    "accuracy": 0.7924528301886793,
    "macro avg": {
      "precision": 0.39622641509433965,
      "recall": 0.5,
      "f1-score": 0.4421052631578947,
      "support": 212.0
    },
    "weighted avg": {
      "precision": 0.6279814880740477,
      "recall": 0.7924528301886793,
      "f1-score": 0.700695134061569,
      "support": 212.0
    }
  },
  "confusion_matrix": [
    [
      168,
      0
    ],
    [
      44,
      0
    ]
  ],
  "training_time_seconds": 0.018361,
  "best_hyperparameters": {
    "C": 10,
    "gamma": 0.001,
    "kernel": "linear"
  },
  "timestamp": "2025-12-11T09:15:44.748142"
}