{
  "best_params": {
    "criterion": "gini",
    "max_depth": 10,
    "min_samples_leaf": 1,
    "min_samples_split": 2
  },
  "best_cv_score": 0.9156890979405101,
  "test_metrics": {
    "accuracy": 0.8186968838526912,
    "precision": 0.1724137931034483,
    "recall": 0.38461538461538464,
    "f1_score": 0.23809523809523808,
    "f2_score": 0.30864197530864196
  },
  "timestamp": "2025-12-11T09:19:37.564487",
  "confusion_matrix": [
    [
      279,
      48
    ],
    [
      16,
      10
    ]
  ],
  "labels": [
    0,
    1
  ]
}