{
  "best_params": {
    "criterion": "gini",
    "max_depth": 20,
    "min_samples_leaf": 2,
    "min_samples_split": 5
  },
  "best_cv_score": 0.8786497618786305,
  "test_metrics": {
    "accuracy": 0.8611898016997167,
    "precision": 0.23255813953488372,
    "recall": 0.38461538461538464,
    "f1_score": 0.2898550724637681
  },
  "timestamp": "2025-11-27T19:34:58.323972"
}