{
  "best_params": {
    "C": 10,
    "gamma": 0.1,
    "kernel": "rbf"
  },
  "best_cv_score": 0.9669750975345435,
  "test_metrics": {
    "accuracy": 0.9065155807365439,
    "precision": 0.3333333333333333,
    "recall": 0.2692307692307692,
    "f1_score": 0.2978723404255319,
    "f2_score": 0.28
  },
  "timestamp": "2025-12-11T09:19:37.490704",
  "confusion_matrix": [
    [
      313,
      14
    ],
    [
      19,
      7
    ]
  ],
  "labels": [
    0,
    1
  ]
}