{
  "best_params": {
    "C": 10,
    "gamma": 0.1,
    "kernel": "rbf"
  },
  "best_cv_score": 0.936964811692634,
  "test_metrics": {
    "accuracy": 0.9065155807365439,
    "precision": 0.3333333333333333,
    "recall": 0.2692307692307692,
    "f1_score": 0.2978723404255319
  },
  "timestamp": "2025-11-27T19:34:58.300622"
}