{
  "best_params": {
    "C": 0.01,
    "gamma": 1,
    "kernel": "rbf"
  },
  "best_cv_score": 1.0,
  "test_metrics": {
    "accuracy": 0.16147308781869688,
    "precision": 0.08074534161490683,
    "recall": 1.0,
    "f1_score": 0.14942528735632185
  },
  "timestamp": "2025-11-28T13:35:07.776567"
}