{
  "best_params": {
    "C": 10,
    "gamma": 0.1,
    "kernel": "rbf"
  },
  "best_cv_score": 0.9730985915492958,
  "test_metrics": {
    "accuracy": 0.9065155807365439,
    "precision": 0.3333333333333333,
    "recall": 0.2692307692307692,
    "f1_score": 0.2978723404255319
  },
  "timestamp": "2025-12-12T02:24:42.093391",
  "cv_folds": 10,
  "n_combinations_tested": 72,
  "total_fits": 720,
  "time_seconds": 20.843177,
  "dataset_info": {
    "n_samples": 1410,
    "n_features": 65
  }
}