{
  "TP": 35,
  "TN": 296,
  "FP": 22,
  "FN": 24,
  "P": 59,
  "N": 318,
  "Total": 377,
  "Error": 0.1220159151193634,
  "Exactitud": 0.8779840848806366,
  "TP_Rate": 0.5932203389830508,
  "FP_Rate": 0.06918238993710692,
  "Precision": 0.6140350877192983,
  "Recall": 0.5932203389830508,
  "Sensibilidad": 0.5932203389830508,
  "Especificidad": 0.9308176100628931,
  "F1_Score": 0.603448275862069,
  "Accuracy_sklearn": 0.8779840848806366,
  "best_hyperparameters": {
    "criterion": "entropy",
    "max_depth": 3,
    "min_samples_leaf": 1,
    "min_samples_split": 2
  },
  "cv_best_score": 0.5802536231884059,
  "timestamp": "2025-12-12T02:28:29.365907",
  "confusion_matrix": [
    [
      296,
      22
    ],
    [
      24,
      35
    ]
  ]
}