{
  "dataset": "hbase-0.94.0",
  "balancing_method": "csbboost",
  "scaler_type": "standard",
  "models": {
    "svm": {
      "F1_Score": 0.45977011494252873,
      "Exactitud": 0.7783018867924528,
      "Precision": 0.46511627906976744,
      "Recall": 0.45454545454545453,
      "Sensibilidad": 0.45454545454545453,
      "Especificidad": 0.8630952380952381,
      "Error": 0.22169811320754718,
      "TP_Rate": 0.45454545454545453,
      "FP_Rate": 0.13690476190476192,
      "ROC_AUC": 0.7340367965367967,
      "confusion_matrix": [
        [
          145,
          23
        ],
        [
          24,
          20
        ]
      ]
    },
    "naive_bayes_gaussian": {
      "F1_Score": 0.4329896907216495,
      "Exactitud": 0.7405660377358491,
      "Precision": 0.39622641509433965,
      "Recall": 0.4772727272727273,
      "Sensibilidad": 0.4772727272727273,
      "Especificidad": 0.8095238095238095,
      "Error": 0.25943396226415094,
      "TP_Rate": 0.4772727272727273,
      "FP_Rate": 0.19047619047619047,
      "ROC_AUC": 0.7453327922077922,
      "confusion_matrix": [
        [
          136,
          32
        ],
        [
          23,
          21
        ]
      ]
    },
    "decision_tree": {
      "F1_Score": 0.5858585858585859,
      "Exactitud": 0.8066037735849056,
      "Precision": 0.5272727272727272,
      "Recall": 0.6590909090909091,
      "Sensibilidad": 0.6590909090909091,
      "Especificidad": 0.8452380952380952,
      "Error": 0.19339622641509435,
      "TP_Rate": 0.6590909090909091,
      "FP_Rate": 0.15476190476190477,
      "ROC_AUC": 0.7834821428571429,
      "confusion_matrix": [
        [
          142,
          26
        ],
        [
          15,
          29
        ]
      ]
    }
  },
  "timestamp": "2025-11-27T19:32:47.187911"
}