{
  "dataset": "hbase-0.94.0",
  "balancing_method": "csbboost",
  "scaler_type": "standard",
  "models": {
    "svm": {
      "F1_Score": 0.4327485380116959,
      "Exactitud": 0.5424528301886793,
      "Precision": 0.29133858267716534,
      "Recall": 0.8409090909090909,
      "Sensibilidad": 0.8409090909090909,
      "Especificidad": 0.4642857142857143,
      "Error": 0.45754716981132076,
      "TP_Rate": 0.8409090909090909,
      "FP_Rate": 0.5357142857142857,
      "ROC_AUC": 0.7420183982683983,
      "confusion_matrix": [
        [
          78,
          90
        ],
        [
          7,
          37
        ]
      ]
    },
    "naive_bayes_gaussian": {
      "F1_Score": 0.4329896907216495,
      "Exactitud": 0.7405660377358491,
      "Precision": 0.39622641509433965,
      "Recall": 0.4772727272727273,
      "Sensibilidad": 0.4772727272727273,
      "Especificidad": 0.8095238095238095,
      "Error": 0.25943396226415094,
      "TP_Rate": 0.4772727272727273,
      "FP_Rate": 0.19047619047619047,
      "ROC_AUC": 0.7453327922077922,
      "confusion_matrix": [
        [
          136,
          32
        ],
        [
          23,
          21
        ]
      ]
    },
    "decision_tree": {
      "F1_Score": 0.5714285714285714,
      "Exactitud": 0.8160377358490566,
      "Precision": 0.5531914893617021,
      "Recall": 0.5909090909090909,
      "Sensibilidad": 0.5909090909090909,
      "Especificidad": 0.875,
      "Error": 0.18396226415094338,
      "TP_Rate": 0.5909090909090909,
      "FP_Rate": 0.125,
      "ROC_AUC": 0.6647727272727273,
      "confusion_matrix": [
        [
          147,
          21
        ],
        [
          18,
          26
        ]
      ]
    }
  },
  "timestamp": "2025-11-28T13:32:08.432057"
}