{
  "dataset": "hbase-0.94.0",
  "balancing_method": "csbboost",
  "scaler_type": "standard",
  "models": {
    "svm": {
      "F1_Score": 0.4523809523809524,
      "F2_Score": 0.4398148148148148,
      "Exactitud": 0.7830188679245284,
      "Accuracy": 0.7830188679245284,
      "Balanced_Accuracy": 0.6534090909090909,
      "BER": 0.34659090909090906,
      "MCC": 0.3180298262768625,
      "Precision": 0.475,
      "Recall": 0.4318181818181818,
      "Sensibilidad": 0.4318181818181818,
      "Especificidad": 0.875,
      "Error": 0.2169811320754717,
      "TP_Rate": 0.4318181818181818,
      "FP_Rate": 0.125,
      "ROC_AUC": 0.7624458874458875,
      "confusion_matrix": [
        [
          147,
          21
        ],
        [
          25,
          19
        ]
      ]
    },
    "naive_bayes_gaussian": {
      "F1_Score": 0.4329896907216495,
      "F2_Score": 0.4585152838427948,
      "Exactitud": 0.7405660377358491,
      "Accuracy": 0.7405660377358491,
      "Balanced_Accuracy": 0.6433982683982684,
      "BER": 0.3566017316017316,
      "MCC": 0.26860765467512676,
      "Precision": 0.39622641509433965,
      "Recall": 0.4772727272727273,
      "Sensibilidad": 0.4772727272727273,
      "Especificidad": 0.8095238095238095,
      "Error": 0.25943396226415094,
      "TP_Rate": 0.4772727272727273,
      "FP_Rate": 0.19047619047619047,
      "ROC_AUC": 0.7453327922077922,
      "confusion_matrix": [
        [
          136,
          32
        ],
        [
          23,
          21
        ]
      ]
    },
    "decision_tree": {
      "F1_Score": 0.6666666666666666,
      "F2_Score": 0.7142857142857143,
      "Exactitud": 0.8443396226415094,
      "Accuracy": 0.8443396226415094,
      "Balanced_Accuracy": 0.8095238095238095,
      "BER": 0.19047619047619047,
      "MCC": 0.5727615632273043,
      "Precision": 0.6,
      "Recall": 0.75,
      "Sensibilidad": 0.75,
      "Especificidad": 0.8690476190476191,
      "Error": 0.15566037735849056,
      "TP_Rate": 0.75,
      "FP_Rate": 0.13095238095238096,
      "ROC_AUC": 0.8136498917748917,
      "confusion_matrix": [
        [
          146,
          22
        ],
        [
          11,
          33
        ]
      ]
    }
  },
  "timestamp": "2025-12-11T09:15:46.227507"
}