{
  "TP": 33,
  "TN": 146,
  "FP": 22,
  "FN": 11,
  "P": 44,
  "N": 168,
  "Total": 212,
  "Error": 0.15566037735849056,
  "Exactitud": 0.8443396226415094,
  "TP_Rate": 0.75,
  "FP_Rate": 0.13095238095238096,
  "Precision": 0.6,
  "Recall": 0.75,
  "Sensibilidad": 0.75,
  "Especificidad": 0.8690476190476191,
  "F1_Score": 0.6666666666666666,
  "Accuracy_sklearn": 0.8443396226415094,
  "F2_Score": 0.7142857142857143,
  "Balanced_Accuracy": 0.8095238095238095,
  "BER": 0.19047619047619047,
  "MCC": 0.5727615632273043,
  "Accuracy": 0.8443396226415094,
  "ROC_AUC": 0.8136498917748917,
  "PR_AUC": 0.6590391777856357,
  "classification_report": {
    "No-Buggy": {
      "precision": 0.9299363057324841,
      "recall": 0.8690476190476191,
      "f1-score": 0.8984615384615384,
      "support": 168.0
    },
    "Buggy": {
      "precision": 0.6,
      "recall": 0.75,
      "f1-score": 0.6666666666666666,
      "support": 44.0
    },
    "accuracy": 0.8443396226415094,
    "macro avg": {
      "precision": 0.764968152866242,
      "recall": 0.8095238095238095,
      "f1-score": 0.7825641025641026,
      "support": 212.0
    },
    "weighted avg": {
      "precision": 0.8614589592597044,
      "recall": 0.8443396226415094,
      "f1-score": 0.8503531688437348,
      "support": 212.0
    }
  },
  "confusion_matrix": [
    [
      146,
      22
    ],
    [
      11,
      33
    ]
  ],
  "training_time_seconds": 0.009459,
  "best_hyperparameters": {
    "criterion": "gini",
    "max_depth": 5,
    "min_samples_leaf": 1,
    "min_samples_split": 2
  },
  "timestamp": "2025-12-11T09:15:46.005676"
}