{
  "TP": 26,
  "TN": 147,
  "FP": 21,
  "FN": 18,
  "P": 44,
  "N": 168,
  "Total": 212,
  "Error": 0.18396226415094338,
  "Exactitud": 0.8160377358490566,
  "TP_Rate": 0.5909090909090909,
  "FP_Rate": 0.125,
  "Precision": 0.5531914893617021,
  "Recall": 0.5909090909090909,
  "Sensibilidad": 0.5909090909090909,
  "Especificidad": 0.875,
  "F1_Score": 0.5714285714285714,
  "Accuracy_sklearn": 0.8160377358490566,
  "ROC_AUC": 0.6647727272727273,
  "PR_AUC": 0.449134393582822,
  "classification_report": {
    "No-Buggy": {
      "precision": 0.8909090909090909,
      "recall": 0.875,
      "f1-score": 0.8828828828828829,
      "support": 168.0
    },
    "Buggy": {
      "precision": 0.5531914893617021,
      "recall": 0.5909090909090909,
      "f1-score": 0.5714285714285714,
      "support": 44.0
    },
    "accuracy": 0.8160377358490566,
    "macro avg": {
      "precision": 0.7220502901353965,
      "recall": 0.7329545454545454,
      "f1-score": 0.7271557271557272,
      "support": 212.0
    },
    "weighted avg": {
      "precision": 0.8208167585124629,
      "recall": 0.8160377358490566,
      "f1-score": 0.8182414220150069,
      "support": 212.0
    }
  },
  "confusion_matrix": [
    [
      147,
      21
    ],
    [
      18,
      26
    ]
  ],
  "training_time_seconds": 0.009816,
  "best_hyperparameters": {
    "criterion": "entropy",
    "max_depth": 5,
    "min_samples_leaf": 1,
    "min_samples_split": 10
  },
  "timestamp": "2025-11-28T13:32:08.174618"
}