{
  "TP": 21,
  "TN": 136,
  "FP": 32,
  "FN": 23,
  "P": 44,
  "N": 168,
  "Total": 212,
  "Error": 0.25943396226415094,
  "Exactitud": 0.7405660377358491,
  "TP_Rate": 0.4772727272727273,
  "FP_Rate": 0.19047619047619047,
  "Precision": 0.39622641509433965,
  "Recall": 0.4772727272727273,
  "Sensibilidad": 0.4772727272727273,
  "Especificidad": 0.8095238095238095,
  "F1_Score": 0.4329896907216495,
  "Accuracy_sklearn": 0.7405660377358491,
  "ROC_AUC": 0.7453327922077922,
  "PR_AUC": 0.4642504647472575,
  "classification_report": {
    "No-Buggy": {
      "precision": 0.8553459119496856,
      "recall": 0.8095238095238095,
      "f1-score": 0.8318042813455657,
      "support": 168.0
    },
    "Buggy": {
      "precision": 0.39622641509433965,
      "recall": 0.4772727272727273,
      "f1-score": 0.4329896907216495,
      "support": 44.0
    },
    "accuracy": 0.7405660377358491,
    "macro avg": {
      "precision": 0.6257861635220126,
      "recall": 0.6433982683982684,
      "f1-score": 0.6323969860336076,
      "support": 212.0
    },
    "weighted avg": {
      "precision": 0.760056959772161,
      "recall": 0.7405660377358491,
      "f1-score": 0.7490314417821113,
      "support": 212.0
    }
  },
  "confusion_matrix": [
    [
      136,
      32
    ],
    [
      23,
      21
    ]
  ],
  "training_time_seconds": 0.00079,
  "best_hyperparameters": {
    "var_smoothing": 0.0001
  },
  "timestamp": "2025-11-27T19:32:46.657460"
}