{
  "TP": 37,
  "TN": 78,
  "FP": 90,
  "FN": 7,
  "P": 44,
  "N": 168,
  "Total": 212,
  "Error": 0.45754716981132076,
  "Exactitud": 0.5424528301886793,
  "TP_Rate": 0.8409090909090909,
  "FP_Rate": 0.5357142857142857,
  "Precision": 0.29133858267716534,
  "Recall": 0.8409090909090909,
  "Sensibilidad": 0.8409090909090909,
  "Especificidad": 0.4642857142857143,
  "F1_Score": 0.4327485380116959,
  "Accuracy_sklearn": 0.5424528301886793,
  "ROC_AUC": 0.7420183982683983,
  "PR_AUC": 0.43051744237985656,
  "classification_report": {
    "No-Buggy": {
      "precision": 0.9176470588235294,
      "recall": 0.4642857142857143,
      "f1-score": 0.616600790513834,
      "support": 168.0
    },
    "Buggy": {
      "precision": 0.29133858267716534,
      "recall": 0.8409090909090909,
      "f1-score": 0.4327485380116959,
      "support": 44.0
    },
    "accuracy": 0.5424528301886793,
    "macro avg": {
      "precision": 0.6044928207503474,
      "recall": 0.6525974025974026,
      "f1-score": 0.5246746642627649,
      "support": 212.0
    },
    "weighted avg": {
      "precision": 0.7876585071705104,
      "recall": 0.5424528301886793,
      "f1-score": 0.578442775843579,
      "support": 212.0
    }
  },
  "confusion_matrix": [
    [
      78,
      90
    ],
    [
      7,
      37
    ]
  ],
  "training_time_seconds": 0.010784,
  "best_hyperparameters": {
    "C": 0.1,
    "gamma": 0.1,
    "kernel": "rbf"
  },
  "timestamp": "2025-11-28T13:32:07.626318"
}