{
  "TP": 19,
  "TN": 147,
  "FP": 21,
  "FN": 25,
  "P": 44,
  "N": 168,
  "Total": 212,
  "Error": 0.2169811320754717,
  "Exactitud": 0.7830188679245284,
  "TP_Rate": 0.4318181818181818,
  "FP_Rate": 0.125,
  "Precision": 0.475,
  "Recall": 0.4318181818181818,
  "Sensibilidad": 0.4318181818181818,
  "Especificidad": 0.875,
  "F1_Score": 0.4523809523809524,
  "Accuracy_sklearn": 0.7830188679245284,
  "F2_Score": 0.4398148148148148,
  "Balanced_Accuracy": 0.6534090909090909,
  "BER": 0.34659090909090906,
  "MCC": 0.3180298262768625,
  "Accuracy": 0.7830188679245284,
  "ROC_AUC": 0.7624458874458875,
  "PR_AUC": 0.4363403735435156,
  "classification_report": {
    "No-Buggy": {
      "precision": 0.8546511627906976,
      "recall": 0.875,
      "f1-score": 0.8647058823529412,
      "support": 168.0
    },
    "Buggy": {
      "precision": 0.475,
      "recall": 0.4318181818181818,
      "f1-score": 0.4523809523809524,
      "support": 44.0
    },
    "accuracy": 0.7830188679245284,
    "macro avg": {
      "precision": 0.6648255813953488,
      "recall": 0.6534090909090909,
      "f1-score": 0.6585434173669468,
      "support": 212.0
    },
    "weighted avg": {
      "precision": 0.7758556384379113,
      "recall": 0.7830188679245284,
      "f1-score": 0.7791290100946039,
      "support": 212.0
    }
  },
  "confusion_matrix": [
    [
      147,
      21
    ],
    [
      25,
      19
    ]
  ],
  "training_time_seconds": 0.014025,
  "best_hyperparameters": {
    "C": 100,
    "gamma": "auto",
    "kernel": "rbf"
  },
  "timestamp": "2025-12-11T09:15:45.510073"
}