{
  "TP": 20,
  "TN": 145,
  "FP": 23,
  "FN": 24,
  "P": 44,
  "N": 168,
  "Total": 212,
  "Error": 0.22169811320754718,
  "Exactitud": 0.7783018867924528,
  "TP_Rate": 0.45454545454545453,
  "FP_Rate": 0.13690476190476192,
  "Precision": 0.46511627906976744,
  "Recall": 0.45454545454545453,
  "Sensibilidad": 0.45454545454545453,
  "Especificidad": 0.8630952380952381,
  "F1_Score": 0.45977011494252873,
  "Accuracy_sklearn": 0.7783018867924528,
  "ROC_AUC": 0.7340367965367967,
  "PR_AUC": 0.46056334535094473,
  "classification_report": {
    "No-Buggy": {
      "precision": 0.8579881656804734,
      "recall": 0.8630952380952381,
      "f1-score": 0.8605341246290801,
      "support": 168.0
    },
    "Buggy": {
      "precision": 0.46511627906976744,
      "recall": 0.45454545454545453,
      "f1-score": 0.45977011494252873,
      "support": 44.0
    },
    "accuracy": 0.7783018867924528,
    "macro avg": {
      "precision": 0.6615522223751205,
      "recall": 0.6588203463203464,
      "f1-score": 0.6601521197858045,
      "support": 212.0
    },
    "weighted avg": {
      "precision": 0.7764487175159873,
      "recall": 0.7783018867924528,
      "f1-score": 0.7773566886563996,
      "support": 212.0
    }
  },
  "confusion_matrix": [
    [
      145,
      23
    ],
    [
      24,
      20
    ]
  ],
  "training_time_seconds": 0.066264,
  "best_hyperparameters": {
    "C": 100,
    "gamma": 0.01,
    "kernel": "rbf"
  },
  "timestamp": "2025-11-27T19:58:25.132551"
}