{
  "best_params": {
    "criterion": "gini",
    "max_depth": 10,
    "min_samples_leaf": 1,
    "min_samples_split": 2
  },
  "best_cv_score": 0.8438032215040526,
  "test_metrics": {
    "accuracy": 0.7652495378927912,
    "precision": 0.323943661971831,
    "recall": 0.5974025974025974,
    "f1_score": 0.4200913242009132
  },
  "timestamp": "2025-11-28T13:29:21.030810"
}