{
  "best_params": {
    "criterion": "entropy",
    "max_depth": 20,
    "min_samples_leaf": 1,
    "min_samples_split": 2
  },
  "best_cv_score": 0.8512317363234795,
  "test_metrics": {
    "accuracy": 0.7837338262476895,
    "precision": 0.3387096774193548,
    "recall": 0.5454545454545454,
    "f1_score": 0.417910447761194
  },
  "timestamp": "2025-12-12T02:10:04.052489",
  "cv_folds": 10,
  "n_combinations_tested": 160,
  "total_fits": 1600,
  "time_seconds": 7.635517,
  "dataset_info": {
    "n_samples": 2164,
    "n_features": 65
  }
}