{
  "best_params": {
    "var_smoothing": 1e-09
  },
  "best_cv_score": 0.4643356005695868,
  "test_metrics": {
    "accuracy": 0.8484288354898336,
    "precision": 0.4657534246575342,
    "recall": 0.44155844155844154,
    "f1_score": 0.4533333333333333,
    "f2_score": 0.4461942257217848
  },
  "timestamp": "2025-12-11T09:11:53.616064",
  "confusion_matrix": [
    [
      425,
      39
    ],
    [
      43,
      34
    ]
  ],
  "labels": [
    0,
    1
  ]
}