{
  "best_params": {
    "var_smoothing": 1e-09
  },
  "best_cv_score": 0.4233020416538422,
  "test_metrics": {
    "accuracy": 0.8484288354898336,
    "precision": 0.4657534246575342,
    "recall": 0.44155844155844154,
    "f1_score": 0.4533333333333333
  },
  "timestamp": "2025-11-28T13:29:18.995075"
}