{
  "best_params": {
    "var_smoothing": 1e-09
  },
  "best_cv_score": 0.4187308868501529,
  "test_metrics": {
    "accuracy": 0.8484288354898336,
    "precision": 0.4657534246575342,
    "recall": 0.44155844155844154,
    "f1_score": 0.4533333333333333
  },
  "timestamp": "2025-12-12T02:09:59.207007",
  "cv_folds": 10,
  "n_combinations_tested": 6,
  "total_fits": 60,
  "time_seconds": 2.79048,
  "dataset_info": {
    "n_samples": 2164,
    "n_features": 65
  }
}