{
  "best_params": {
    "var_smoothing": 1e-09
  },
  "best_cv_score": 0.5606227808013996,
  "test_metrics": {
    "accuracy": 0.8484288354898336,
    "precision": 0.4657534246575342,
    "recall": 0.44155844155844154,
    "f1_score": 0.4533333333333333
  },
  "timestamp": "2025-11-27T19:56:06.128769"
}