{
  "best_params": {
    "C": 100,
    "gamma": 0.1,
    "kernel": "rbf"
  },
  "best_cv_score": 0.9325008494733265,
  "test_metrics": {
    "accuracy": 0.7855822550831792,
    "precision": 0.2808988764044944,
    "recall": 0.3246753246753247,
    "f1_score": 0.30120481927710846
  },
  "timestamp": "2025-12-12T02:10:47.764379",
  "cv_folds": 10,
  "n_combinations_tested": 72,
  "total_fits": 720,
  "time_seconds": 51.348984,
  "dataset_info": {
    "n_samples": 2164,
    "n_features": 65
  }
}