{
  "best_params": {
    "C": 100,
    "gamma": 0.1,
    "kernel": "rbf"
  },
  "best_cv_score": 0.9189580155568745,
  "test_metrics": {
    "accuracy": 0.7855822550831792,
    "precision": 0.2808988764044944,
    "recall": 0.3246753246753247,
    "f1_score": 0.30120481927710846,
    "f2_score": 0.3148614609571788
  },
  "timestamp": "2025-12-11T09:12:02.622935",
  "confusion_matrix": [
    [
      400,
      64
    ],
    [
      52,
      25
    ]
  ],
  "labels": [
    0,
    1
  ]
}