{
  "best_params": {
    "C": 1000,
    "gamma": 0.1,
    "kernel": "rbf"
  },
  "best_cv_score": 0.9177285318559557,
  "test_metrics": {
    "accuracy": 0.789279112754159,
    "precision": 0.29213483146067415,
    "recall": 0.33766233766233766,
    "f1_score": 0.3132530120481928
  },
  "timestamp": "2025-11-28T13:29:21.166566"
}