{
  "best_params": {
    "criterion": "gini",
    "max_depth": 5,
    "min_samples_leaf": 1,
    "min_samples_split": 5
  },
  "best_cv_score": 0.5385620915032681,
  "test_metrics": {
    "accuracy": 0.8301886792452831,
    "precision": 0.6666666666666666,
    "recall": 0.36363636363636365,
    "f1_score": 0.47058823529411764
  },
  "timestamp": "2025-12-12T02:34:29.675231",
  "cv_folds": 10,
  "n_combinations_tested": 160,
  "total_fits": 1600,
  "time_seconds": 3.661564,
  "dataset_info": {
    "n_samples": 847,
    "n_features": 20
  }
}