{
  "best_params": {
    "criterion": "entropy",
    "max_depth": 3,
    "min_samples_leaf": 1,
    "min_samples_split": 2
  },
  "best_cv_score": 0.5802536231884059,
  "test_metrics": {
    "accuracy": 0.8779840848806366,
    "precision": 0.6140350877192983,
    "recall": 0.5932203389830508,
    "f1_score": 0.603448275862069
  },
  "timestamp": "2025-12-12T02:26:15.775290",
  "cv_folds": 10,
  "n_combinations_tested": 160,
  "total_fits": 1600,
  "time_seconds": 3.671578,
  "dataset_info": {
    "n_samples": 1507,
    "n_features": 20
  }
}