{
  "best_params": {
    "C": 1000,
    "gamma": 0.001,
    "kernel": "linear"
  },
  "best_cv_score": 0.6190217391304349,
  "test_metrics": {
    "accuracy": 0.7851458885941645,
    "precision": 0.3625,
    "recall": 0.4915254237288136,
    "f1_score": 0.4172661870503597
  },
  "timestamp": "2025-12-12T02:26:25.764189",
  "cv_folds": 10,
  "n_combinations_tested": 72,
  "total_fits": 720,
  "time_seconds": 13.661453,
  "dataset_info": {
    "n_samples": 1507,
    "n_features": 20
  }
}