{
  "TP": 35,
  "TN": 267,
  "FP": 51,
  "FN": 24,
  "P": 59,
  "N": 318,
  "Total": 377,
  "Error": 0.1989389920424403,
  "Exactitud": 0.8010610079575596,
  "TP_Rate": 0.5932203389830508,
  "FP_Rate": 0.16037735849056603,
  "Precision": 0.4069767441860465,
  "Recall": 0.5932203389830508,
  "Sensibilidad": 0.5932203389830508,
  "Especificidad": 0.839622641509434,
  "F1_Score": 0.4827586206896552,
  "Accuracy_sklearn": 0.8010610079575596,
  "best_hyperparameters": {
    "criterion": "entropy",
    "max_depth": 20,
    "min_samples_leaf": 1,
    "min_samples_split": 2
  },
  "cv_best_score": 0.9006315789473686,
  "timestamp": "2025-12-12T02:28:29.419196",
  "confusion_matrix": [
    [
      267,
      51
    ],
    [
      24,
      35
    ]
  ]
}