{
  "best_params": {
    "criterion": "entropy",
    "max_depth": 3,
    "min_samples_leaf": 1,
    "min_samples_split": 2
  },
  "best_cv_score": 0.9299694189602447,
  "test_metrics": {
    "accuracy": 0.7757575757575758,
    "precision": 0.23255813953488372,
    "recall": 0.7142857142857143,
    "f1_score": 0.3508771929824561
  },
  "timestamp": "2025-11-28T13:30:37.067480"
}