{
  "best_params": {
    "C": 0.1,
    "gamma": 0.1,
    "kernel": "rbf"
  },
  "best_cv_score": 0.9633522727272726,
  "test_metrics": {
    "accuracy": 0.5151515151515151,
    "precision": 0.13333333333333333,
    "recall": 0.8571428571428571,
    "f1_score": 0.23076923076923078
  },
  "timestamp": "2025-12-12T02:15:24.043960",
  "cv_folds": 10,
  "n_combinations_tested": 72,
  "total_fits": 720,
  "time_seconds": 10.244816,
  "dataset_info": {
    "n_samples": 656,
    "n_features": 65
  }
}