{
  "best_params": {
    "C": 1,
    "gamma": "auto",
    "kernel": "rbf"
  },
  "best_cv_score": 0.9166801378542495,
  "test_metrics": {
    "accuracy": 0.793939393939394,
    "precision": 0.23684210526315788,
    "recall": 0.6428571428571429,
    "f1_score": 0.34615384615384615,
    "f2_score": 0.4787234042553192
  },
  "timestamp": "2025-12-11T09:13:51.393122",
  "confusion_matrix": [
    [
      122,
      29
    ],
    [
      5,
      9
    ]
  ],
  "labels": [
    0,
    1
  ]
}