{
  "best_params": {
    "C": 1,
    "gamma": 0.1,
    "kernel": "rbf"
  },
  "best_cv_score": 0.9877953850430915,
  "test_metrics": {
    "accuracy": 0.896969696969697,
    "precision": 0.36363636363636365,
    "recall": 0.2857142857142857,
    "f1_score": 0.32
  },
  "timestamp": "2025-11-28T13:30:36.877950"
}