{
  "best_params": {
    "C": 100,
    "gamma": "auto",
    "kernel": "rbf"
  },
  "best_cv_score": 0.9021170703413693,
  "test_metrics": {
    "accuracy": 0.8606060606060606,
    "precision": 0.2,
    "recall": 0.21428571428571427,
    "f1_score": 0.20689655172413793
  },
  "timestamp": "2025-11-27T19:31:35.393058"
}