{
  "TP": 14,
  "TN": 212,
  "FP": 15,
  "FN": 43,
  "P": 57,
  "N": 227,
  "Total": 284,
  "Error": 0.20422535211267606,
  "Exactitud": 0.795774647887324,
  "TP_Rate": 0.24561403508771928,
  "FP_Rate": 0.06607929515418502,
  "Precision": 0.4827586206896552,
  "Recall": 0.24561403508771928,
  "Sensibilidad": 0.24561403508771928,
  "Especificidad": 0.933920704845815,
  "F1_Score": 0.32558139534883723,
  "Accuracy_sklearn": 0.795774647887324,
  "best_hyperparameters": {
    "C": 0.1,
    "gamma": 0.001,
    "kernel": "linear"
  },
  "cv_best_score": 0.7047430830039526,
  "timestamp": "2025-12-12T02:20:44.408627",
  "confusion_matrix": [
    [
      212,
      15
    ],
    [
      43,
      14
    ]
  ]
}