{
  "TP": 26,
  "TN": 140,
  "FP": 28,
  "FN": 18,
  "P": 44,
  "N": 168,
  "Total": 212,
  "Error": 0.2169811320754717,
  "Exactitud": 0.7830188679245284,
  "TP_Rate": 0.5909090909090909,
  "FP_Rate": 0.16666666666666666,
  "Precision": 0.48148148148148145,
  "Recall": 0.5909090909090909,
  "Sensibilidad": 0.5909090909090909,
  "Especificidad": 0.8333333333333334,
  "F1_Score": 0.5306122448979592,
  "Accuracy_sklearn": 0.7830188679245284,
  "best_hyperparameters": {
    "criterion": "entropy",
    "max_depth": 10,
    "min_samples_leaf": 1,
    "min_samples_split": 2
  },
  "cv_best_score": 0.872314507198228,
  "timestamp": "2025-12-12T02:18:03.110262",
  "confusion_matrix": [
    [
      140,
      28
    ],
    [
      18,
      26
    ]
  ]
}