{
  "TP": 39,
  "TN": 271,
  "FP": 47,
  "FN": 20,
  "P": 59,
  "N": 318,
  "Total": 377,
  "Error": 0.17771883289124668,
  "Exactitud": 0.8222811671087533,
  "TP_Rate": 0.6610169491525424,
  "FP_Rate": 0.14779874213836477,
  "Precision": 0.45348837209302323,
  "Recall": 0.6610169491525424,
  "Sensibilidad": 0.6610169491525424,
  "Especificidad": 0.8522012578616353,
  "F1_Score": 0.5379310344827586,
  "Accuracy_sklearn": 0.8222811671087533,
  "best_hyperparameters": {
    "criterion": "entropy",
    "max_depth": 20,
    "min_samples_leaf": 1,
    "min_samples_split": 2
  },
  "cv_best_score": 0.913719298245614,
  "timestamp": "2025-12-12T02:28:29.529635",
  "confusion_matrix": [
    [
      271,
      47
    ],
    [
      20,
      39
    ]
  ]
}