{
  "best_params": {
    "criterion": "entropy",
    "max_depth": 10,
    "min_samples_leaf": 1,
    "min_samples_split": 2
  },
  "best_cv_score": 0.9248275862068965,
  "test_metrics": {
    "accuracy": 0.8707482993197279,
    "precision": 0.4583333333333333,
    "recall": 0.6470588235294118,
    "f1_score": 0.5365853658536586
  },
  "timestamp": "2025-12-12T02:38:42.297679",
  "cv_folds": 10,
  "n_combinations_tested": 160,
  "total_fits": 1600,
  "time_seconds": 3.564994,
  "dataset_info": {
    "n_samples": 584,
    "n_features": 20
  }
}