{
  "best_params": {
    "C": 1000,
    "gamma": 1,
    "kernel": "rbf"
  },
  "best_cv_score": 0.9726436781609197,
  "test_metrics": {
    "accuracy": 0.8775510204081632,
    "precision": 0.48,
    "recall": 0.7058823529411765,
    "f1_score": 0.5714285714285714
  },
  "timestamp": "2025-12-12T02:38:45.137440",
  "cv_folds": 10,
  "n_combinations_tested": 72,
  "total_fits": 720,
  "time_seconds": 6.405679,
  "dataset_info": {
    "n_samples": 584,
    "n_features": 20
  }
}