{
  "TP": 37,
  "TN": 76,
  "FP": 92,
  "FN": 7,
  "P": 44,
  "N": 168,
  "Total": 212,
  "Error": 0.4669811320754717,
  "Exactitud": 0.5330188679245284,
  "TP_Rate": 0.8409090909090909,
  "FP_Rate": 0.5476190476190477,
  "Precision": 0.2868217054263566,
  "Recall": 0.8409090909090909,
  "Sensibilidad": 0.8409090909090909,
  "Especificidad": 0.4523809523809524,
  "F1_Score": 0.4277456647398844,
  "Accuracy_sklearn": 0.5330188679245284,
  "best_hyperparameters": {
    "C": 0.1,
    "gamma": 0.1,
    "kernel": "rbf"
  },
  "cv_best_score": 0.893576965669989,
  "timestamp": "2025-12-12T02:18:03.155121",
  "confusion_matrix": [
    [
      76,
      92
    ],
    [
      7,
      37
    ]
  ]
}