{
  "TP": 22,
  "TN": 165,
  "FP": 162,
  "FN": 4,
  "P": 26,
  "N": 327,
  "Total": 353,
  "Error": 0.4702549575070821,
  "Exactitud": 0.5297450424929179,
  "TP_Rate": 0.8461538461538461,
  "FP_Rate": 0.4954128440366973,
  "Precision": 0.11956521739130435,
  "Recall": 0.8461538461538461,
  "Sensibilidad": 0.8461538461538461,
  "Especificidad": 0.5045871559633027,
  "F1_Score": 0.20952380952380953,
  "Accuracy_sklearn": 0.5297450424929179,
  "best_hyperparameters": {
    "C": 0.1,
    "gamma": 1,
    "kernel": "rbf"
  },
  "cv_best_score": 0.9673641851106639,
  "timestamp": "2025-12-12T02:41:28.093735",
  "confusion_matrix": [
    [
      165,
      162
    ],
    [
      4,
      22
    ]
  ]
}