{
  "best_params": {
    "criterion": "entropy",
    "max_depth": null,
    "min_samples_leaf": 1,
    "min_samples_split": 2
  },
  "best_cv_score": 0.8401715936119606,
  "test_metrics": {
    "accuracy": 0.7282809611829945,
    "precision": 0.26973684210526316,
    "recall": 0.5324675324675324,
    "f1_score": 0.35807860262008734
  },
  "timestamp": "2025-12-12T02:31:21.762977",
  "cv_folds": 10,
  "n_combinations_tested": 160,
  "total_fits": 1600,
  "time_seconds": 4.983101,
  "dataset_info": {
    "n_samples": 2164,
    "n_features": 20
  }
}