{
  "best_params": {
    "var_smoothing": 1e-09
  },
  "best_cv_score": 0.013863404689092761,
  "test_metrics": {
    "accuracy": 0.8558225508317929,
    "precision": 0.4,
    "recall": 0.025974025974025976,
    "f1_score": 0.04878048780487805
  },
  "timestamp": "2025-12-12T02:31:19.343773",
  "cv_folds": 10,
  "n_combinations_tested": 6,
  "total_fits": 60,
  "time_seconds": 2.564147,
  "dataset_info": {
    "n_samples": 2164,
    "n_features": 20
  }
}