{
  "best_params": {
    "criterion": "gini",
    "max_depth": 5,
    "min_samples_leaf": 1,
    "min_samples_split": 2
  },
  "best_cv_score": 0.9318913480885312,
  "test_metrics": {
    "accuracy": 0.7677053824362606,
    "precision": 0.16666666666666666,
    "recall": 0.5384615384615384,
    "f1_score": 0.2545454545454545
  },
  "timestamp": "2025-12-12T02:40:51.364999",
  "cv_folds": 10,
  "n_combinations_tested": 160,
  "total_fits": 1600,
  "time_seconds": 4.524776,
  "dataset_info": {
    "n_samples": 1410,
    "n_features": 20
  }
}