{
  "best_params": {
    "C": 0.1,
    "gamma": 1,
    "kernel": "rbf"
  },
  "best_cv_score": 0.9673641851106639,
  "test_metrics": {
    "accuracy": 0.5297450424929179,
    "precision": 0.11956521739130435,
    "recall": 0.8461538461538461,
    "f1_score": 0.20952380952380953
  },
  "timestamp": "2025-12-12T02:41:05.644502",
  "cv_folds": 10,
  "n_combinations_tested": 72,
  "total_fits": 720,
  "time_seconds": 18.805233,
  "dataset_info": {
    "n_samples": 1410,
    "n_features": 20
  }
}