{
  "best_params": {
    "criterion": "gini",
    "max_depth": 20,
    "min_samples_leaf": 1,
    "min_samples_split": 2
  },
  "best_cv_score": 0.30840336134453783,
  "test_metrics": {
    "accuracy": 0.886685552407932,
    "precision": 0.23076923076923078,
    "recall": 0.23076923076923078,
    "f1_score": 0.23076923076923078
  },
  "timestamp": "2025-11-28T13:34:31.609845"
}