{
  "best_params": {
    "criterion": "entropy",
    "max_depth": 20,
    "min_samples_leaf": 2,
    "min_samples_split": 10
  },
  "best_cv_score": 0.39818181818181814,
  "test_metrics": {
    "accuracy": 0.8980169971671388,
    "precision": 0.2222222222222222,
    "recall": 0.15384615384615385,
    "f1_score": 0.18181818181818182
  },
  "timestamp": "2025-12-12T02:22:23.606709",
  "cv_folds": 10,
  "n_combinations_tested": 160,
  "total_fits": 1600,
  "time_seconds": 4.547647,
  "dataset_info": {
    "n_samples": 1410,
    "n_features": 65
  }
}