{
  "best_params": {
    "var_smoothing": 1e-09
  },
  "best_cv_score": 0.39721448313474694,
  "test_metrics": {
    "accuracy": 0.8838526912181303,
    "precision": 0.2857142857142857,
    "recall": 0.38461538461538464,
    "f1_score": 0.32786885245901637,
    "f2_score": 0.3597122302158273
  },
  "timestamp": "2025-12-11T09:18:39.740058",
  "confusion_matrix": [
    [
      302,
      25
    ],
    [
      16,
      10
    ]
  ],
  "labels": [
    0,
    1
  ]
}