{
  "best_params": {
    "var_smoothing": 1e-09
  },
  "best_cv_score": 0.4235294117647059,
  "test_metrics": {
    "accuracy": 0.8838526912181303,
    "precision": 0.2857142857142857,
    "recall": 0.38461538461538464,
    "f1_score": 0.32786885245901637
  },
  "timestamp": "2025-11-28T13:34:30.545860"
}