{
  "best_params": {
    "var_smoothing": 1e-09
  },
  "best_cv_score": 0.4281818181818182,
  "test_metrics": {
    "accuracy": 0.8838526912181303,
    "precision": 0.2857142857142857,
    "recall": 0.38461538461538464,
    "f1_score": 0.32786885245901637
  },
  "timestamp": "2025-12-12T02:22:21.782750",
  "cv_folds": 10,
  "n_combinations_tested": 6,
  "total_fits": 60,
  "time_seconds": 2.723918,
  "dataset_info": {
    "n_samples": 1410,
    "n_features": 65
  }
}