{
  "best_params": {
    "C": 100,
    "gamma": 0.001,
    "kernel": "linear"
  },
  "best_cv_score": 0.7238095238095239,
  "test_metrics": {
    "accuracy": 0.1274787535410765,
    "precision": 0.07272727272727272,
    "recall": 0.9230769230769231,
    "f1_score": 0.1348314606741573
  },
  "timestamp": "2025-11-28T13:34:31.576789"
}