{
  "best_params": {
    "C": 10,
    "gamma": 0.001,
    "kernel": "linear"
  },
  "best_cv_score": 0.28019461615412333,
  "test_metrics": {
    "accuracy": 0.7393767705382436,
    "precision": 0.11627906976744186,
    "recall": 0.38461538461538464,
    "f1_score": 0.17857142857142858,
    "f2_score": 0.2631578947368421
  },
  "timestamp": "2025-12-11T09:18:42.734608",
  "confusion_matrix": [
    [
      251,
      76
    ],
    [
      16,
      10
    ]
  ],
  "labels": [
    0,
    1
  ]
}