{
  "best_params": {
    "C": 10,
    "gamma": 0.001,
    "kernel": "linear"
  },
  "best_cv_score": 0.619090909090909,
  "test_metrics": {
    "accuracy": 0.7393767705382436,
    "precision": 0.11627906976744186,
    "recall": 0.38461538461538464,
    "f1_score": 0.17857142857142858
  },
  "timestamp": "2025-12-12T02:22:36.257224",
  "cv_folds": 10,
  "n_combinations_tested": 72,
  "total_fits": 720,
  "time_seconds": 17.199729,
  "dataset_info": {
    "n_samples": 1410,
    "n_features": 65
  }
}