{
  "best_params": {
    "var_smoothing": 1e-09
  },
  "best_cv_score": 0.4777408637873754,
  "test_metrics": {
    "accuracy": 0.7924528301886793,
    "precision": 0.5,
    "recall": 0.4772727272727273,
    "f1_score": 0.4883720930232558
  },
  "timestamp": "2025-12-12T02:35:13.342147",
  "cv_folds": 10,
  "n_combinations_tested": 6,
  "total_fits": 60,
  "time_seconds": 2.692603,
  "dataset_info": {
    "n_samples": 846,
    "n_features": 20
  }
}