{
  "best_params": {
    "C": 0.1,
    "gamma": 1,
    "kernel": "rbf"
  },
  "best_cv_score": 0.9503875968992247,
  "test_metrics": {
    "accuracy": 0.41509433962264153,
    "precision": 0.25609756097560976,
    "recall": 0.9545454545454546,
    "f1_score": 0.40384615384615385
  },
  "timestamp": "2025-12-12T02:35:21.084859",
  "cv_folds": 10,
  "n_combinations_tested": 72,
  "total_fits": 720,
  "time_seconds": 10.435546,
  "dataset_info": {
    "n_samples": 846,
    "n_features": 20
  }
}