{
  "TP": 57,
  "TN": 64,
  "FP": 163,
  "FN": 0,
  "P": 57,
  "N": 227,
  "Total": 284,
  "Error": 0.573943661971831,
  "Exactitud": 0.426056338028169,
  "TP_Rate": 1.0,
  "FP_Rate": 0.7180616740088106,
  "Precision": 0.2590909090909091,
  "Recall": 1.0,
  "Sensibilidad": 1.0,
  "Especificidad": 0.28193832599118945,
  "F1_Score": 0.41155234657039713,
  "Accuracy_sklearn": 0.426056338028169,
  "best_hyperparameters": {
    "C": 0.1,
    "gamma": 1,
    "kernel": "rbf"
  },
  "cv_best_score": 0.9964285714285713,
  "timestamp": "2025-12-12T02:20:44.561134",
  "confusion_matrix": [
    [
      64,
      163
    ],
    [
      0,
      57
    ]
  ]
}