{
  "TP": 16,
  "TN": 160,
  "FP": 8,
  "FN": 28,
  "P": 44,
  "N": 168,
  "Total": 212,
  "Error": 0.16981132075471697,
  "Exactitud": 0.8301886792452831,
  "TP_Rate": 0.36363636363636365,
  "FP_Rate": 0.047619047619047616,
  "Precision": 0.6666666666666666,
  "Recall": 0.36363636363636365,
  "Sensibilidad": 0.36363636363636365,
  "Especificidad": 0.9523809523809523,
  "F1_Score": 0.47058823529411764,
  "Accuracy_sklearn": 0.8301886792452831,
  "best_hyperparameters": {
    "criterion": "gini",
    "max_depth": 5,
    "min_samples_leaf": 1,
    "min_samples_split": 5
  },
  "cv_best_score": 0.5385620915032681,
  "timestamp": "2025-12-12T02:35:44.815817",
  "confusion_matrix": [
    [
      160,
      8
    ],
    [
      28,
      16
    ]
  ]
}