{
  "TP": 8,
  "TN": 224,
  "FP": 3,
  "FN": 49,
  "P": 57,
  "N": 227,
  "Total": 284,
  "Error": 0.18309859154929578,
  "Exactitud": 0.8169014084507042,
  "TP_Rate": 0.14035087719298245,
  "FP_Rate": 0.013215859030837005,
  "Precision": 0.7272727272727273,
  "Recall": 0.14035087719298245,
  "Sensibilidad": 0.14035087719298245,
  "Especificidad": 0.986784140969163,
  "F1_Score": 0.23529411764705882,
  "Accuracy_sklearn": 0.8169014084507042,
  "best_hyperparameters": {
    "var_smoothing": 1e-09
  },
  "cv_best_score": 0.15354010025062656,
  "timestamp": "2025-12-12T02:20:44.530834",
  "confusion_matrix": [
    [
      224,
      3
    ],
    [
      49,
      8
    ]
  ]
}