{
  "TP": 57,
  "TN": 304,
  "FP": 160,
  "FN": 20,
  "P": 77,
  "N": 464,
  "Total": 541,
  "Error": 0.33271719038817005,
  "Exactitud": 0.66728280961183,
  "TP_Rate": 0.7402597402597403,
  "FP_Rate": 0.3448275862068966,
  "Precision": 0.2626728110599078,
  "Recall": 0.7402597402597403,
  "Sensibilidad": 0.7402597402597403,
  "Especificidad": 0.6551724137931034,
  "F1_Score": 0.3877551020408163,
  "Accuracy_sklearn": 0.66728280961183,
  "best_hyperparameters": {
    "C": 10,
    "gamma": 0.1,
    "kernel": "rbf"
  },
  "cv_best_score": 0.9519028202514439,
  "timestamp": "2025-12-12T02:14:43.846066",
  "confusion_matrix": [
    [
      304,
      160
    ],
    [
      20,
      57
    ]
  ]
}