{
  "TP": 9,
  "TN": 302,
  "FP": 25,
  "FN": 17,
  "P": 26,
  "N": 327,
  "Total": 353,
  "Error": 0.11898016997167139,
  "Exactitud": 0.8810198300283286,
  "TP_Rate": 0.34615384615384615,
  "FP_Rate": 0.0764525993883792,
  "Precision": 0.2647058823529412,
  "Recall": 0.34615384615384615,
  "Sensibilidad": 0.34615384615384615,
  "Especificidad": 0.9235474006116208,
  "F1_Score": 0.3,
  "Accuracy_sklearn": 0.8810198300283286,
  "best_hyperparameters": {
    "C": 100,
    "gamma": 0.01,
    "kernel": "rbf"
  },
  "cv_best_score": 0.953199195171026,
  "timestamp": "2025-12-12T02:25:06.861975",
  "confusion_matrix": [
    [
      302,
      25
    ],
    [
      17,
      9
    ]
  ]
}