{
  "TP": 19,
  "TN": 259,
  "FP": 68,
  "FN": 7,
  "P": 26,
  "N": 327,
  "Total": 353,
  "Error": 0.21246458923512748,
  "Exactitud": 0.7875354107648725,
  "TP_Rate": 0.7307692307692307,
  "FP_Rate": 0.20795107033639143,
  "Precision": 0.21839080459770116,
  "Recall": 0.7307692307692307,
  "Sensibilidad": 0.7307692307692307,
  "Especificidad": 0.7920489296636085,
  "F1_Score": 0.336283185840708,
  "Accuracy_sklearn": 0.7875354107648725,
  "best_hyperparameters": {
    "C": 100,
    "gamma": 1,
    "kernel": "rbf"
  },
  "cv_best_score": 0.9872837022132795,
  "timestamp": "2025-12-12T02:41:28.013748",
  "confusion_matrix": [
    [
      259,
      68
    ],
    [
      7,
      19
    ]
  ]
}