{
  "best_params": {
    "criterion": "gini",
    "max_depth": 20,
    "min_samples_leaf": 1,
    "min_samples_split": 2
  },
  "best_cv_score": 0.9192119963935687,
  "test_metrics": {
    "accuracy": 0.8299319727891157,
    "precision": 0.35714285714285715,
    "recall": 0.5882352941176471,
    "f1_score": 0.4444444444444444,
    "f2_score": 0.5208333333333334
  },
  "timestamp": "2025-12-11T09:18:01.403973",
  "confusion_matrix": [
    [
      112,
      18
    ],
    [
      7,
      10
    ]
  ],
  "labels": [
    0,
    1
  ]
}