{
  "best_params": {
    "criterion": "entropy",
    "max_depth": 20,
    "min_samples_leaf": 1,
    "min_samples_split": 2
  },
  "best_cv_score": 0.9144400028052457,
  "test_metrics": {
    "accuracy": 0.8503401360544217,
    "precision": 0.4074074074074074,
    "recall": 0.6470588235294118,
    "f1_score": 0.5
  },
  "timestamp": "2025-11-28T13:33:56.969356"
}