{
  "best_params": {
    "criterion": "gini",
    "max_depth": 20,
    "min_samples_leaf": 1,
    "min_samples_split": 2
  },
  "best_cv_score": 0.9348275862068964,
  "test_metrics": {
    "accuracy": 0.8299319727891157,
    "precision": 0.35714285714285715,
    "recall": 0.5882352941176471,
    "f1_score": 0.4444444444444444
  },
  "timestamp": "2025-12-12T02:21:35.263388",
  "cv_folds": 10,
  "n_combinations_tested": 160,
  "total_fits": 1600,
  "time_seconds": 3.783662,
  "dataset_info": {
    "n_samples": 584,
    "n_features": 65
  }
}