{
  "best_params": {
    "var_smoothing": 1e-09
  },
  "best_cv_score": 0.061715407812609584,
  "test_metrics": {
    "accuracy": 0.891156462585034,
    "precision": 1.0,
    "recall": 0.058823529411764705,
    "f1_score": 0.1111111111111111
  },
  "timestamp": "2025-11-28T13:33:56.352685"
}