{
  "best_params": {
    "C": 10,
    "gamma": "auto",
    "kernel": "rbf"
  },
  "best_cv_score": 0.9658811978399607,
  "test_metrics": {
    "accuracy": 0.8707482993197279,
    "precision": 0.45454545454545453,
    "recall": 0.5882352941176471,
    "f1_score": 0.5128205128205128
  },
  "timestamp": "2025-11-28T13:33:56.848015"
}