{
  "best_params": {
    "C": 10,
    "gamma": 0.1,
    "kernel": "rbf"
  },
  "best_cv_score": 0.9828735632183907,
  "test_metrics": {
    "accuracy": 0.8231292517006803,
    "precision": 0.36363636363636365,
    "recall": 0.7058823529411765,
    "f1_score": 0.48
  },
  "timestamp": "2025-12-12T02:21:39.802226",
  "cv_folds": 10,
  "n_combinations_tested": 72,
  "total_fits": 720,
  "time_seconds": 8.323401,
  "dataset_info": {
    "n_samples": 584,
    "n_features": 65
  }
}