{
  "best_params": {
    "C": 10,
    "gamma": 0.1,
    "kernel": "rbf"
  },
  "best_cv_score": 0.9454629737598148,
  "test_metrics": {
    "accuracy": 0.8231292517006803,
    "precision": 0.36363636363636365,
    "recall": 0.7058823529411765,
    "f1_score": 0.48,
    "f2_score": 0.594059405940594
  },
  "timestamp": "2025-12-11T09:18:01.057513",
  "confusion_matrix": [
    [
      109,
      21
    ],
    [
      5,
      12
    ]
  ],
  "labels": [
    0,
    1
  ]
}