{
  "dataset": "activemq-5.0.0",
  "balancing_method": "unbalanced",
  "scaler_type": "standard",
  "models": {
    "svm": {
      "F1_Score": 0.6415094339622641,
      "Exactitud": 0.8992042440318302,
      "Precision": 0.723404255319149,
      "Recall": 0.576271186440678,
      "Sensibilidad": 0.576271186440678,
      "Especificidad": 0.9591194968553459,
      "Error": 0.10079575596816977,
      "TP_Rate": 0.576271186440678,
      "FP_Rate": 0.040880503144654086,
      "ROC_AUC": 0.8140390150303806,
      "confusion_matrix": [
        [
          305,
          13
        ],
        [
          25,
          34
        ]
      ]
    },
    "naive_bayes_gaussian": {
      "F1_Score": 0.5619834710743802,
      "Exactitud": 0.8594164456233422,
      "Precision": 0.5483870967741935,
      "Recall": 0.576271186440678,
      "Sensibilidad": 0.576271186440678,
      "Especificidad": 0.9119496855345912,
      "Error": 0.14058355437665782,
      "TP_Rate": 0.576271186440678,
      "FP_Rate": 0.0880503144654088,
      "ROC_AUC": 0.84847031233344,
      "confusion_matrix": [
        [
          290,
          28
        ],
        [
          25,
          34
        ]
      ]
    },
    "decision_tree": {
      "F1_Score": 0.5871559633027523,
      "Exactitud": 0.8806366047745358,
      "Precision": 0.64,
      "Recall": 0.5423728813559322,
      "Sensibilidad": 0.5423728813559322,
      "Especificidad": 0.9433962264150944,
      "Error": 0.11936339522546419,
      "TP_Rate": 0.5423728813559322,
      "FP_Rate": 0.05660377358490566,
      "ROC_AUC": 0.851055324592261,
      "confusion_matrix": [
        [
          300,
          18
        ],
        [
          27,
          32
        ]
      ]
    }
  },
  "timestamp": "2025-11-28T13:28:50.379906"
}