{
  "dataset": "activemq-5.0.0",
  "balancing_method": "unbalanced",
  "scaler_type": "standard",
  "models": {
    "svm": {
      "F1_Score": 0.5321100917431193,
      "F2_Score": 0.506993006993007,
      "Exactitud": 0.8647214854111406,
      "Accuracy": 0.8647214854111406,
      "Balanced_Accuracy": 0.7127438439398786,
      "BER": 0.28725615606012145,
      "MCC": 0.4557930355708263,
      "Precision": 0.58,
      "Recall": 0.4915254237288136,
      "Sensibilidad": 0.4915254237288136,
      "Especificidad": 0.9339622641509434,
      "Error": 0.13527851458885942,
      "TP_Rate": 0.4915254237288136,
      "FP_Rate": 0.0660377358490566,
      "ROC_AUC": 0.8523611555271292,
      "confusion_matrix": [
        [
          297,
          21
        ],
        [
          30,
          29
        ]
      ]
    },
    "naive_bayes_gaussian": {
      "F1_Score": 0.5619834710743802,
      "F2_Score": 0.5704697986577181,
      "Exactitud": 0.8594164456233422,
      "Accuracy": 0.8594164456233422,
      "Balanced_Accuracy": 0.7441104359876346,
      "BER": 0.2558895640123654,
      "MCC": 0.47852516999116945,
      "Precision": 0.5483870967741935,
      "Recall": 0.576271186440678,
      "Sensibilidad": 0.576271186440678,
      "Especificidad": 0.9119496855345912,
      "Error": 0.14058355437665782,
      "TP_Rate": 0.576271186440678,
      "FP_Rate": 0.0880503144654088,
      "ROC_AUC": 0.84847031233344,
      "confusion_matrix": [
        [
          290,
          28
        ],
        [
          25,
          34
        ]
      ]
    },
    "decision_tree": {
      "F1_Score": 0.6451612903225806,
      "F2_Score": 0.6644518272425249,
      "Exactitud": 0.883289124668435,
      "Accuracy": 0.883289124668435,
      "Balanced_Accuracy": 0.7996748747468287,
      "BER": 0.20032512525317125,
      "MCC": 0.5764822218621193,
      "Precision": 0.6153846153846154,
      "Recall": 0.6779661016949152,
      "Sensibilidad": 0.6779661016949152,
      "Especificidad": 0.9213836477987422,
      "Error": 0.11671087533156499,
      "TP_Rate": 0.6779661016949152,
      "FP_Rate": 0.07861635220125786,
      "ROC_AUC": 0.8849536296770069,
      "confusion_matrix": [
        [
          293,
          25
        ],
        [
          19,
          40
        ]
      ]
    }
  },
  "timestamp": "2025-12-11T09:11:16.354932"
}