{
  "TP": 32,
  "TN": 300,
  "FP": 18,
  "FN": 27,
  "P": 59,
  "N": 318,
  "Total": 377,
  "Error": 0.11936339522546419,
  "Exactitud": 0.8806366047745358,
  "TP_Rate": 0.5423728813559322,
  "FP_Rate": 0.05660377358490566,
  "Precision": 0.64,
  "Recall": 0.5423728813559322,
  "Sensibilidad": 0.5423728813559322,
  "Especificidad": 0.9433962264150944,
  "F1_Score": 0.5871559633027523,
  "Accuracy_sklearn": 0.8806366047745358,
  "ROC_AUC": 0.851055324592261,
  "PR_AUC": 0.6151837867610039,
  "classification_report": {
    "No-Buggy": {
      "precision": 0.9174311926605505,
      "recall": 0.9433962264150944,
      "f1-score": 0.9302325581395349,
      "support": 318.0
    },
    "Buggy": {
      "precision": 0.64,
      "recall": 0.5423728813559322,
      "f1-score": 0.5871559633027523,
      "support": 59.0
    },
    "accuracy": 0.8806366047745358,
    "macro avg": {
      "precision": 0.7787155963302752,
      "recall": 0.7428845538855133,
      "f1-score": 0.7586942607211435,
      "support": 377.0
    },
    "weighted avg": {
      "precision": 0.8740135789550533,
      "recall": 0.8806366047745358,
      "f1-score": 0.876541526056325,
      "support": 377.0
    }
  },
  "confusion_matrix": [
    [
      300,
      18
    ],
    [
      27,
      32
    ]
  ],
  "training_time_seconds": 0.009367,
  "best_hyperparameters": {
    "criterion": "entropy",
    "max_depth": 5,
    "min_samples_leaf": 1,
    "min_samples_split": 20
  },
  "timestamp": "2025-11-28T13:28:50.121548"
}