{
  "TP": 34,
  "TN": 290,
  "FP": 28,
  "FN": 25,
  "P": 59,
  "N": 318,
  "Total": 377,
  "Error": 0.14058355437665782,
  "Exactitud": 0.8594164456233422,
  "TP_Rate": 0.576271186440678,
  "FP_Rate": 0.0880503144654088,
  "Precision": 0.5483870967741935,
  "Recall": 0.576271186440678,
  "Sensibilidad": 0.576271186440678,
  "Especificidad": 0.9119496855345912,
  "F1_Score": 0.5619834710743802,
  "Accuracy_sklearn": 0.8594164456233422,
  "F2_Score": 0.5704697986577181,
  "Balanced_Accuracy": 0.7441104359876346,
  "BER": 0.2558895640123654,
  "MCC": 0.47852516999116945,
  "Accuracy": 0.8594164456233422,
  "ROC_AUC": 0.84847031233344,
  "PR_AUC": 0.5878578417438703,
  "classification_report": {
    "No-Buggy": {
      "precision": 0.9206349206349206,
      "recall": 0.9119496855345912,
      "f1-score": 0.9162717219589257,
      "support": 318.0
    },
    "Buggy": {
      "precision": 0.5483870967741935,
      "recall": 0.576271186440678,
      "f1-score": 0.5619834710743802,
      "support": 59.0
    },
    "accuracy": 0.8594164456233422,
    "macro avg": {
      "precision": 0.734511008704557,
      "recall": 0.7441104359876346,
      "f1-score": 0.7391275965166529,
      "support": 377.0
    },
    "weighted avg": {
      "precision": 0.862378629898096,
      "recall": 0.8594164456233422,
      "f1-score": 0.8608260805738112,
      "support": 377.0
    }
  },
  "confusion_matrix": [
    [
      290,
      28
    ],
    [
      25,
      34
    ]
  ],
  "training_time_seconds": 0.000915,
  "best_hyperparameters": {
    "var_smoothing": 0.0001
  },
  "timestamp": "2025-12-11T09:11:15.889338"
}