{
  "TP": 29,
  "TN": 297,
  "FP": 21,
  "FN": 30,
  "P": 59,
  "N": 318,
  "Total": 377,
  "Error": 0.13527851458885942,
  "Exactitud": 0.8647214854111406,
  "TP_Rate": 0.4915254237288136,
  "FP_Rate": 0.0660377358490566,
  "Precision": 0.58,
  "Recall": 0.4915254237288136,
  "Sensibilidad": 0.4915254237288136,
  "Especificidad": 0.9339622641509434,
  "F1_Score": 0.5321100917431193,
  "Accuracy_sklearn": 0.8647214854111406,
  "F2_Score": 0.506993006993007,
  "Balanced_Accuracy": 0.7127438439398786,
  "BER": 0.28725615606012145,
  "MCC": 0.4557930355708263,
  "Accuracy": 0.8647214854111406,
  "ROC_AUC": 0.8523611555271292,
  "PR_AUC": 0.5671555521283949,
  "classification_report": {
    "No-Buggy": {
      "precision": 0.908256880733945,
      "recall": 0.9339622641509434,
      "f1-score": 0.9209302325581395,
      "support": 318.0
    },
    "Buggy": {
      "precision": 0.58,
      "recall": 0.4915254237288136,
      "f1-score": 0.5321100917431193,
      "support": 59.0
    },
    "accuracy": 0.8647214854111406,
    "macro avg": {
      "precision": 0.7441284403669725,
      "recall": 0.7127438439398786,
      "f1-score": 0.7265201621506294,
      "support": 377.0
    },
    "weighted avg": {
      "precision": 0.8568851142530357,
      "recall": 0.8647214854111406,
      "f1-score": 0.8600803961971683,
      "support": 377.0
    }
  },
  "confusion_matrix": [
    [
      297,
      21
    ],
    [
      30,
      29
    ]
  ],
  "training_time_seconds": 0.025963,
  "best_hyperparameters": {
    "C": 100,
    "gamma": 0.01,
    "kernel": "rbf"
  },
  "timestamp": "2025-12-11T09:11:15.521742"
}