{
  "TP": 34,
  "TN": 305,
  "FP": 13,
  "FN": 25,
  "P": 59,
  "N": 318,
  "Total": 377,
  "Error": 0.10079575596816977,
  "Exactitud": 0.8992042440318302,
  "TP_Rate": 0.576271186440678,
  "FP_Rate": 0.040880503144654086,
  "Precision": 0.723404255319149,
  "Recall": 0.576271186440678,
  "Sensibilidad": 0.576271186440678,
  "Especificidad": 0.9591194968553459,
  "F1_Score": 0.6415094339622641,
  "Accuracy_sklearn": 0.8992042440318302,
  "ROC_AUC": 0.8140390150303806,
  "PR_AUC": 0.637259592874687,
  "classification_report": {
    "No-Buggy": {
      "precision": 0.9242424242424242,
      "recall": 0.9591194968553459,
      "f1-score": 0.941358024691358,
      "support": 318.0
    },
    "Buggy": {
      "precision": 0.723404255319149,
      "recall": 0.576271186440678,
      "f1-score": 0.6415094339622641,
      "support": 59.0
    },
    "accuracy": 0.8992042440318302,
    "macro avg": {
      "precision": 0.8238233397807866,
      "recall": 0.7676953416480119,
      "f1-score": 0.791433729326811,
      "support": 377.0
    },
    "weighted avg": {
      "precision": 0.8928115171695508,
      "recall": 0.8992042440318302,
      "f1-score": 0.8944321179194309,
      "support": 377.0
    }
  },
  "confusion_matrix": [
    [
      305,
      13
    ],
    [
      25,
      34
    ]
  ],
  "training_time_seconds": 0.033962,
  "best_hyperparameters": {
    "C": 1000,
    "gamma": 0.001,
    "kernel": "rbf"
  },
  "timestamp": "2025-11-28T13:28:49.448204"
}