{
  "TP": 62,
  "TN": 273,
  "FP": 191,
  "FN": 15,
  "P": 77,
  "N": 464,
  "Total": 541,
  "Error": 0.3807763401109057,
  "Exactitud": 0.6192236598890942,
  "TP_Rate": 0.8051948051948052,
  "FP_Rate": 0.41163793103448276,
  "Precision": 0.2450592885375494,
  "Recall": 0.8051948051948052,
  "Sensibilidad": 0.8051948051948052,
  "Especificidad": 0.5883620689655172,
  "F1_Score": 0.37575757575757573,
  "Accuracy_sklearn": 0.6192236598890942,
  "best_hyperparameters": {
    "C": 1,
    "gamma": 1,
    "kernel": "rbf"
  },
  "cv_best_score": 0.9389313625552159,
  "timestamp": "2025-12-12T02:14:43.787006",
  "confusion_matrix": [
    [
      273,
      191
    ],
    [
      15,
      62
    ]
  ]
}