{
  "best_params": {
    "var_smoothing": 1e-09
  },
  "best_cv_score": 0.5501811594202899,
  "test_metrics": {
    "accuracy": 0.8806366047745358,
    "precision": 0.6458333333333334,
    "recall": 0.5254237288135594,
    "f1_score": 0.5794392523364486
  },
  "timestamp": "2025-12-12T02:26:00.472007",
  "cv_folds": 10,
  "n_combinations_tested": 6,
  "total_fits": 60,
  "time_seconds": 3.029783,
  "dataset_info": {
    "n_samples": 1507,
    "n_features": 20
  }
}