{
  "TP": 29,
  "TN": 297,
  "FP": 21,
  "FN": 30,
  "P": 59,
  "N": 318,
  "Total": 377,
  "Error": 0.13527851458885942,
  "Exactitud": 0.8647214854111406,
  "TP_Rate": 0.4915254237288136,
  "FP_Rate": 0.0660377358490566,
  "Precision": 0.58,
  "Recall": 0.4915254237288136,
  "Sensibilidad": 0.4915254237288136,
  "Especificidad": 0.9339622641509434,
  "F1_Score": 0.5321100917431193,
  "Accuracy_sklearn": 0.8647214854111406,
  "best_hyperparameters": {
    "C": 100,
    "gamma": 0.01,
    "kernel": "rbf"
  },
  "cv_best_score": 0.5472826086956522,
  "timestamp": "2025-12-12T02:08:40.377381",
  "confusion_matrix": [
    [
      297,
      21
    ],
    [
      30,
      29
    ]
  ]
}