{
  "TP": 35,
  "TN": 111,
  "FP": 57,
  "FN": 9,
  "P": 44,
  "N": 168,
  "Total": 212,
  "Error": 0.3113207547169811,
  "Exactitud": 0.6886792452830188,
  "TP_Rate": 0.7954545454545454,
  "FP_Rate": 0.3392857142857143,
  "Precision": 0.3804347826086957,
  "Recall": 0.7954545454545454,
  "Sensibilidad": 0.7954545454545454,
  "Especificidad": 0.6607142857142857,
  "F1_Score": 0.5147058823529411,
  "Accuracy_sklearn": 0.6886792452830188,
  "best_hyperparameters": {
    "C": 10,
    "gamma": 0.1,
    "kernel": "rbf"
  },
  "cv_best_score": 0.9503875968992247,
  "timestamp": "2025-12-12T02:18:03.180432",
  "confusion_matrix": [
    [
      111,
      57
    ],
    [
      9,
      35
    ]
  ]
}