{
  "dataset": "activemq-5.0.0",
  "balancing_method": "smote",
  "scaler_type": "robust",
  "models": {
    "svm": {
      "F1_Score": 0.5121951219512195,
      "F2_Score": 0.6158357771260997,
      "Exactitud": 0.7877984084880637,
      "Accuracy": 0.7877984084880637,
      "Balanced_Accuracy": 0.7568755996162456,
      "BER": 0.24312440038375438,
      "MCC": 0.4164024852723213,
      "Precision": 0.4,
      "Recall": 0.711864406779661,
      "Sensibilidad": 0.711864406779661,
      "Especificidad": 0.8018867924528302,
      "Error": 0.21220159151193635,
      "TP_Rate": 0.711864406779661,
      "FP_Rate": 0.19811320754716982,
      "ROC_AUC": 0.8594233024197847,
      "confusion_matrix": [
        [
          255,
          63
        ],
        [
          17,
          42
        ]
      ]
    },
    "naive_bayes_gaussian": {
      "F1_Score": 0.3569023569023569,
      "F2_Score": 0.5590717299578059,
      "Exactitud": 0.493368700265252,
      "Accuracy": 0.493368700265252,
      "Balanced_Accuracy": 0.6582720392282273,
      "BER": 0.3417279607717727,
      "MCC": 0.23838442704362137,
      "Precision": 0.22268907563025211,
      "Recall": 0.8983050847457628,
      "Sensibilidad": 0.8983050847457628,
      "Especificidad": 0.41823899371069184,
      "Error": 0.506631299734748,
      "TP_Rate": 0.8983050847457628,
      "FP_Rate": 0.5817610062893082,
      "ROC_AUC": 0.8078030060761113,
      "confusion_matrix": [
        [
          133,
          185
        ],
        [
          6,
          53
        ]
      ]
    },
    "decision_tree": {
      "F1_Score": 0.5827814569536424,
      "F2_Score": 0.6707317073170732,
      "Exactitud": 0.8328912466843501,
      "Accuracy": 0.8328912466843501,
      "Balanced_Accuracy": 0.7974096578189959,
      "BER": 0.20259034218100413,
      "MCC": 0.5031625218165526,
      "Precision": 0.4782608695652174,
      "Recall": 0.7457627118644068,
      "Sensibilidad": 0.7457627118644068,
      "Especificidad": 0.8490566037735849,
      "Error": 0.16710875331564987,
      "TP_Rate": 0.7457627118644068,
      "FP_Rate": 0.1509433962264151,
      "ROC_AUC": 0.7974096578189959,
      "confusion_matrix": [
        [
          270,
          48
        ],
        [
          15,
          44
        ]
      ]
    }
  },
  "timestamp": "2025-12-11T09:11:21.802835"
}