{
  "dataset": "activemq-5.0.0",
  "balancing_method": "smote",
  "scaler_type": "robust",
  "models": {
    "svm": {
      "F1_Score": 0.5736434108527132,
      "Exactitud": 0.8541114058355438,
      "Precision": 0.5285714285714286,
      "Recall": 0.6271186440677966,
      "Sensibilidad": 0.6271186440677966,
      "Especificidad": 0.8962264150943396,
      "Error": 0.14588859416445624,
      "TP_Rate": 0.6271186440677966,
      "FP_Rate": 0.10377358490566038,
      "ROC_AUC": 0.8322140496748748,
      "confusion_matrix": [
        [
          285,
          33
        ],
        [
          22,
          37
        ]
      ]
    },
    "naive_bayes_gaussian": {
      "F1_Score": 0.5384615384615384,
      "Exactitud": 0.8408488063660478,
      "Precision": 0.49295774647887325,
      "Recall": 0.5932203389830508,
      "Sensibilidad": 0.5932203389830508,
      "Especificidad": 0.8867924528301887,
      "Error": 0.15915119363395225,
      "TP_Rate": 0.5932203389830508,
      "FP_Rate": 0.11320754716981132,
      "ROC_AUC": 0.8341328216608037,
      "confusion_matrix": [
        [
          282,
          36
        ],
        [
          24,
          35
        ]
      ]
    },
    "decision_tree": {
      "F1_Score": 0.6323529411764706,
      "Exactitud": 0.8673740053050398,
      "Precision": 0.5584415584415584,
      "Recall": 0.7288135593220338,
      "Sensibilidad": 0.7288135593220338,
      "Especificidad": 0.8930817610062893,
      "Error": 0.13262599469496023,
      "TP_Rate": 0.7288135593220338,
      "FP_Rate": 0.1069182389937107,
      "ROC_AUC": 0.8621948619550154,
      "confusion_matrix": [
        [
          284,
          34
        ],
        [
          16,
          43
        ]
      ]
    }
  },
  "timestamp": "2025-11-27T19:30:25.677249"
}