{
  "dataset": "activemq-5.0.0",
  "balancing_method": "smote",
  "scaler_type": "robust",
  "models": {
    "svm": {
      "F1_Score": 0.3064935064935065,
      "Exactitud": 0.2917771883289125,
      "Precision": 0.18098159509202455,
      "Recall": 1.0,
      "Sensibilidad": 1.0,
      "Especificidad": 0.16037735849056603,
      "Error": 0.7082228116710876,
      "TP_Rate": 1.0,
      "FP_Rate": 0.839622641509434,
      "ROC_AUC": 0.8270706747681483,
      "confusion_matrix": [
        [
          51,
          267
        ],
        [
          0,
          59
        ]
      ]
    },
    "naive_bayes_gaussian": {
      "F1_Score": 0.3569023569023569,
      "Exactitud": 0.493368700265252,
      "Precision": 0.22268907563025211,
      "Recall": 0.8983050847457628,
      "Sensibilidad": 0.8983050847457628,
      "Especificidad": 0.41823899371069184,
      "Error": 0.506631299734748,
      "TP_Rate": 0.8983050847457628,
      "FP_Rate": 0.5817610062893082,
      "ROC_AUC": 0.8078030060761113,
      "confusion_matrix": [
        [
          133,
          185
        ],
        [
          6,
          53
        ]
      ]
    },
    "decision_tree": {
      "F1_Score": 0.6081081081081081,
      "Exactitud": 0.8461538461538461,
      "Precision": 0.5056179775280899,
      "Recall": 0.7627118644067796,
      "Sensibilidad": 0.7627118644067796,
      "Especificidad": 0.8616352201257862,
      "Error": 0.15384615384615385,
      "TP_Rate": 0.7627118644067796,
      "FP_Rate": 0.13836477987421383,
      "ROC_AUC": 0.881835625199872,
      "confusion_matrix": [
        [
          274,
          44
        ],
        [
          14,
          45
        ]
      ]
    }
  },
  "timestamp": "2025-11-28T13:28:56.612128"
}