{
  "TP": 45,
  "TN": 274,
  "FP": 44,
  "FN": 14,
  "P": 59,
  "N": 318,
  "Total": 377,
  "Error": 0.15384615384615385,
  "Exactitud": 0.8461538461538461,
  "TP_Rate": 0.7627118644067796,
  "FP_Rate": 0.13836477987421383,
  "Precision": 0.5056179775280899,
  "Recall": 0.7627118644067796,
  "Sensibilidad": 0.7627118644067796,
  "Especificidad": 0.8616352201257862,
  "F1_Score": 0.6081081081081081,
  "Accuracy_sklearn": 0.8461538461538461,
  "ROC_AUC": 0.881835625199872,
  "PR_AUC": 0.6439230912684477,
  "classification_report": {
    "No-Buggy": {
      "precision": 0.9513888888888888,
      "recall": 0.8616352201257862,
      "f1-score": 0.9042904290429042,
      "support": 318.0
    },
    "Buggy": {
      "precision": 0.5056179775280899,
      "recall": 0.7627118644067796,
      "f1-score": 0.6081081081081081,
      "support": 59.0
    },
    "accuracy": 0.8461538461538461,
    "macro avg": {
      "precision": 0.7285034332084894,
      "recall": 0.8121735422662829,
      "f1-score": 0.7561992685755061,
      "support": 377.0
    },
    "weighted avg": {
      "precision": 0.881626332469029,
      "recall": 0.8461538461538461,
      "f1-score": 0.8579382886313579,
      "support": 377.0
    }
  },
  "confusion_matrix": [
    [
      274,
      44
    ],
    [
      14,
      45
    ]
  ],
  "training_time_seconds": 0.006766,
  "best_hyperparameters": {
    "criterion": "entropy",
    "max_depth": 3,
    "min_samples_leaf": 1,
    "min_samples_split": 2
  },
  "timestamp": "2025-11-28T13:28:56.358770"
}