{
  "TP": 43,
  "TN": 284,
  "FP": 34,
  "FN": 16,
  "P": 59,
  "N": 318,
  "Total": 377,
  "Error": 0.13262599469496023,
  "Exactitud": 0.8673740053050398,
  "TP_Rate": 0.7288135593220338,
  "FP_Rate": 0.1069182389937107,
  "Precision": 0.5584415584415584,
  "Recall": 0.7288135593220338,
  "Sensibilidad": 0.7288135593220338,
  "Especificidad": 0.8930817610062893,
  "F1_Score": 0.6323529411764706,
  "Accuracy_sklearn": 0.8673740053050398,
  "ROC_AUC": 0.8621948619550154,
  "PR_AUC": 0.5128620271793793,
  "classification_report": {
    "No-Buggy": {
      "precision": 0.9466666666666667,
      "recall": 0.8930817610062893,
      "f1-score": 0.919093851132686,
      "support": 318.0
    },
    "Buggy": {
      "precision": 0.5584415584415584,
      "recall": 0.7288135593220338,
      "f1-score": 0.6323529411764706,
      "support": 59.0
    },
    "accuracy": 0.8673740053050398,
    "macro avg": {
      "precision": 0.7525541125541125,
      "recall": 0.8109476601641616,
      "f1-score": 0.7757233961545783,
      "support": 377.0
    },
    "weighted avg": {
      "precision": 0.8859099521168488,
      "recall": 0.8673740053050398,
      "f1-score": 0.8742192790175224,
      "support": 377.0
    }
  },
  "confusion_matrix": [
    [
      284,
      34
    ],
    [
      16,
      43
    ]
  ],
  "training_time_seconds": 0.010249,
  "best_hyperparameters": {
    "criterion": "gini",
    "max_depth": 5,
    "min_samples_leaf": 1,
    "min_samples_split": 10
  },
  "timestamp": "2025-11-27T19:55:59.426541"
}