{
  "TP": 35,
  "TN": 282,
  "FP": 36,
  "FN": 24,
  "P": 59,
  "N": 318,
  "Total": 377,
  "Error": 0.15915119363395225,
  "Exactitud": 0.8408488063660478,
  "TP_Rate": 0.5932203389830508,
  "FP_Rate": 0.11320754716981132,
  "Precision": 0.49295774647887325,
  "Recall": 0.5932203389830508,
  "Sensibilidad": 0.5932203389830508,
  "Especificidad": 0.8867924528301887,
  "F1_Score": 0.5384615384615384,
  "Accuracy_sklearn": 0.8408488063660478,
  "ROC_AUC": 0.8341328216608037,
  "PR_AUC": 0.566199123053623,
  "classification_report": {
    "No-Buggy": {
      "precision": 0.9215686274509803,
      "recall": 0.8867924528301887,
      "f1-score": 0.9038461538461539,
      "support": 318.0
    },
    "Buggy": {
      "precision": 0.49295774647887325,
      "recall": 0.5932203389830508,
      "f1-score": 0.5384615384615384,
      "support": 59.0
    },
    "accuracy": 0.8408488063660478,
    "macro avg": {
      "precision": 0.7072631869649268,
      "recall": 0.7400063959066198,
      "f1-score": 0.7211538461538461,
      "support": 377.0
    },
    "weighted avg": {
      "precision": 0.8544915930282898,
      "recall": 0.8408488063660478,
      "f1-score": 0.8466639461334421,
      "support": 377.0
    }
  },
  "confusion_matrix": [
    [
      282,
      36
    ],
    [
      24,
      35
    ]
  ],
  "training_time_seconds": 0.000895,
  "best_hyperparameters": {
    "var_smoothing": 1e-09
  },
  "timestamp": "2025-11-27T19:55:59.146292"
}