{
  "TP": 53,
  "TN": 133,
  "FP": 185,
  "FN": 6,
  "P": 59,
  "N": 318,
  "Total": 377,
  "Error": 0.506631299734748,
  "Exactitud": 0.493368700265252,
  "TP_Rate": 0.8983050847457628,
  "FP_Rate": 0.5817610062893082,
  "Precision": 0.22268907563025211,
  "Recall": 0.8983050847457628,
  "Sensibilidad": 0.8983050847457628,
  "Especificidad": 0.41823899371069184,
  "F1_Score": 0.3569023569023569,
  "Accuracy_sklearn": 0.493368700265252,
  "F2_Score": 0.5590717299578059,
  "Balanced_Accuracy": 0.6582720392282273,
  "BER": 0.3417279607717727,
  "MCC": 0.23838442704362137,
  "Accuracy": 0.493368700265252,
  "ROC_AUC": 0.8078030060761113,
  "PR_AUC": 0.5379355041117347,
  "classification_report": {
    "No-Buggy": {
      "precision": 0.9568345323741008,
      "recall": 0.41823899371069184,
      "f1-score": 0.5820568927789934,
      "support": 318.0
    },
    "Buggy": {
      "precision": 0.22268907563025211,
      "recall": 0.8983050847457628,
      "f1-score": 0.3569023569023569,
      "support": 59.0
    },
    "accuracy": 0.493368700265252,
    "macro avg": {
      "precision": 0.5897618040021765,
      "recall": 0.6582720392282273,
      "f1-score": 0.4694796248406752,
      "support": 377.0
    },
    "weighted avg": {
      "precision": 0.841941742061403,
      "recall": 0.493368700265252,
      "f1-score": 0.5468205065277426,
      "support": 377.0
    }
  },
  "confusion_matrix": [
    [
      133,
      185
    ],
    [
      6,
      53
    ]
  ],
  "training_time_seconds": 0.000898,
  "best_hyperparameters": {
    "var_smoothing": 1e-05
  },
  "timestamp": "2025-12-11T09:11:21.318408"
}