{
  "TP": 59,
  "TN": 51,
  "FP": 267,
  "FN": 0,
  "P": 59,
  "N": 318,
  "Total": 377,
  "Error": 0.7082228116710876,
  "Exactitud": 0.2917771883289125,
  "TP_Rate": 1.0,
  "FP_Rate": 0.839622641509434,
  "Precision": 0.18098159509202455,
  "Recall": 1.0,
  "Sensibilidad": 1.0,
  "Especificidad": 0.16037735849056603,
  "F1_Score": 0.3064935064935065,
  "Accuracy_sklearn": 0.2917771883289125,
  "ROC_AUC": 0.8270706747681483,
  "PR_AUC": 0.39416124329337887,
  "classification_report": {
    "No-Buggy": {
      "precision": 1.0,
      "recall": 0.16037735849056603,
      "f1-score": 0.2764227642276423,
      "support": 318.0
    },
    "Buggy": {
      "precision": 0.18098159509202455,
      "recall": 1.0,
      "f1-score": 0.3064935064935065,
      "support": 59.0
    },
    "accuracy": 0.2917771883289125,
    "macro avg": {
      "precision": 0.5904907975460123,
      "recall": 0.5801886792452831,
      "f1-score": 0.2914581353605744,
      "support": 377.0
    },
    "weighted avg": {
      "precision": 0.8718247058632081,
      "recall": 0.2917771883289125,
      "f1-score": 0.281128795510629,
      "support": 377.0
    }
  },
  "confusion_matrix": [
    [
      51,
      267
    ],
    [
      0,
      59
    ]
  ],
  "training_time_seconds": 0.035356,
  "best_hyperparameters": {
    "C": 0.01,
    "gamma": 1,
    "kernel": "rbf"
  },
  "timestamp": "2025-11-28T13:28:55.807588"
}