{
  "TP": 42,
  "TN": 255,
  "FP": 63,
  "FN": 17,
  "P": 59,
  "N": 318,
  "Total": 377,
  "Error": 0.21220159151193635,
  "Exactitud": 0.7877984084880637,
  "TP_Rate": 0.711864406779661,
  "FP_Rate": 0.19811320754716982,
  "Precision": 0.4,
  "Recall": 0.711864406779661,
  "Sensibilidad": 0.711864406779661,
  "Especificidad": 0.8018867924528302,
  "F1_Score": 0.5121951219512195,
  "Accuracy_sklearn": 0.7877984084880637,
  "F2_Score": 0.6158357771260997,
  "Balanced_Accuracy": 0.7568755996162456,
  "BER": 0.24312440038375438,
  "MCC": 0.4164024852723213,
  "Accuracy": 0.7877984084880637,
  "ROC_AUC": 0.8594233024197847,
  "PR_AUC": 0.5178425139991505,
  "classification_report": {
    "No-Buggy": {
      "precision": 0.9375,
      "recall": 0.8018867924528302,
      "f1-score": 0.864406779661017,
      "support": 318.0
    },
    "Buggy": {
      "precision": 0.4,
      "recall": 0.711864406779661,
      "f1-score": 0.5121951219512195,
      "support": 59.0
    },
    "accuracy": 0.7877984084880637,
    "macro avg": {
      "precision": 0.66875,
      "recall": 0.7568755996162456,
      "f1-score": 0.6883009508061182,
      "support": 377.0
    },
    "weighted avg": {
      "precision": 0.8533819628647216,
      "recall": 0.7877984084880637,
      "f1-score": 0.8092861223536483,
      "support": 377.0
    }
  },
  "confusion_matrix": [
    [
      255,
      63
    ],
    [
      17,
      42
    ]
  ],
  "training_time_seconds": 0.037692,
  "best_hyperparameters": {
    "C": 100,
    "gamma": 0.1,
    "kernel": "rbf"
  },
  "timestamp": "2025-12-11T09:11:21.081979"
}