{
  "dataset": "hive-0.9.0",
  "balancing_method": "csbboost",
  "scaler_type": "standard",
  "models": {
    "svm": {
      "F1_Score": 0.49586776859504134,
      "F2_Score": 0.5136986301369864,
      "Exactitud": 0.7852112676056338,
      "Accuracy": 0.7852112676056338,
      "Balanced_Accuracy": 0.6882680268954324,
      "BER": 0.3117319731045676,
      "MCC": 0.36095710583007695,
      "Precision": 0.46875,
      "Recall": 0.5263157894736842,
      "Sensibilidad": 0.5263157894736842,
      "Especificidad": 0.8502202643171806,
      "Error": 0.2147887323943662,
      "TP_Rate": 0.5263157894736842,
      "FP_Rate": 0.14977973568281938,
      "ROC_AUC": 0.7697658242522606,
      "confusion_matrix": [
        [
          193,
          34
        ],
        [
          27,
          30
        ]
      ]
    },
    "naive_bayes_gaussian": {
      "F1_Score": 0.379746835443038,
      "F2_Score": 0.3,
      "Exactitud": 0.8274647887323944,
      "Accuracy": 0.8274647887323944,
      "Balanced_Accuracy": 0.6161604451657778,
      "BER": 0.38383955483422216,
      "MCC": 0.34807804716005364,
      "Precision": 0.6818181818181818,
      "Recall": 0.2631578947368421,
      "Sensibilidad": 0.2631578947368421,
      "Especificidad": 0.9691629955947136,
      "Error": 0.17253521126760563,
      "TP_Rate": 0.2631578947368421,
      "FP_Rate": 0.030837004405286344,
      "ROC_AUC": 0.7922559703222813,
      "confusion_matrix": [
        [
          220,
          7
        ],
        [
          42,
          15
        ]
      ]
    },
    "decision_tree": {
      "F1_Score": 0.6713286713286714,
      "F2_Score": 0.7643312101910829,
      "Exactitud": 0.8345070422535211,
      "Accuracy": 0.8345070422535211,
      "Balanced_Accuracy": 0.837352191050313,
      "BER": 0.162647808949687,
      "MCC": 0.5881418272874985,
      "Precision": 0.5581395348837209,
      "Recall": 0.8421052631578947,
      "Sensibilidad": 0.8421052631578947,
      "Especificidad": 0.8325991189427313,
      "Error": 0.16549295774647887,
      "TP_Rate": 0.8421052631578947,
      "FP_Rate": 0.16740088105726872,
      "ROC_AUC": 0.8261457608779658,
      "confusion_matrix": [
        [
          189,
          38
        ],
        [
          9,
          48
        ]
      ]
    }
  },
  "timestamp": "2025-12-11T09:17:10.333941"
}