{
  "dataset": "hive-0.9.0",
  "balancing_method": "csbboost",
  "scaler_type": "standard",
  "models": {
    "svm": {
      "F1_Score": 0.4918032786885246,
      "Exactitud": 0.7816901408450704,
      "Precision": 0.46153846153846156,
      "Recall": 0.5263157894736842,
      "Sensibilidad": 0.5263157894736842,
      "Especificidad": 0.8458149779735683,
      "Error": 0.21830985915492956,
      "TP_Rate": 0.5263157894736842,
      "FP_Rate": 0.15418502202643172,
      "ROC_AUC": 0.7694953242136178,
      "confusion_matrix": [
        [
          192,
          35
        ],
        [
          27,
          30
        ]
      ]
    },
    "naive_bayes_gaussian": {
      "F1_Score": 0.38461538461538464,
      "Exactitud": 0.8309859154929577,
      "Precision": 0.7142857142857143,
      "Recall": 0.2631578947368421,
      "Sensibilidad": 0.2631578947368421,
      "Especificidad": 0.973568281938326,
      "Error": 0.16901408450704225,
      "TP_Rate": 0.2631578947368421,
      "FP_Rate": 0.02643171806167401,
      "ROC_AUC": 0.7922173274596181,
      "confusion_matrix": [
        [
          221,
          6
        ],
        [
          42,
          15
        ]
      ]
    },
    "decision_tree": {
      "F1_Score": 0.6153846153846154,
      "Exactitud": 0.8063380281690141,
      "Precision": 0.5116279069767442,
      "Recall": 0.7719298245614035,
      "Sensibilidad": 0.7719298245614035,
      "Especificidad": 0.8149779735682819,
      "Error": 0.1936619718309859,
      "TP_Rate": 0.7719298245614035,
      "FP_Rate": 0.18502202643171806,
      "ROC_AUC": 0.7934538990648426,
      "confusion_matrix": [
        [
          185,
          42
        ],
        [
          13,
          44
        ]
      ]
    }
  },
  "timestamp": "2025-11-27T19:59:14.085538"
}