{
  "dataset": "hive-0.9.0",
  "balancing_method": "csbboost",
  "scaler_type": "standard",
  "models": {
    "svm": {
      "F1_Score": 0.4388185654008439,
      "Exactitud": 0.5316901408450704,
      "Precision": 0.28888888888888886,
      "Recall": 0.9122807017543859,
      "Sensibilidad": 0.9122807017543859,
      "Especificidad": 0.43612334801762115,
      "Error": 0.46830985915492956,
      "TP_Rate": 0.9122807017543859,
      "FP_Rate": 0.5638766519823789,
      "ROC_AUC": 0.8257593322513331,
      "confusion_matrix": [
        [
          99,
          128
        ],
        [
          5,
          52
        ]
      ]
    },
    "naive_bayes_gaussian": {
      "F1_Score": 0.379746835443038,
      "Exactitud": 0.8274647887323944,
      "Precision": 0.6818181818181818,
      "Recall": 0.2631578947368421,
      "Sensibilidad": 0.2631578947368421,
      "Especificidad": 0.9691629955947136,
      "Error": 0.17253521126760563,
      "TP_Rate": 0.2631578947368421,
      "FP_Rate": 0.030837004405286344,
      "ROC_AUC": 0.7922559703222813,
      "confusion_matrix": [
        [
          220,
          7
        ],
        [
          42,
          15
        ]
      ]
    },
    "decision_tree": {
      "F1_Score": 0.6153846153846154,
      "Exactitud": 0.8063380281690141,
      "Precision": 0.5116279069767442,
      "Recall": 0.7719298245614035,
      "Sensibilidad": 0.7719298245614035,
      "Especificidad": 0.8149779735682819,
      "Error": 0.1936619718309859,
      "TP_Rate": 0.7719298245614035,
      "FP_Rate": 0.18502202643171806,
      "ROC_AUC": 0.7934538990648426,
      "confusion_matrix": [
        [
          185,
          42
        ],
        [
          13,
          44
        ]
      ]
    }
  },
  "timestamp": "2025-11-28T13:33:13.319253"
}