{
  "TP": 15,
  "TN": 220,
  "FP": 7,
  "FN": 42,
  "P": 57,
  "N": 227,
  "Total": 284,
  "Error": 0.17253521126760563,
  "Exactitud": 0.8274647887323944,
  "TP_Rate": 0.2631578947368421,
  "FP_Rate": 0.030837004405286344,
  "Precision": 0.6818181818181818,
  "Recall": 0.2631578947368421,
  "Sensibilidad": 0.2631578947368421,
  "Especificidad": 0.9691629955947136,
  "F1_Score": 0.379746835443038,
  "Accuracy_sklearn": 0.8274647887323944,
  "ROC_AUC": 0.7922559703222813,
  "PR_AUC": 0.5711009058131569,
  "classification_report": {
    "No-Buggy": {
      "precision": 0.8396946564885496,
      "recall": 0.9691629955947136,
      "f1-score": 0.8997955010224948,
      "support": 227.0
    },
    "Buggy": {
      "precision": 0.6818181818181818,
      "recall": 0.2631578947368421,
      "f1-score": 0.379746835443038,
      "support": 57.0
    },
    "accuracy": 0.8274647887323944,
    "macro avg": {
      "precision": 0.7607564191533657,
      "recall": 0.6161604451657778,
      "f1-score": 0.6397711682327665,
      "support": 284.0
    },
    "weighted avg": {
      "precision": 0.8080081809385109,
      "recall": 0.8274647887323944,
      "f1-score": 0.7954195364519699,
      "support": 284.0
    }
  },
  "confusion_matrix": [
    [
      220,
      7
    ],
    [
      42,
      15
    ]
  ],
  "training_time_seconds": 0.000844,
  "best_hyperparameters": {
    "var_smoothing": 0.0001
  },
  "timestamp": "2025-11-28T13:33:12.768517"
}