{
  "TP": 15,
  "TN": 221,
  "FP": 6,
  "FN": 42,
  "P": 57,
  "N": 227,
  "Total": 284,
  "Error": 0.16901408450704225,
  "Exactitud": 0.8309859154929577,
  "TP_Rate": 0.2631578947368421,
  "FP_Rate": 0.02643171806167401,
  "Precision": 0.7142857142857143,
  "Recall": 0.2631578947368421,
  "Sensibilidad": 0.2631578947368421,
  "Especificidad": 0.973568281938326,
  "F1_Score": 0.38461538461538464,
  "Accuracy_sklearn": 0.8309859154929577,
  "ROC_AUC": 0.7922173274596181,
  "PR_AUC": 0.5671959712837804,
  "classification_report": {
    "No-Buggy": {
      "precision": 0.8403041825095057,
      "recall": 0.973568281938326,
      "f1-score": 0.9020408163265307,
      "support": 227.0
    },
    "Buggy": {
      "precision": 0.7142857142857143,
      "recall": 0.2631578947368421,
      "f1-score": 0.38461538461538464,
      "support": 57.0
    },
    "accuracy": 0.8309859154929577,
    "macro avg": {
      "precision": 0.7772949483976099,
      "recall": 0.618363088337584,
      "f1-score": 0.6433281004709577,
      "support": 284.0
    },
    "weighted avg": {
      "precision": 0.8150117434645898,
      "recall": 0.8309859154929577,
      "f1-score": 0.7981913458774627,
      "support": 284.0
    }
  },
  "confusion_matrix": [
    [
      221,
      6
    ],
    [
      42,
      15
    ]
  ],
  "training_time_seconds": 0.001039,
  "best_hyperparameters": {
    "var_smoothing": 1e-05
  },
  "timestamp": "2025-11-27T19:59:13.524108"
}