{
  "TP": 30,
  "TN": 193,
  "FP": 34,
  "FN": 27,
  "P": 57,
  "N": 227,
  "Total": 284,
  "Error": 0.2147887323943662,
  "Exactitud": 0.7852112676056338,
  "TP_Rate": 0.5263157894736842,
  "FP_Rate": 0.14977973568281938,
  "Precision": 0.46875,
  "Recall": 0.5263157894736842,
  "Sensibilidad": 0.5263157894736842,
  "Especificidad": 0.8502202643171806,
  "F1_Score": 0.49586776859504134,
  "Accuracy_sklearn": 0.7852112676056338,
  "F2_Score": 0.5136986301369864,
  "Balanced_Accuracy": 0.6882680268954324,
  "BER": 0.3117319731045676,
  "MCC": 0.36095710583007695,
  "Accuracy": 0.7852112676056338,
  "ROC_AUC": 0.7697658242522606,
  "PR_AUC": 0.5555901945980015,
  "classification_report": {
    "No-Buggy": {
      "precision": 0.8772727272727273,
      "recall": 0.8502202643171806,
      "f1-score": 0.8635346756152126,
      "support": 227.0
    },
    "Buggy": {
      "precision": 0.46875,
      "recall": 0.5263157894736842,
      "f1-score": 0.49586776859504134,
      "support": 57.0
    },
    "accuracy": 0.7852112676056338,
    "macro avg": {
      "precision": 0.6730113636363637,
      "recall": 0.6882680268954324,
      "f1-score": 0.679701222105127,
      "support": 284.0
    },
    "weighted avg": {
      "precision": 0.7952804897567222,
      "recall": 0.7852112676056338,
      "f1-score": 0.7897423738541218,
      "support": 284.0
    }
  },
  "confusion_matrix": [
    [
      193,
      34
    ],
    [
      27,
      30
    ]
  ],
  "training_time_seconds": 0.025031,
  "best_hyperparameters": {
    "C": 1000,
    "gamma": 0.01,
    "kernel": "rbf"
  },
  "timestamp": "2025-12-11T09:17:09.604625"
}