{
  "TP": 52,
  "TN": 99,
  "FP": 128,
  "FN": 5,
  "P": 57,
  "N": 227,
  "Total": 284,
  "Error": 0.46830985915492956,
  "Exactitud": 0.5316901408450704,
  "TP_Rate": 0.9122807017543859,
  "FP_Rate": 0.5638766519823789,
  "Precision": 0.28888888888888886,
  "Recall": 0.9122807017543859,
  "Sensibilidad": 0.9122807017543859,
  "Especificidad": 0.43612334801762115,
  "F1_Score": 0.4388185654008439,
  "Accuracy_sklearn": 0.5316901408450704,
  "ROC_AUC": 0.8257593322513331,
  "PR_AUC": 0.587041920034162,
  "classification_report": {
    "No-Buggy": {
      "precision": 0.9519230769230769,
      "recall": 0.43612334801762115,
      "f1-score": 0.5981873111782477,
      "support": 227.0
    },
    "Buggy": {
      "precision": 0.28888888888888886,
      "recall": 0.9122807017543859,
      "f1-score": 0.4388185654008439,
      "support": 57.0
    },
    "accuracy": 0.5316901408450704,
    "macro avg": {
      "precision": 0.6204059829059829,
      "recall": 0.6742020248860036,
      "f1-score": 0.5185029382895459,
      "support": 284.0
    },
    "weighted avg": {
      "precision": 0.8188493138317082,
      "recall": 0.5316901408450704,
      "f1-score": 0.5662013305116561,
      "support": 284.0
    }
  },
  "confusion_matrix": [
    [
      99,
      128
    ],
    [
      5,
      52
    ]
  ],
  "training_time_seconds": 0.020905,
  "best_hyperparameters": {
    "C": 0.1,
    "gamma": 1,
    "kernel": "rbf"
  },
  "timestamp": "2025-11-28T13:33:12.499278"
}