{
  "TP": 30,
  "TN": 192,
  "FP": 35,
  "FN": 27,
  "P": 57,
  "N": 227,
  "Total": 284,
  "Error": 0.21830985915492956,
  "Exactitud": 0.7816901408450704,
  "TP_Rate": 0.5263157894736842,
  "FP_Rate": 0.15418502202643172,
  "Precision": 0.46153846153846156,
  "Recall": 0.5263157894736842,
  "Sensibilidad": 0.5263157894736842,
  "Especificidad": 0.8458149779735683,
  "F1_Score": 0.4918032786885246,
  "Accuracy_sklearn": 0.7816901408450704,
  "ROC_AUC": 0.7694953242136178,
  "PR_AUC": 0.5587853804250137,
  "classification_report": {
    "No-Buggy": {
      "precision": 0.8767123287671232,
      "recall": 0.8458149779735683,
      "f1-score": 0.8609865470852018,
      "support": 227.0
    },
    "Buggy": {
      "precision": 0.46153846153846156,
      "recall": 0.5263157894736842,
      "f1-score": 0.4918032786885246,
      "support": 57.0
    },
    "accuracy": 0.7816901408450704,
    "macro avg": {
      "precision": 0.6691253951527925,
      "recall": 0.6860653837236262,
      "f1-score": 0.6763949128868632,
      "support": 284.0
    },
    "weighted avg": {
      "precision": 0.7933851793585539,
      "recall": 0.7816901408450704,
      "f1-score": 0.7868899051886856,
      "support": 284.0
    }
  },
  "confusion_matrix": [
    [
      192,
      35
    ],
    [
      27,
      30
    ]
  ],
  "training_time_seconds": 0.174985,
  "best_hyperparameters": {
    "C": 1000,
    "gamma": 0.01,
    "kernel": "rbf"
  },
  "timestamp": "2025-11-27T19:59:13.230279"
}