{
  "TP": 9,
  "TN": 117,
  "FP": 34,
  "FN": 5,
  "P": 14,
  "N": 151,
  "Total": 165,
  "Error": 0.23636363636363636,
  "Exactitud": 0.7636363636363637,
  "TP_Rate": 0.6428571428571429,
  "FP_Rate": 0.2251655629139073,
  "Precision": 0.20930232558139536,
  "Recall": 0.6428571428571429,
  "Sensibilidad": 0.6428571428571429,
  "Especificidad": 0.7748344370860927,
  "F1_Score": 0.3157894736842105,
  "Accuracy_sklearn": 0.7636363636363637,
  "best_hyperparameters": {
    "C": 1,
    "gamma": 1,
    "kernel": "rbf"
  },
  "cv_best_score": 0.9847537878787879,
  "timestamp": "2025-12-12T02:34:14.289245",
  "confusion_matrix": [
    [
      117,
      34
    ],
    [
      5,
      9
    ]
  ]
}