{
  "TP": 10,
  "TN": 127,
  "FP": 3,
  "FN": 7,
  "P": 17,
  "N": 130,
  "Total": 147,
  "Error": 0.06802721088435375,
  "Exactitud": 0.9319727891156463,
  "TP_Rate": 0.5882352941176471,
  "FP_Rate": 0.023076923076923078,
  "Precision": 0.7692307692307693,
  "Recall": 0.5882352941176471,
  "Sensibilidad": 0.5882352941176471,
  "Especificidad": 0.9769230769230769,
  "F1_Score": 0.6666666666666666,
  "Accuracy_sklearn": 0.9319727891156463,
  "best_hyperparameters": {
    "C": 1,
    "gamma": 0.1,
    "kernel": "rbf"
  },
  "cv_best_score": 0.5571428571428572,
  "timestamp": "2025-12-12T02:38:53.711607",
  "confusion_matrix": [
    [
      127,
      3
    ],
    [
      7,
      10
    ]
  ]
}