{
  "TP": 15,
  "TN": 222,
  "FP": 5,
  "FN": 42,
  "P": 57,
  "N": 227,
  "Total": 284,
  "Error": 0.16549295774647887,
  "Exactitud": 0.8345070422535211,
  "TP_Rate": 0.2631578947368421,
  "FP_Rate": 0.022026431718061675,
  "Precision": 0.75,
  "Recall": 0.2631578947368421,
  "Sensibilidad": 0.2631578947368421,
  "Especificidad": 0.9779735682819384,
  "F1_Score": 0.38961038961038963,
  "Accuracy_sklearn": 0.8345070422535211,
  "best_hyperparameters": {
    "var_smoothing": 1e-05
  },
  "cv_best_score": 0.3446640316205533,
  "timestamp": "2025-12-12T02:20:44.390002",
  "confusion_matrix": [
    [
      222,
      5
    ],
    [
      42,
      15
    ]
  ]
}