{
  "TP": 45,
  "TN": 184,
  "FP": 43,
  "FN": 12,
  "P": 57,
  "N": 227,
  "Total": 284,
  "Error": 0.1936619718309859,
  "Exactitud": 0.8063380281690141,
  "TP_Rate": 0.7894736842105263,
  "FP_Rate": 0.1894273127753304,
  "Precision": 0.5113636363636364,
  "Recall": 0.7894736842105263,
  "Sensibilidad": 0.7894736842105263,
  "Especificidad": 0.8105726872246696,
  "F1_Score": 0.6206896551724138,
  "Accuracy_sklearn": 0.8063380281690141,
  "best_hyperparameters": {
    "C": 100,
    "gamma": 0.1,
    "kernel": "rbf"
  },
  "cv_best_score": 0.9593358395989975,
  "timestamp": "2025-12-12T02:20:44.525970",
  "confusion_matrix": [
    [
      184,
      43
    ],
    [
      12,
      45
    ]
  ]
}