{
  "best_params": {
    "criterion": "entropy",
    "max_depth": 20,
    "min_samples_leaf": 1,
    "min_samples_split": 5
  },
  "best_cv_score": 0.9086315789473683,
  "test_metrics": {
    "accuracy": 0.8196286472148541,
    "precision": 0.45263157894736844,
    "recall": 0.7288135593220338,
    "f1_score": 0.5584415584415584
  },
  "timestamp": "2025-12-12T02:06:26.583241",
  "cv_folds": 10,
  "n_combinations_tested": 160,
  "total_fits": 1600,
  "time_seconds": 5.668739,
  "dataset_info": {
    "n_samples": 1507,
    "n_features": 65
  }
}