{
  "best_params": {
    "criterion": "entropy",
    "max_depth": 20,
    "min_samples_leaf": 1,
    "min_samples_split": 2
  },
  "best_cv_score": 0.9020852689613269,
  "test_metrics": {
    "accuracy": 0.8090185676392573,
    "precision": 0.4329896907216495,
    "recall": 0.711864406779661,
    "f1_score": 0.5384615384615384,
    "f2_score": 0.6306306306306306
  },
  "timestamp": "2025-12-11T09:10:33.152848",
  "confusion_matrix": [
    [
      263,
      55
    ],
    [
      17,
      42
    ]
  ],
  "labels": [
    0,
    1
  ]
}