{
  "best_params": {
    "criterion": "entropy",
    "max_depth": 5,
    "min_samples_leaf": 1,
    "min_samples_split": 20
  },
  "best_cv_score": 0.8900730870903023,
  "test_metrics": {
    "accuracy": 0.8647214854111406,
    "precision": 0.5512820512820513,
    "recall": 0.7288135593220338,
    "f1_score": 0.6277372262773723
  },
  "timestamp": "2025-11-27T19:55:24.374126"
}