{
  "best_params": {
    "var_smoothing": 1e-05
  },
  "best_cv_score": 0.7981829296570332,
  "test_metrics": {
    "accuracy": 0.3050397877984085,
    "precision": 0.16938110749185667,
    "recall": 0.8813559322033898,
    "f1_score": 0.28415300546448086
  },
  "timestamp": "2025-11-28T13:28:18.112528"
}