{
  "best_params": {
    "var_smoothing": 0.0001
  },
  "best_cv_score": 0.7838430154372935,
  "test_metrics": {
    "accuracy": 0.15384615384615385,
    "precision": 0.15240641711229946,
    "recall": 0.9661016949152542,
    "f1_score": 0.2632794457274827,
    "f2_score": 0.4672131147540984
  },
  "timestamp": "2025-12-11T09:10:28.128569",
  "confusion_matrix": [
    [
      1,
      317
    ],
    [
      2,
      57
    ]
  ],
  "labels": [
    0,
    1
  ]
}