{
  "best_params": {
    "var_smoothing": 0.0001
  },
  "best_cv_score": 0.9240877192982456,
  "test_metrics": {
    "accuracy": 0.15384615384615385,
    "precision": 0.15240641711229946,
    "recall": 0.9661016949152542,
    "f1_score": 0.2632794457274827
  },
  "timestamp": "2025-12-12T02:06:23.462486",
  "cv_folds": 10,
  "n_combinations_tested": 6,
  "total_fits": 60,
  "time_seconds": 2.548294,
  "dataset_info": {
    "n_samples": 1507,
    "n_features": 65
  }
}