{
  "best_params": {
    "C": 10,
    "gamma": 0.1,
    "kernel": "rbf"
  },
  "best_cv_score": 0.9332181543119022,
  "test_metrics": {
    "accuracy": 0.7771883289124668,
    "precision": 0.40310077519379844,
    "recall": 0.8813559322033898,
    "f1_score": 0.5531914893617021,
    "f2_score": 0.7123287671232876
  },
  "timestamp": "2025-12-11T09:10:33.193827",
  "confusion_matrix": [
    [
      241,
      77
    ],
    [
      7,
      52
    ]
  ],
  "labels": [
    0,
    1
  ]
}