{
  "best_params": {
    "C": 0.01,
    "gamma": 1,
    "kernel": "rbf"
  },
  "best_cv_score": 1.0,
  "test_metrics": {
    "accuracy": 0.15649867374005305,
    "precision": 0.15649867374005305,
    "recall": 1.0,
    "f1_score": 0.2706422018348624
  },
  "timestamp": "2025-12-12T02:06:50.250815",
  "cv_folds": 10,
  "n_combinations_tested": 72,
  "total_fits": 720,
  "time_seconds": 29.33773,
  "dataset_info": {
    "n_samples": 1507,
    "n_features": 65
  }
}