{
  "best_params": {
    "C": 1000,
    "gamma": 0.01,
    "kernel": "rbf"
  },
  "best_cv_score": 0.8931718203190918,
  "test_metrics": {
    "accuracy": 0.8037135278514589,
    "precision": 0.41379310344827586,
    "recall": 0.6101694915254238,
    "f1_score": 0.4931506849315068
  },
  "timestamp": "2025-11-27T19:55:24.392484"
}