{
  "dataset": "wicket-1.3.0-beta2",
  "balancing_method": "smote",
  "scaler_type": "robust",
  "models": {
    "svm": {
      "F1_Score": 0.1457725947521866,
      "Exactitud": 0.16997167138810199,
      "Precision": 0.07886435331230283,
      "Recall": 0.9615384615384616,
      "Sensibilidad": 0.9615384615384616,
      "Especificidad": 0.10703363914373089,
      "Error": 0.830028328611898,
      "TP_Rate": 0.9615384615384616,
      "FP_Rate": 0.8929663608562691,
      "ROC_AUC": 0.7288873206304399,
      "confusion_matrix": [
        [
          35,
          292
        ],
        [
          1,
          25
        ]
      ]
    },
    "naive_bayes_gaussian": {
      "F1_Score": 0.3125,
      "Exactitud": 0.8753541076487252,
      "Precision": 0.2631578947368421,
      "Recall": 0.38461538461538464,
      "Sensibilidad": 0.38461538461538464,
      "Especificidad": 0.9143730886850153,
      "Error": 0.12464589235127478,
      "TP_Rate": 0.38461538461538464,
      "FP_Rate": 0.0856269113149847,
      "ROC_AUC": 0.775229357798165,
      "confusion_matrix": [
        [
          299,
          28
        ],
        [
          16,
          10
        ]
      ]
    },
    "decision_tree": {
      "F1_Score": 0.24096385542168675,
      "Exactitud": 0.8215297450424929,
      "Precision": 0.17543859649122806,
      "Recall": 0.38461538461538464,
      "Sensibilidad": 0.38461538461538464,
      "Especificidad": 0.8562691131498471,
      "Error": 0.17847025495750707,
      "TP_Rate": 0.38461538461538464,
      "FP_Rate": 0.1437308868501529,
      "ROC_AUC": 0.6146788990825688,
      "confusion_matrix": [
        [
          280,
          47
        ],
        [
          16,
          10
        ]
      ]
    }
  },
  "timestamp": "2025-11-28T13:35:23.252810"
}