{
  "dataset": "wicket-1.3.0-beta2",
  "balancing_method": "smote",
  "scaler_type": "robust",
  "models": {
    "svm": {
      "F1_Score": 0.2716049382716049,
      "F2_Score": 0.34591194968553457,
      "Exactitud": 0.8328611898016998,
      "Accuracy": 0.8328611898016998,
      "Balanced_Accuracy": 0.6442601740766878,
      "BER": 0.3557398259233122,
      "MCC": 0.2078009463747219,
      "Precision": 0.2,
      "Recall": 0.4230769230769231,
      "Sensibilidad": 0.4230769230769231,
      "Especificidad": 0.8654434250764526,
      "Error": 0.1671388101983003,
      "TP_Rate": 0.4230769230769231,
      "FP_Rate": 0.1345565749235474,
      "ROC_AUC": 0.765349329569513,
      "confusion_matrix": [
        [
          283,
          44
        ],
        [
          15,
          11
        ]
      ]
    },
    "naive_bayes_gaussian": {
      "F1_Score": 0.34375,
      "F2_Score": 0.3873239436619718,
      "Exactitud": 0.8810198300283286,
      "Accuracy": 0.8810198300283286,
      "Balanced_Accuracy": 0.6702540578687368,
      "BER": 0.3297459421312632,
      "MCC": 0.28697293703089116,
      "Precision": 0.2894736842105263,
      "Recall": 0.4230769230769231,
      "Sensibilidad": 0.4230769230769231,
      "Especificidad": 0.9174311926605505,
      "Error": 0.11898016997167139,
      "TP_Rate": 0.4230769230769231,
      "FP_Rate": 0.08256880733944955,
      "ROC_AUC": 0.772994589508351,
      "confusion_matrix": [
        [
          300,
          27
        ],
        [
          15,
          11
        ]
      ]
    },
    "decision_tree": {
      "F1_Score": 0.23809523809523808,
      "F2_Score": 0.30864197530864196,
      "Exactitud": 0.8186968838526912,
      "Accuracy": 0.8186968838526912,
      "Balanced_Accuracy": 0.6189131968948482,
      "BER": 0.38108680310515175,
      "MCC": 0.16764692662609454,
      "Precision": 0.1724137931034483,
      "Recall": 0.38461538461538464,
      "Sensibilidad": 0.38461538461538464,
      "Especificidad": 0.8532110091743119,
      "Error": 0.1813031161473088,
      "TP_Rate": 0.38461538461538464,
      "FP_Rate": 0.14678899082568808,
      "ROC_AUC": 0.6153846153846154,
      "confusion_matrix": [
        [
          279,
          48
        ],
        [
          16,
          10
        ]
      ]
    }
  },
  "timestamp": "2025-12-11T09:19:55.011075"
}