{
  "dataset": "wicket-1.3.0-beta2",
  "balancing_method": "smote",
  "scaler_type": "robust",
  "models": {
    "svm": {
      "F1_Score": 0.3225806451612903,
      "Exactitud": 0.8810198300283286,
      "Precision": 0.2777777777777778,
      "Recall": 0.38461538461538464,
      "Sensibilidad": 0.38461538461538464,
      "Especificidad": 0.9204892966360856,
      "Error": 0.11898016997167139,
      "TP_Rate": 0.38461538461538464,
      "FP_Rate": 0.07951070336391437,
      "ROC_AUC": 0.7774641260879793,
      "confusion_matrix": [
        [
          301,
          26
        ],
        [
          16,
          10
        ]
      ]
    },
    "naive_bayes_gaussian": {
      "F1_Score": 0.3125,
      "Exactitud": 0.8753541076487252,
      "Precision": 0.2631578947368421,
      "Recall": 0.38461538461538464,
      "Sensibilidad": 0.38461538461538464,
      "Especificidad": 0.9143730886850153,
      "Error": 0.12464589235127478,
      "TP_Rate": 0.38461538461538464,
      "FP_Rate": 0.0856269113149847,
      "ROC_AUC": 0.775229357798165,
      "confusion_matrix": [
        [
          299,
          28
        ],
        [
          16,
          10
        ]
      ]
    },
    "decision_tree": {
      "F1_Score": 0.2898550724637681,
      "Exactitud": 0.8611898016997167,
      "Precision": 0.23255813953488372,
      "Recall": 0.38461538461538464,
      "Sensibilidad": 0.38461538461538464,
      "Especificidad": 0.8990825688073395,
      "Error": 0.1388101983002833,
      "TP_Rate": 0.38461538461538464,
      "FP_Rate": 0.10091743119266056,
      "ROC_AUC": 0.6292637026581981,
      "confusion_matrix": [
        [
          294,
          33
        ],
        [
          16,
          10
        ]
      ]
    }
  },
  "timestamp": "2025-11-27T20:00:53.731977"
}