{
  "TP": 10,
  "TN": 294,
  "FP": 33,
  "FN": 16,
  "P": 26,
  "N": 327,
  "Total": 353,
  "Error": 0.1388101983002833,
  "Exactitud": 0.8611898016997167,
  "TP_Rate": 0.38461538461538464,
  "FP_Rate": 0.10091743119266056,
  "Precision": 0.23255813953488372,
  "Recall": 0.38461538461538464,
  "Sensibilidad": 0.38461538461538464,
  "Especificidad": 0.8990825688073395,
  "F1_Score": 0.2898550724637681,
  "Accuracy_sklearn": 0.8611898016997167,
  "ROC_AUC": 0.6292637026581981,
  "PR_AUC": 0.31473923422633726,
  "classification_report": {
    "No-Buggy": {
      "precision": 0.9483870967741935,
      "recall": 0.8990825688073395,
      "f1-score": 0.9230769230769231,
      "support": 327.0
    },
    "Buggy": {
      "precision": 0.23255813953488372,
      "recall": 0.38461538461538464,
      "f1-score": 0.2898550724637681,
      "support": 26.0
    },
    "accuracy": 0.8611898016997167,
    "macro avg": {
      "precision": 0.5904726181545387,
      "recall": 0.6418489767113621,
      "f1-score": 0.6064659977703456,
      "support": 353.0
    },
    "weighted avg": {
      "precision": 0.8956631509152075,
      "recall": 0.8611898016997167,
      "f1-score": 0.8764373533433764,
      "support": 353.0
    }
  },
  "confusion_matrix": [
    [
      294,
      33
    ],
    [
      16,
      10
    ]
  ],
  "training_time_seconds": 0.017948,
  "best_hyperparameters": {
    "criterion": "gini",
    "max_depth": 20,
    "min_samples_leaf": 2,
    "min_samples_split": 5
  },
  "timestamp": "2025-11-27T20:00:53.462094"
}