{
  "TP": 11,
  "TN": 283,
  "FP": 44,
  "FN": 15,
  "P": 26,
  "N": 327,
  "Total": 353,
  "Error": 0.1671388101983003,
  "Exactitud": 0.8328611898016998,
  "TP_Rate": 0.4230769230769231,
  "FP_Rate": 0.1345565749235474,
  "Precision": 0.2,
  "Recall": 0.4230769230769231,
  "Sensibilidad": 0.4230769230769231,
  "Especificidad": 0.8654434250764526,
  "F1_Score": 0.2716049382716049,
  "Accuracy_sklearn": 0.8328611898016998,
  "F2_Score": 0.34591194968553457,
  "Balanced_Accuracy": 0.6442601740766878,
  "BER": 0.3557398259233122,
  "MCC": 0.2078009463747219,
  "Accuracy": 0.8328611898016998,
  "ROC_AUC": 0.765349329569513,
  "PR_AUC": 0.19884859110932696,
  "classification_report": {
    "No-Buggy": {
      "precision": 0.9496644295302014,
      "recall": 0.8654434250764526,
      "f1-score": 0.9056,
      "support": 327.0
    },
    "Buggy": {
      "precision": 0.2,
      "recall": 0.4230769230769231,
      "f1-score": 0.2716049382716049,
      "support": 26.0
    },
    "accuracy": 0.8328611898016998,
    "macro avg": {
      "precision": 0.5748322147651007,
      "recall": 0.6442601740766878,
      "f1-score": 0.5886024691358025,
      "support": 353.0
    },
    "weighted avg": {
      "precision": 0.8944483525676369,
      "recall": 0.8328611898016998,
      "f1-score": 0.858903479872696,
      "support": 353.0
    }
  },
  "confusion_matrix": [
    [
      283,
      44
    ],
    [
      15,
      11
    ]
  ],
  "training_time_seconds": 0.023574,
  "best_hyperparameters": {
    "C": 1,
    "gamma": 0.1,
    "kernel": "rbf"
  },
  "timestamp": "2025-12-11T09:19:54.288171"
}