{
  "TP": 25,
  "TN": 35,
  "FP": 292,
  "FN": 1,
  "P": 26,
  "N": 327,
  "Total": 353,
  "Error": 0.830028328611898,
  "Exactitud": 0.16997167138810199,
  "TP_Rate": 0.9615384615384616,
  "FP_Rate": 0.8929663608562691,
  "Precision": 0.07886435331230283,
  "Recall": 0.9615384615384616,
  "Sensibilidad": 0.9615384615384616,
  "Especificidad": 0.10703363914373089,
  "F1_Score": 0.1457725947521866,
  "Accuracy_sklearn": 0.16997167138810199,
  "ROC_AUC": 0.7288873206304399,
  "PR_AUC": 0.13525381172362155,
  "classification_report": {
    "No-Buggy": {
      "precision": 0.9722222222222222,
      "recall": 0.10703363914373089,
      "f1-score": 0.1928374655647383,
      "support": 327.0
    },
    "Buggy": {
      "precision": 0.07886435331230283,
      "recall": 0.9615384615384616,
      "f1-score": 0.1457725947521866,
      "support": 26.0
    },
    "accuracy": 0.16997167138810199,
    "macro avg": {
      "precision": 0.5255432877672626,
      "recall": 0.5342860503410962,
      "f1-score": 0.16930503015846243,
      "support": 353.0
    },
    "weighted avg": {
      "precision": 0.9064224925008117,
      "recall": 0.16997167138810199,
      "f1-score": 0.18937093117061268,
      "support": 353.0
    }
  },
  "confusion_matrix": [
    [
      35,
      292
    ],
    [
      1,
      25
    ]
  ],
  "training_time_seconds": 0.031838,
  "best_hyperparameters": {
    "C": 0.01,
    "gamma": 1,
    "kernel": "rbf"
  },
  "timestamp": "2025-11-28T13:35:22.430417"
}