{
  "TP": 15,
  "TN": 148,
  "FP": 20,
  "FN": 29,
  "P": 44,
  "N": 168,
  "Total": 212,
  "Error": 0.23113207547169812,
  "Exactitud": 0.7688679245283019,
  "TP_Rate": 0.3409090909090909,
  "FP_Rate": 0.11904761904761904,
  "Precision": 0.42857142857142855,
  "Recall": 0.3409090909090909,
  "Sensibilidad": 0.3409090909090909,
  "Especificidad": 0.8809523809523809,
  "F1_Score": 0.379746835443038,
  "Accuracy_sklearn": 0.7688679245283019,
  "best_hyperparameters": {
    "var_smoothing": 1e-09
  },
  "cv_best_score": 0.46904761904761905,
  "timestamp": "2025-12-12T02:35:44.850010",
  "confusion_matrix": [
    [
      148,
      20
    ],
    [
      29,
      15
    ]
  ]
}