{
  "TP": 33,
  "TN": 137,
  "FP": 31,
  "FN": 11,
  "P": 44,
  "N": 168,
  "Total": 212,
  "Error": 0.19811320754716982,
  "Exactitud": 0.8018867924528302,
  "TP_Rate": 0.75,
  "FP_Rate": 0.18452380952380953,
  "Precision": 0.515625,
  "Recall": 0.75,
  "Sensibilidad": 0.75,
  "Especificidad": 0.8154761904761905,
  "F1_Score": 0.6111111111111112,
  "Accuracy_sklearn": 0.8018867924528302,
  "best_hyperparameters": {
    "criterion": "gini",
    "max_depth": 5,
    "min_samples_leaf": 1,
    "min_samples_split": 2
  },
  "cv_best_score": 0.8674418604651162,
  "timestamp": "2025-12-12T02:18:03.189003",
  "confusion_matrix": [
    [
      137,
      31
    ],
    [
      11,
      33
    ]
  ]
}