{
  "best_params": {
    "criterion": "entropy",
    "max_depth": 20,
    "min_samples_leaf": 1,
    "min_samples_split": 2
  },
  "best_cv_score": 0.9350574712643678,
  "test_metrics": {
    "accuracy": 0.8435374149659864,
    "precision": 0.38461538461538464,
    "recall": 0.5882352941176471,
    "f1_score": 0.46511627906976744
  },
  "timestamp": "2025-12-12T02:38:18.695855",
  "cv_folds": 10,
  "n_combinations_tested": 160,
  "total_fits": 1600,
  "time_seconds": 3.45582,
  "dataset_info": {
    "n_samples": 584,
    "n_features": 20
  }
}