{
  "best_params": {
    "var_smoothing": 1e-09
  },
  "best_cv_score": 0.6542528735632185,
  "test_metrics": {
    "accuracy": 0.9047619047619048,
    "precision": 0.5714285714285714,
    "recall": 0.7058823529411765,
    "f1_score": 0.631578947368421
  },
  "timestamp": "2025-12-12T02:38:17.810338",
  "cv_folds": 10,
  "n_combinations_tested": 6,
  "total_fits": 60,
  "time_seconds": 2.570442,
  "dataset_info": {
    "n_samples": 584,
    "n_features": 20
  }
}