{
  "best_params": {
    "C": 0.01,
    "gamma": 1,
    "kernel": "rbf"
  },
  "best_cv_score": 0.9698850574712644,
  "test_metrics": {
    "accuracy": 0.4965986394557823,
    "precision": 0.18681318681318682,
    "recall": 1.0,
    "f1_score": 0.3148148148148148
  },
  "timestamp": "2025-12-12T02:38:21.341079",
  "cv_folds": 10,
  "n_combinations_tested": 72,
  "total_fits": 720,
  "time_seconds": 6.10191,
  "dataset_info": {
    "n_samples": 584,
    "n_features": 20
  }
}