{
  "TP": 44,
  "TN": 1,
  "FP": 167,
  "FN": 0,
  "P": 44,
  "N": 168,
  "Total": 212,
  "Error": 0.7877358490566038,
  "Exactitud": 0.21226415094339623,
  "TP_Rate": 1.0,
  "FP_Rate": 0.9940476190476191,
  "Precision": 0.20853080568720378,
  "Recall": 1.0,
  "Sensibilidad": 1.0,
  "Especificidad": 0.005952380952380952,
  "F1_Score": 0.34509803921568627,
  "Accuracy_sklearn": 0.21226415094339623,
  "best_hyperparameters": {
    "var_smoothing": 1e-09
  },
  "cv_best_score": 0.9184385382059801,
  "timestamp": "2025-12-12T02:18:03.133100",
  "confusion_matrix": [
    [
      1,
      167
    ],
    [
      0,
      44
    ]
  ]
}