{
  "TP": 57,
  "TN": 1,
  "FP": 317,
  "FN": 2,
  "P": 59,
  "N": 318,
  "Total": 377,
  "Error": 0.8461538461538461,
  "Exactitud": 0.15384615384615385,
  "TP_Rate": 0.9661016949152542,
  "FP_Rate": 0.9968553459119497,
  "Precision": 0.15240641711229946,
  "Recall": 0.9661016949152542,
  "Sensibilidad": 0.9661016949152542,
  "Especificidad": 0.0031446540880503146,
  "F1_Score": 0.2632794457274827,
  "Accuracy_sklearn": 0.15384615384615385,
  "best_hyperparameters": {
    "var_smoothing": 0.0001
  },
  "cv_best_score": 0.9240877192982456,
  "timestamp": "2025-12-12T02:08:40.501905",
  "confusion_matrix": [
    [
      1,
      317
    ],
    [
      2,
      57
    ]
  ]
}