{
  "TP": 41,
  "TN": 175,
  "FP": 52,
  "FN": 16,
  "P": 57,
  "N": 227,
  "Total": 284,
  "Error": 0.23943661971830985,
  "Exactitud": 0.7605633802816901,
  "TP_Rate": 0.7192982456140351,
  "FP_Rate": 0.2290748898678414,
  "Precision": 0.44086021505376344,
  "Recall": 0.7192982456140351,
  "Sensibilidad": 0.7192982456140351,
  "Especificidad": 0.7709251101321586,
  "F1_Score": 0.5466666666666666,
  "Accuracy_sklearn": 0.7605633802816901,
  "best_hyperparameters": {
    "C": 100,
    "gamma": 1,
    "kernel": "rbf"
  },
  "cv_best_score": 0.943577694235589,
  "timestamp": "2025-12-12T02:37:50.420325",
  "confusion_matrix": [
    [
      175,
      52
    ],
    [
      16,
      41
    ]
  ]
}