{
  "TP": 5,
  "TN": 132,
  "FP": 19,
  "FN": 9,
  "P": 14,
  "N": 151,
  "Total": 165,
  "Error": 0.1696969696969697,
  "Exactitud": 0.8303030303030303,
  "TP_Rate": 0.35714285714285715,
  "FP_Rate": 0.12582781456953643,
  "Precision": 0.20833333333333334,
  "Recall": 0.35714285714285715,
  "Sensibilidad": 0.35714285714285715,
  "Especificidad": 0.8741721854304636,
  "F1_Score": 0.2631578947368421,
  "Accuracy_sklearn": 0.8303030303030303,
  "best_hyperparameters": {
    "C": 10,
    "gamma": 0.001,
    "kernel": "linear"
  },
  "cv_best_score": 0.7833333333333333,
  "timestamp": "2025-12-12T02:34:14.251955",
  "confusion_matrix": [
    [
      132,
      19
    ],
    [
      9,
      5
    ]
  ]
}