{
  "TP": 4,
  "TN": 139,
  "FP": 12,
  "FN": 10,
  "P": 14,
  "N": 151,
  "Total": 165,
  "Error": 0.13333333333333333,
  "Exactitud": 0.8666666666666667,
  "TP_Rate": 0.2857142857142857,
  "FP_Rate": 0.07947019867549669,
  "Precision": 0.25,
  "Recall": 0.2857142857142857,
  "Sensibilidad": 0.2857142857142857,
  "Especificidad": 0.9205298013245033,
  "F1_Score": 0.26666666666666666,
  "Accuracy_sklearn": 0.8666666666666667,
  "best_hyperparameters": {
    "C": 1000,
    "gamma": "scale",
    "kernel": "rbf"
  },
  "cv_best_score": 0.9757575757575758,
  "timestamp": "2025-12-12T02:16:07.073548",
  "confusion_matrix": [
    [
      139,
      12
    ],
    [
      10,
      4
    ]
  ]
}