{
  "best_params": {
    "criterion": "gini",
    "max_depth": 3,
    "min_samples_leaf": 1,
    "min_samples_split": 2
  },
  "best_cv_score": 0.9034006182942353,
  "test_metrics": {
    "accuracy": 0.7223796033994334,
    "precision": 0.14705882352941177,
    "recall": 0.5769230769230769,
    "f1_score": 0.234375
  },
  "timestamp": "2025-11-28T13:35:00.692056"
}