{
  "best_params": {
    "criterion": "entropy",
    "max_depth": 20,
    "min_samples_leaf": 1,
    "min_samples_split": 2
  },
  "best_cv_score": 0.8960208135454023,
  "test_metrics": {
    "accuracy": 0.8328611898016998,
    "precision": 0.17647058823529413,
    "recall": 0.34615384615384615,
    "f1_score": 0.23376623376623376,
    "f2_score": 0.2903225806451613
  },
  "timestamp": "2025-12-11T09:19:27.509152",
  "confusion_matrix": [
    [
      285,
      42
    ],
    [
      17,
      9
    ]
  ],
  "labels": [
    0,
    1
  ]
}