{
  "best_params": {
    "var_smoothing": 0.0001
  },
  "best_cv_score": 0.5403224828756744,
  "test_metrics": {
    "accuracy": 0.8923512747875354,
    "precision": 0.2857142857142857,
    "recall": 0.3076923076923077,
    "f1_score": 0.2962962962962963
  },
  "timestamp": "2025-11-28T13:34:59.527347"
}