{
  "best_params": {
    "C": 100,
    "gamma": "auto",
    "kernel": "rbf"
  },
  "best_cv_score": 0.9366499415863405,
  "test_metrics": {
    "accuracy": 0.8923512747875354,
    "precision": 0.2857142857142857,
    "recall": 0.3076923076923077,
    "f1_score": 0.2962962962962963,
    "f2_score": 0.30303030303030304
  },
  "timestamp": "2025-12-11T09:19:27.539283",
  "confusion_matrix": [
    [
      307,
      20
    ],
    [
      18,
      8
    ]
  ],
  "labels": [
    0,
    1
  ]
}