{
  "best_params": {
    "C": 1000,
    "gamma": "auto",
    "kernel": "rbf"
  },
  "best_cv_score": 0.8313152685823493,
  "test_metrics": {
    "accuracy": 0.9121813031161473,
    "precision": 0.4,
    "recall": 0.38461538461538464,
    "f1_score": 0.39215686274509803
  },
  "timestamp": "2025-11-27T19:34:51.105580"
}