{
  "best_params": {
    "C": 0.1,
    "gamma": 0.1,
    "kernel": "rbf"
  },
  "best_cv_score": 0.9006001091107475,
  "test_metrics": {
    "accuracy": 0.6175637393767706,
    "precision": 0.1390728476821192,
    "recall": 0.8076923076923077,
    "f1_score": 0.23728813559322035
  },
  "timestamp": "2025-11-28T13:35:00.645437"
}