{
  "best_params": {
    "C": 100,
    "gamma": "auto",
    "kernel": "rbf"
  },
  "best_cv_score": 0.9459959758551308,
  "test_metrics": {
    "accuracy": 0.8923512747875354,
    "precision": 0.2857142857142857,
    "recall": 0.3076923076923077,
    "f1_score": 0.2962962962962963
  },
  "timestamp": "2025-12-12T02:24:19.468440",
  "cv_folds": 10,
  "n_combinations_tested": 72,
  "total_fits": 720,
  "time_seconds": 24.240295,
  "dataset_info": {
    "n_samples": 1409,
    "n_features": 65
  }
}