{
  "best_params": {
    "criterion": "gini",
    "max_depth": 10,
    "min_samples_leaf": 1,
    "min_samples_split": 2
  },
  "best_cv_score": 0.5360623781676414,
  "test_metrics": {
    "accuracy": 0.8848484848484849,
    "precision": 0.3076923076923077,
    "recall": 0.2857142857142857,
    "f1_score": 0.2962962962962963
  },
  "timestamp": "2025-11-28T13:30:17.471962"
}