{
  "best_params": {
    "criterion": "entropy",
    "max_depth": 10,
    "min_samples_leaf": 4,
    "min_samples_split": 20
  },
  "best_cv_score": 0.5794982839136972,
  "test_metrics": {
    "accuracy": 0.8848484848484849,
    "precision": 0.3076923076923077,
    "recall": 0.2857142857142857,
    "f1_score": 0.2962962962962963,
    "f2_score": 0.2898550724637681
  },
  "timestamp": "2025-12-11T09:13:27.996714",
  "confusion_matrix": [
    [
      142,
      9
    ],
    [
      10,
      4
    ]
  ],
  "labels": [
    0,
    1
  ]
}