{
  "best_params": {
    "var_smoothing": 1e-09
  },
  "best_cv_score": 0.4298245614035088,
  "test_metrics": {
    "accuracy": 0.8727272727272727,
    "precision": 0.26666666666666666,
    "recall": 0.2857142857142857,
    "f1_score": 0.27586206896551724
  },
  "timestamp": "2025-11-28T13:30:16.966992"
}