{
  "best_params": {
    "var_smoothing": 1e-07
  },
  "best_cv_score": 0.41,
  "test_metrics": {
    "accuracy": 0.8727272727272727,
    "precision": 0.26666666666666666,
    "recall": 0.2857142857142857,
    "f1_score": 0.27586206896551724
  },
  "timestamp": "2025-12-12T02:14:48.188525",
  "cv_folds": 10,
  "n_combinations_tested": 6,
  "total_fits": 60,
  "time_seconds": 2.497416,
  "dataset_info": {
    "n_samples": 656,
    "n_features": 65
  }
}