{
  "best_params": {
    "C": 1000,
    "gamma": 0.001,
    "kernel": "rbf"
  },
  "best_cv_score": 0.4243783717809205,
  "test_metrics": {
    "accuracy": 0.9030303030303031,
    "precision": 0.4166666666666667,
    "recall": 0.35714285714285715,
    "f1_score": 0.38461538461538464,
    "f2_score": 0.36764705882352944
  },
  "timestamp": "2025-12-11T09:13:27.690122",
  "confusion_matrix": [
    [
      144,
      7
    ],
    [
      9,
      5
    ]
  ],
  "labels": [
    0,
    1
  ]
}