{
  "best_params": {
    "C": 100,
    "gamma": 0.001,
    "kernel": "linear"
  },
  "best_cv_score": 0.5370370370370371,
  "test_metrics": {
    "accuracy": 0.3939393939393939,
    "precision": 0.061224489795918366,
    "recall": 0.42857142857142855,
    "f1_score": 0.10714285714285714
  },
  "timestamp": "2025-11-28T13:30:17.347966"
}