{
  "TP": 37,
  "TN": 85,
  "FP": 83,
  "FN": 7,
  "P": 44,
  "N": 168,
  "Total": 212,
  "Error": 0.42452830188679247,
  "Exactitud": 0.5754716981132075,
  "TP_Rate": 0.8409090909090909,
  "FP_Rate": 0.49404761904761907,
  "Precision": 0.30833333333333335,
  "Recall": 0.8409090909090909,
  "Sensibilidad": 0.8409090909090909,
  "Especificidad": 0.5059523809523809,
  "F1_Score": 0.45121951219512196,
  "Accuracy_sklearn": 0.5754716981132075,
  "best_hyperparameters": {
    "C": 0.1,
    "gamma": 0.1,
    "kernel": "rbf"
  },
  "cv_best_score": 0.903156146179402,
  "timestamp": "2025-12-12T02:18:03.100750",
  "confusion_matrix": [
    [
      85,
      83
    ],
    [
      7,
      37
    ]
  ]
}