{
  "TP": 39,
  "TN": 255,
  "FP": 63,
  "FN": 20,
  "P": 59,
  "N": 318,
  "Total": 377,
  "Error": 0.22015915119363394,
  "Exactitud": 0.7798408488063661,
  "TP_Rate": 0.6610169491525424,
  "FP_Rate": 0.19811320754716982,
  "Precision": 0.38235294117647056,
  "Recall": 0.6610169491525424,
  "Sensibilidad": 0.6610169491525424,
  "Especificidad": 0.8018867924528302,
  "F1_Score": 0.484472049689441,
  "Accuracy_sklearn": 0.7798408488063661,
  "best_hyperparameters": {
    "C": 10,
    "gamma": 0.1,
    "kernel": "rbf"
  },
  "cv_best_score": 0.9760701754385966,
  "timestamp": "2025-12-12T02:08:40.571454",
  "confusion_matrix": [
    [
      255,
      63
    ],
    [
      20,
      39
    ]
  ]
}