{
  "dataset": "hive-0.9.0",
  "balancing_method": "smote",
  "scaler_type": "standard",
  "models": {
    "svm": {
      "F1_Score": 0.6129032258064516,
      "F2_Score": 0.6440677966101694,
      "Exactitud": 0.8309859154929577,
      "Accuracy": 0.8309859154929577,
      "Balanced_Accuracy": 0.7694566813509545,
      "BER": 0.23054331864904554,
      "MCC": 0.5083959011758216,
      "Precision": 0.5671641791044776,
      "Recall": 0.6666666666666666,
      "Sensibilidad": 0.6666666666666666,
      "Especificidad": 0.8722466960352423,
      "Error": 0.16901408450704225,
      "TP_Rate": 0.6666666666666666,
      "FP_Rate": 0.1277533039647577,
      "ROC_AUC": 0.8419120488445784,
      "confusion_matrix": [
        [
          198,
          29
        ],
        [
          19,
          38
        ]
      ]
    },
    "naive_bayes_gaussian": {
      "F1_Score": 0.40963855421686746,
      "F2_Score": 0.3346456692913386,
      "Exactitud": 0.8274647887323944,
      "Accuracy": 0.8274647887323944,
      "Balanced_Accuracy": 0.6292990184712883,
      "BER": 0.37070098152871167,
      "MCC": 0.3591526318172311,
      "Precision": 0.6538461538461539,
      "Recall": 0.2982456140350877,
      "Sensibilidad": 0.2982456140350877,
      "Especificidad": 0.960352422907489,
      "Error": 0.17253521126760563,
      "TP_Rate": 0.2982456140350877,
      "FP_Rate": 0.039647577092511016,
      "ROC_AUC": 0.7998686142669449,
      "confusion_matrix": [
        [
          218,
          9
        ],
        [
          40,
          17
        ]
      ]
    },
    "decision_tree": {
      "F1_Score": 0.5605095541401274,
      "F2_Score": 0.6707317073170732,
      "Exactitud": 0.7570422535211268,
      "Accuracy": 0.7570422535211268,
      "Balanced_Accuracy": 0.7626168946595564,
      "BER": 0.2373831053404436,
      "MCC": 0.44044745233958255,
      "Precision": 0.44,
      "Recall": 0.7719298245614035,
      "Sensibilidad": 0.7719298245614035,
      "Especificidad": 0.7533039647577092,
      "Error": 0.24295774647887325,
      "TP_Rate": 0.7719298245614035,
      "FP_Rate": 0.24669603524229075,
      "ROC_AUC": 0.7849524692789241,
      "confusion_matrix": [
        [
          171,
          56
        ],
        [
          13,
          44
        ]
      ]
    }
  },
  "timestamp": "2025-12-11T09:17:13.489307"
}