{
  "dataset": "hive-0.9.0",
  "balancing_method": "smote",
  "scaler_type": "standard",
  "models": {
    "svm": {
      "F1_Score": 0.5882352941176471,
      "Exactitud": 0.8274647887323944,
      "Precision": 0.5645161290322581,
      "Recall": 0.6140350877192983,
      "Sensibilidad": 0.6140350877192983,
      "Especificidad": 0.8810572687224669,
      "Error": 0.17253521126760563,
      "TP_Rate": 0.6140350877192983,
      "FP_Rate": 0.11894273127753303,
      "ROC_AUC": 0.8245227606461087,
      "confusion_matrix": [
        [
          200,
          27
        ],
        [
          22,
          35
        ]
      ]
    },
    "naive_bayes_gaussian": {
      "F1_Score": 0.40963855421686746,
      "Exactitud": 0.8274647887323944,
      "Precision": 0.6538461538461539,
      "Recall": 0.2982456140350877,
      "Sensibilidad": 0.2982456140350877,
      "Especificidad": 0.960352422907489,
      "Error": 0.17253521126760563,
      "TP_Rate": 0.2982456140350877,
      "FP_Rate": 0.039647577092511016,
      "ROC_AUC": 0.7997913285416183,
      "confusion_matrix": [
        [
          218,
          9
        ],
        [
          40,
          17
        ]
      ]
    },
    "decision_tree": {
      "F1_Score": 0.5419354838709678,
      "Exactitud": 0.75,
      "Precision": 0.42857142857142855,
      "Recall": 0.7368421052631579,
      "Sensibilidad": 0.7368421052631579,
      "Especificidad": 0.7533039647577092,
      "Error": 0.25,
      "TP_Rate": 0.7368421052631579,
      "FP_Rate": 0.24669603524229075,
      "ROC_AUC": 0.8189195455599351,
      "confusion_matrix": [
        [
          171,
          56
        ],
        [
          15,
          42
        ]
      ]
    }
  },
  "timestamp": "2025-11-27T19:33:37.246195"
}