{
  "dataset": "hive-0.9.0",
  "balancing_method": "smote",
  "scaler_type": "standard",
  "models": {
    "svm": {
      "F1_Score": 0.5737704918032787,
      "Exactitud": 0.8169014084507042,
      "Precision": 0.5384615384615384,
      "Recall": 0.6140350877192983,
      "Sensibilidad": 0.6140350877192983,
      "Especificidad": 0.8678414096916299,
      "Error": 0.18309859154929578,
      "TP_Rate": 0.6140350877192983,
      "FP_Rate": 0.13215859030837004,
      "ROC_AUC": 0.823286189040884,
      "confusion_matrix": [
        [
          197,
          30
        ],
        [
          22,
          35
        ]
      ]
    },
    "naive_bayes_gaussian": {
      "F1_Score": 0.40963855421686746,
      "Exactitud": 0.8274647887323944,
      "Precision": 0.6538461538461539,
      "Recall": 0.2982456140350877,
      "Sensibilidad": 0.2982456140350877,
      "Especificidad": 0.960352422907489,
      "Error": 0.17253521126760563,
      "TP_Rate": 0.2982456140350877,
      "FP_Rate": 0.039647577092511016,
      "ROC_AUC": 0.7998686142669449,
      "confusion_matrix": [
        [
          218,
          9
        ],
        [
          40,
          17
        ]
      ]
    },
    "decision_tree": {
      "F1_Score": 0.6060606060606061,
      "Exactitud": 0.8169014084507042,
      "Precision": 0.5333333333333333,
      "Recall": 0.7017543859649122,
      "Sensibilidad": 0.7017543859649122,
      "Especificidad": 0.8458149779735683,
      "Error": 0.18309859154929578,
      "TP_Rate": 0.7017543859649122,
      "FP_Rate": 0.15418502202643172,
      "ROC_AUC": 0.7746348249478321,
      "confusion_matrix": [
        [
          192,
          35
        ],
        [
          17,
          40
        ]
      ]
    }
  },
  "timestamp": "2025-11-28T13:33:16.856924"
}