{
  "TP": 44,
  "TN": 171,
  "FP": 56,
  "FN": 13,
  "P": 57,
  "N": 227,
  "Total": 284,
  "Error": 0.24295774647887325,
  "Exactitud": 0.7570422535211268,
  "TP_Rate": 0.7719298245614035,
  "FP_Rate": 0.24669603524229075,
  "Precision": 0.44,
  "Recall": 0.7719298245614035,
  "Sensibilidad": 0.7719298245614035,
  "Especificidad": 0.7533039647577092,
  "F1_Score": 0.5605095541401274,
  "Accuracy_sklearn": 0.7570422535211268,
  "F2_Score": 0.6707317073170732,
  "Balanced_Accuracy": 0.7626168946595564,
  "BER": 0.2373831053404436,
  "MCC": 0.44044745233958255,
  "Accuracy": 0.7570422535211268,
  "ROC_AUC": 0.7849524692789241,
  "PR_AUC": 0.6463176357823309,
  "classification_report": {
    "No-Buggy": {
      "precision": 0.9293478260869565,
      "recall": 0.7533039647577092,
      "f1-score": 0.8321167883211679,
      "support": 227.0
    },
    "Buggy": {
      "precision": 0.44,
      "recall": 0.7719298245614035,
      "f1-score": 0.5605095541401274,
      "support": 57.0
    },
    "accuracy": 0.7570422535211268,
    "macro avg": {
      "precision": 0.6846739130434782,
      "recall": 0.7626168946595564,
      "f1-score": 0.6963131712306476,
      "support": 284.0
    },
    "weighted avg": {
      "precision": 0.8311336497244336,
      "recall": 0.7570422535211268,
      "f1-score": 0.7776040687848322,
      "support": 284.0
    }
  },
  "confusion_matrix": [
    [
      171,
      56
    ],
    [
      13,
      44
    ]
  ],
  "training_time_seconds": 0.013205,
  "best_hyperparameters": {
    "criterion": "gini",
    "max_depth": 10,
    "min_samples_leaf": 1,
    "min_samples_split": 2
  },
  "timestamp": "2025-12-11T09:17:13.257307"
}