{
  "TP": 40,
  "TN": 192,
  "FP": 35,
  "FN": 17,
  "P": 57,
  "N": 227,
  "Total": 284,
  "Error": 0.18309859154929578,
  "Exactitud": 0.8169014084507042,
  "TP_Rate": 0.7017543859649122,
  "FP_Rate": 0.15418502202643172,
  "Precision": 0.5333333333333333,
  "Recall": 0.7017543859649122,
  "Sensibilidad": 0.7017543859649122,
  "Especificidad": 0.8458149779735683,
  "F1_Score": 0.6060606060606061,
  "Accuracy_sklearn": 0.8169014084507042,
  "ROC_AUC": 0.7746348249478321,
  "PR_AUC": 0.6413615696632264,
  "classification_report": {
    "No-Buggy": {
      "precision": 0.9186602870813397,
      "recall": 0.8458149779735683,
      "f1-score": 0.8807339449541285,
      "support": 227.0
    },
    "Buggy": {
      "precision": 0.5333333333333333,
      "recall": 0.7017543859649122,
      "f1-score": 0.6060606060606061,
      "support": 57.0
    },
    "accuracy": 0.8169014084507042,
    "macro avg": {
      "precision": 0.7259968102073365,
      "recall": 0.7737846819692402,
      "f1-score": 0.7433972755073672,
      "support": 284.0
    },
    "weighted avg": {
      "precision": 0.8413235393220568,
      "recall": 0.8169014084507042,
      "f1-score": 0.8256058452466257,
      "support": 284.0
    }
  },
  "confusion_matrix": [
    [
      192,
      35
    ],
    [
      17,
      40
    ]
  ],
  "training_time_seconds": 0.011777,
  "best_hyperparameters": {
    "criterion": "entropy",
    "max_depth": 10,
    "min_samples_leaf": 1,
    "min_samples_split": 5
  },
  "timestamp": "2025-11-28T13:33:16.591263"
}