{
  "TP": 17,
  "TN": 218,
  "FP": 9,
  "FN": 40,
  "P": 57,
  "N": 227,
  "Total": 284,
  "Error": 0.17253521126760563,
  "Exactitud": 0.8274647887323944,
  "TP_Rate": 0.2982456140350877,
  "FP_Rate": 0.039647577092511016,
  "Precision": 0.6538461538461539,
  "Recall": 0.2982456140350877,
  "Sensibilidad": 0.2982456140350877,
  "Especificidad": 0.960352422907489,
  "F1_Score": 0.40963855421686746,
  "Accuracy_sklearn": 0.8274647887323944,
  "ROC_AUC": 0.7997913285416183,
  "PR_AUC": 0.583043042480194,
  "classification_report": {
    "No-Buggy": {
      "precision": 0.8449612403100775,
      "recall": 0.960352422907489,
      "f1-score": 0.8989690721649485,
      "support": 227.0
    },
    "Buggy": {
      "precision": 0.6538461538461539,
      "recall": 0.2982456140350877,
      "f1-score": 0.40963855421686746,
      "support": 57.0
    },
    "accuracy": 0.8274647887323944,
    "macro avg": {
      "precision": 0.7494036970781157,
      "recall": 0.6292990184712883,
      "f1-score": 0.654303813190908,
      "support": 284.0
    },
    "weighted avg": {
      "precision": 0.8066036349282336,
      "recall": 0.8274647887323944,
      "f1-score": 0.8007583696190308,
      "support": 284.0
    }
  },
  "confusion_matrix": [
    [
      218,
      9
    ],
    [
      40,
      17
    ]
  ],
  "training_time_seconds": 0.00085,
  "best_hyperparameters": {
    "var_smoothing": 1e-05
  },
  "timestamp": "2025-11-27T19:59:17.414332"
}