{
  "TP": 35,
  "TN": 197,
  "FP": 30,
  "FN": 22,
  "P": 57,
  "N": 227,
  "Total": 284,
  "Error": 0.18309859154929578,
  "Exactitud": 0.8169014084507042,
  "TP_Rate": 0.6140350877192983,
  "FP_Rate": 0.13215859030837004,
  "Precision": 0.5384615384615384,
  "Recall": 0.6140350877192983,
  "Sensibilidad": 0.6140350877192983,
  "Especificidad": 0.8678414096916299,
  "F1_Score": 0.5737704918032787,
  "Accuracy_sklearn": 0.8169014084507042,
  "ROC_AUC": 0.823286189040884,
  "PR_AUC": 0.5918443966132091,
  "classification_report": {
    "No-Buggy": {
      "precision": 0.8995433789954338,
      "recall": 0.8678414096916299,
      "f1-score": 0.8834080717488789,
      "support": 227.0
    },
    "Buggy": {
      "precision": 0.5384615384615384,
      "recall": 0.6140350877192983,
      "f1-score": 0.5737704918032787,
      "support": 57.0
    },
    "accuracy": 0.8169014084507042,
    "macro avg": {
      "precision": 0.7190024587284861,
      "recall": 0.7409382487054641,
      "f1-score": 0.7285892817760788,
      "support": 284.0
    },
    "weighted avg": {
      "precision": 0.8270727279023633,
      "recall": 0.8169014084507042,
      "f1-score": 0.8212625011259944,
      "support": 284.0
    }
  },
  "confusion_matrix": [
    [
      197,
      30
    ],
    [
      22,
      35
    ]
  ],
  "training_time_seconds": 0.020759,
  "best_hyperparameters": {
    "C": 100,
    "gamma": 0.1,
    "kernel": "rbf"
  },
  "timestamp": "2025-11-28T13:33:16.035016"
}