{
  "TP": 38,
  "TN": 198,
  "FP": 29,
  "FN": 19,
  "P": 57,
  "N": 227,
  "Total": 284,
  "Error": 0.16901408450704225,
  "Exactitud": 0.8309859154929577,
  "TP_Rate": 0.6666666666666666,
  "FP_Rate": 0.1277533039647577,
  "Precision": 0.5671641791044776,
  "Recall": 0.6666666666666666,
  "Sensibilidad": 0.6666666666666666,
  "Especificidad": 0.8722466960352423,
  "F1_Score": 0.6129032258064516,
  "Accuracy_sklearn": 0.8309859154929577,
  "F2_Score": 0.6440677966101694,
  "Balanced_Accuracy": 0.7694566813509545,
  "BER": 0.23054331864904554,
  "MCC": 0.5083959011758216,
  "Accuracy": 0.8309859154929577,
  "ROC_AUC": 0.8419120488445784,
  "PR_AUC": 0.6434127998105404,
  "classification_report": {
    "No-Buggy": {
      "precision": 0.9124423963133641,
      "recall": 0.8722466960352423,
      "f1-score": 0.8918918918918919,
      "support": 227.0
    },
    "Buggy": {
      "precision": 0.5671641791044776,
      "recall": 0.6666666666666666,
      "f1-score": 0.6129032258064516,
      "support": 57.0
    },
    "accuracy": 0.8309859154929577,
    "macro avg": {
      "precision": 0.7398032877089209,
      "recall": 0.7694566813509545,
      "f1-score": 0.7523975588491718,
      "support": 284.0
    },
    "weighted avg": {
      "precision": 0.8431435991974959,
      "recall": 0.8309859154929577,
      "f1-score": 0.8358976877831944,
      "support": 284.0
    }
  },
  "confusion_matrix": [
    [
      198,
      29
    ],
    [
      19,
      38
    ]
  ],
  "training_time_seconds": 0.019355,
  "best_hyperparameters": {
    "C": 10,
    "gamma": 0.1,
    "kernel": "rbf"
  },
  "timestamp": "2025-12-11T09:17:12.760138"
}