{
  "TP": 35,
  "TN": 200,
  "FP": 27,
  "FN": 22,
  "P": 57,
  "N": 227,
  "Total": 284,
  "Error": 0.17253521126760563,
  "Exactitud": 0.8274647887323944,
  "TP_Rate": 0.6140350877192983,
  "FP_Rate": 0.11894273127753303,
  "Precision": 0.5645161290322581,
  "Recall": 0.6140350877192983,
  "Sensibilidad": 0.6140350877192983,
  "Especificidad": 0.8810572687224669,
  "F1_Score": 0.5882352941176471,
  "Accuracy_sklearn": 0.8274647887323944,
  "ROC_AUC": 0.8245227606461087,
  "PR_AUC": 0.5829686768358502,
  "classification_report": {
    "No-Buggy": {
      "precision": 0.9009009009009009,
      "recall": 0.8810572687224669,
      "f1-score": 0.89086859688196,
      "support": 227.0
    },
    "Buggy": {
      "precision": 0.5645161290322581,
      "recall": 0.6140350877192983,
      "f1-score": 0.5882352941176471,
      "support": 57.0
    },
    "accuracy": 0.8274647887323944,
    "macro avg": {
      "precision": 0.7327085149665795,
      "recall": 0.7475461782208825,
      "f1-score": 0.7395519454998035,
      "support": 284.0
    },
    "weighted avg": {
      "precision": 0.8333870558427579,
      "recall": 0.8274647887323944,
      "f1-score": 0.8301288142848972,
      "support": 284.0
    }
  },
  "confusion_matrix": [
    [
      200,
      27
    ],
    [
      22,
      35
    ]
  ],
  "training_time_seconds": 0.11386,
  "best_hyperparameters": {
    "C": 1000,
    "gamma": 0.1,
    "kernel": "rbf"
  },
  "timestamp": "2025-11-27T19:59:17.143850"
}