{
  "TP": 29,
  "TN": 201,
  "FP": 26,
  "FN": 28,
  "P": 57,
  "N": 227,
  "Total": 284,
  "Error": 0.19014084507042253,
  "Exactitud": 0.8098591549295775,
  "TP_Rate": 0.5087719298245614,
  "FP_Rate": 0.1145374449339207,
  "Precision": 0.5272727272727272,
  "Recall": 0.5087719298245614,
  "Sensibilidad": 0.5087719298245614,
  "Especificidad": 0.8854625550660793,
  "F1_Score": 0.5178571428571429,
  "Accuracy_sklearn": 0.8098591549295775,
  "best_hyperparameters": {
    "C": 1000,
    "gamma": 0.01,
    "kernel": "rbf"
  },
  "cv_best_score": 0.8887531328320802,
  "timestamp": "2025-12-12T02:20:44.493803",
  "confusion_matrix": [
    [
      201,
      26
    ],
    [
      28,
      29
    ]
  ]
}