{
  "best_params": {
    "var_smoothing": 1e-07
  },
  "best_cv_score": 0.45999999999999996,
  "test_metrics": {
    "accuracy": 0.8787878787878788,
    "precision": 0.2857142857142857,
    "recall": 0.2857142857142857,
    "f1_score": 0.2857142857142857
  },
  "timestamp": "2025-12-12T02:33:09.548720",
  "cv_folds": 10,
  "n_combinations_tested": 6,
  "total_fits": 60,
  "time_seconds": 2.524159,
  "dataset_info": {
    "n_samples": 656,
    "n_features": 20
  }
}