{
  "best_params": {
    "C": 1000,
    "gamma": 0.001,
    "kernel": "linear"
  },
  "best_cv_score": 0.4800000000000001,
  "test_metrics": {
    "accuracy": 0.7454545454545455,
    "precision": 0.13157894736842105,
    "recall": 0.35714285714285715,
    "f1_score": 0.19230769230769232
  },
  "timestamp": "2025-12-12T02:33:12.445106",
  "cv_folds": 10,
  "n_combinations_tested": 72,
  "total_fits": 720,
  "time_seconds": 5.421168,
  "dataset_info": {
    "n_samples": 656,
    "n_features": 20
  }
}