{
  "TP": 37,
  "TN": 287,
  "FP": 31,
  "FN": 22,
  "P": 59,
  "N": 318,
  "Total": 377,
  "Error": 0.14058355437665782,
  "Exactitud": 0.8594164456233422,
  "TP_Rate": 0.6271186440677966,
  "FP_Rate": 0.09748427672955975,
  "Precision": 0.5441176470588235,
  "Recall": 0.6271186440677966,
  "Sensibilidad": 0.6271186440677966,
  "Especificidad": 0.9025157232704403,
  "F1_Score": 0.5826771653543307,
  "Accuracy_sklearn": 0.8594164456233422,
  "best_hyperparameters": {
    "var_smoothing": 1e-09
  },
  "cv_best_score": 0.6657368421052632,
  "timestamp": "2025-12-12T02:28:29.414229",
  "confusion_matrix": [
    [
      287,
      31
    ],
    [
      22,
      37
    ]
  ]
}