{
  "TP": 6,
  "TN": 138,
  "FP": 13,
  "FN": 8,
  "P": 14,
  "N": 151,
  "Total": 165,
  "Error": 0.12727272727272726,
  "Exactitud": 0.8727272727272727,
  "TP_Rate": 0.42857142857142855,
  "FP_Rate": 0.08609271523178808,
  "Precision": 0.3157894736842105,
  "Recall": 0.42857142857142855,
  "Sensibilidad": 0.42857142857142855,
  "Especificidad": 0.9139072847682119,
  "F1_Score": 0.36363636363636365,
  "Accuracy_sklearn": 0.8727272727272727,
  "best_hyperparameters": {
    "C": 100,
    "gamma": "auto",
    "kernel": "rbf"
  },
  "cv_best_score": 0.9727272727272727,
  "timestamp": "2025-12-12T02:16:07.175088",
  "confusion_matrix": [
    [
      138,
      13
    ],
    [
      8,
      6
    ]
  ]
}