{
  "best_params": {
    "criterion": "entropy",
    "max_depth": 20,
    "min_samples_leaf": 1,
    "min_samples_split": 2
  },
  "best_cv_score": 0.8487605200248879,
  "test_metrics": {
    "accuracy": 0.8063380281690141,
    "precision": 0.5116279069767442,
    "recall": 0.7719298245614035,
    "f1_score": 0.6153846153846154
  },
  "timestamp": "2025-11-27T19:33:04.987418"
}