{
  "best_params": {
    "criterion": "gini",
    "max_depth": 10,
    "min_samples_leaf": 1,
    "min_samples_split": 2
  },
  "best_cv_score": 0.8598468824906516,
  "test_metrics": {
    "accuracy": 0.8345070422535211,
    "precision": 0.5581395348837209,
    "recall": 0.8421052631578947,
    "f1_score": 0.6713286713286714,
    "f2_score": 0.7643312101910829
  },
  "timestamp": "2025-12-11T09:16:28.665500",
  "confusion_matrix": [
    [
      189,
      38
    ],
    [
      9,
      48
    ]
  ],
  "labels": [
    0,
    1
  ]
}