{
  "best_params": {
    "var_smoothing": 1e-09
  },
  "best_cv_score": 0.1468671679197995,
  "test_metrics": {
    "accuracy": 0.8169014084507042,
    "precision": 0.6923076923076923,
    "recall": 0.15789473684210525,
    "f1_score": 0.2571428571428571
  },
  "timestamp": "2025-12-12T02:19:02.879242",
  "cv_folds": 10,
  "n_combinations_tested": 6,
  "total_fits": 60,
  "time_seconds": 2.68166,
  "dataset_info": {
    "n_samples": 1131,
    "n_features": 65
  }
}