{
  "best_params": {
    "var_smoothing": 1e-09
  },
  "best_cv_score": 0.2681952700432208,
  "test_metrics": {
    "accuracy": 0.8169014084507042,
    "precision": 0.6923076923076923,
    "recall": 0.15789473684210525,
    "f1_score": 0.2571428571428571
  },
  "timestamp": "2025-11-27T19:33:04.036521"
}