{
  "best_params": {
    "var_smoothing": 1e-09
  },
  "best_cv_score": 0.175855529458945,
  "test_metrics": {
    "accuracy": 0.8169014084507042,
    "precision": 0.6923076923076923,
    "recall": 0.15789473684210525,
    "f1_score": 0.2571428571428571,
    "f2_score": 0.18672199170124482
  },
  "timestamp": "2025-12-11T09:16:24.791204",
  "confusion_matrix": [
    [
      223,
      4
    ],
    [
      48,
      9
    ]
  ],
  "labels": [
    0,
    1
  ]
}