{
  "best_params": {
    "C": 0.1,
    "gamma": 1,
    "kernel": "rbf"
  },
  "best_cv_score": 0.9947089947089948,
  "test_metrics": {
    "accuracy": 0.3732394366197183,
    "precision": 0.23809523809523808,
    "recall": 0.9649122807017544,
    "f1_score": 0.3819444444444444
  },
  "timestamp": "2025-11-28T13:32:40.232535"
}