{
  "best_params": {
    "C": 10,
    "gamma": 0.1,
    "kernel": "rbf"
  },
  "best_cv_score": 0.9627819548872181,
  "test_metrics": {
    "accuracy": 0.7429577464788732,
    "precision": 0.4215686274509804,
    "recall": 0.7543859649122807,
    "f1_score": 0.5408805031446541
  },
  "timestamp": "2025-12-12T02:19:21.519518",
  "cv_folds": 10,
  "n_combinations_tested": 72,
  "total_fits": 720,
  "time_seconds": 21.322989,
  "dataset_info": {
    "n_samples": 1131,
    "n_features": 65
  }
}