{
  "best_params": {
    "C": 1000,
    "gamma": "auto",
    "kernel": "rbf"
  },
  "best_cv_score": 0.8624800637467218,
  "test_metrics": {
    "accuracy": 0.7992957746478874,
    "precision": 0.5,
    "recall": 0.6666666666666666,
    "f1_score": 0.5714285714285714
  },
  "timestamp": "2025-11-27T19:33:04.957125"
}