{
  "best_params": {
    "C": 10,
    "gamma": 0.1,
    "kernel": "rbf"
  },
  "best_cv_score": 0.9162775663009329,
  "test_metrics": {
    "accuracy": 0.7429577464788732,
    "precision": 0.4215686274509804,
    "recall": 0.7543859649122807,
    "f1_score": 0.5408805031446541,
    "f2_score": 0.6515151515151515
  },
  "timestamp": "2025-12-11T09:16:28.594969",
  "confusion_matrix": [
    [
      168,
      59
    ],
    [
      14,
      43
    ]
  ],
  "labels": [
    0,
    1
  ]
}