{
  "TP": 4,
  "TN": 141,
  "FP": 10,
  "FN": 10,
  "P": 14,
  "N": 151,
  "Total": 165,
  "Error": 0.12121212121212122,
  "Exactitud": 0.8787878787878788,
  "TP_Rate": 0.2857142857142857,
  "FP_Rate": 0.06622516556291391,
  "Precision": 0.2857142857142857,
  "Recall": 0.2857142857142857,
  "Sensibilidad": 0.2857142857142857,
  "Especificidad": 0.9337748344370861,
  "F1_Score": 0.2857142857142857,
  "Accuracy_sklearn": 0.8787878787878788,
  "best_hyperparameters": {
    "var_smoothing": 1e-07
  },
  "cv_best_score": 0.45999999999999996,
  "timestamp": "2025-12-12T02:34:14.240036",
  "confusion_matrix": [
    [
      141,
      10
    ],
    [
      10,
      4
    ]
  ]
}