{
  "best_params": {
    "C": 0.01,
    "gamma": 1,
    "kernel": "rbf"
  },
  "best_cv_score": 0.969655172413793,
  "test_metrics": {
    "accuracy": 0.6802721088435374,
    "precision": 0.25,
    "recall": 0.8823529411764706,
    "f1_score": 0.38961038961038963
  },
  "timestamp": "2025-12-12T02:38:13.638213",
  "cv_folds": 10,
  "n_combinations_tested": 72,
  "total_fits": 720,
  "time_seconds": 6.83317,
  "dataset_info": {
    "n_samples": 584,
    "n_features": 20
  }
}