{
  "TP": 12,
  "TN": 122,
  "FP": 8,
  "FN": 5,
  "P": 17,
  "N": 130,
  "Total": 147,
  "Error": 0.08843537414965986,
  "Exactitud": 0.9115646258503401,
  "TP_Rate": 0.7058823529411765,
  "FP_Rate": 0.06153846153846154,
  "Precision": 0.6,
  "Recall": 0.7058823529411765,
  "Sensibilidad": 0.7058823529411765,
  "Especificidad": 0.9384615384615385,
  "F1_Score": 0.6486486486486487,
  "Accuracy_sklearn": 0.9115646258503401,
  "best_hyperparameters": {
    "var_smoothing": 1e-09
  },
  "cv_best_score": 0.6142857142857143,
  "timestamp": "2025-12-12T02:38:53.717467",
  "confusion_matrix": [
    [
      122,
      8
    ],
    [
      5,
      12
    ]
  ]
}