{
  "dataset": "jruby-1.1",
  "balancing_method": "csbboost",
  "scaler_type": "standard",
  "models": {
    "svm": {
      "F1_Score": 0.4444444444444444,
      "Exactitud": 0.8979591836734694,
      "Precision": 0.6,
      "Recall": 0.35294117647058826,
      "Sensibilidad": 0.35294117647058826,
      "Especificidad": 0.9692307692307692,
      "Error": 0.10204081632653061,
      "TP_Rate": 0.35294117647058826,
      "FP_Rate": 0.03076923076923077,
      "ROC_AUC": 0.8085972850678732,
      "confusion_matrix": [
        [
          126,
          4
        ],
        [
          11,
          6
        ]
      ]
    },
    "naive_bayes_gaussian": {
      "F1_Score": 0.6285714285714286,
      "Exactitud": 0.9115646258503401,
      "Precision": 0.6111111111111112,
      "Recall": 0.6470588235294118,
      "Sensibilidad": 0.6470588235294118,
      "Especificidad": 0.9461538461538461,
      "Error": 0.08843537414965986,
      "TP_Rate": 0.6470588235294118,
      "FP_Rate": 0.05384615384615385,
      "ROC_AUC": 0.8796380090497737,
      "confusion_matrix": [
        [
          123,
          7
        ],
        [
          6,
          11
        ]
      ]
    },
    "decision_tree": {
      "F1_Score": 0.5263157894736842,
      "Exactitud": 0.8775510204081632,
      "Precision": 0.47619047619047616,
      "Recall": 0.5882352941176471,
      "Sensibilidad": 0.5882352941176471,
      "Especificidad": 0.9153846153846154,
      "Error": 0.12244897959183673,
      "TP_Rate": 0.5882352941176471,
      "FP_Rate": 0.08461538461538462,
      "ROC_AUC": 0.7875565610859729,
      "confusion_matrix": [
        [
          119,
          11
        ],
        [
          7,
          10
        ]
      ]
    }
  },
  "timestamp": "2025-11-27T19:59:59.051770"
}