{
  "dataset": "jruby-1.1",
  "balancing_method": "csbboost",
  "scaler_type": "standard",
  "models": {
    "svm": {
      "F1_Score": 0.4444444444444444,
      "F2_Score": 0.38461538461538464,
      "Exactitud": 0.8979591836734694,
      "Accuracy": 0.8979591836734694,
      "Balanced_Accuracy": 0.6610859728506787,
      "BER": 0.3389140271493213,
      "MCC": 0.40918864471419686,
      "Precision": 0.6,
      "Recall": 0.35294117647058826,
      "Sensibilidad": 0.35294117647058826,
      "Especificidad": 0.9692307692307692,
      "Error": 0.10204081632653061,
      "TP_Rate": 0.35294117647058826,
      "FP_Rate": 0.03076923076923077,
      "ROC_AUC": 0.8085972850678732,
      "confusion_matrix": [
        [
          126,
          4
        ],
        [
          11,
          6
        ]
      ]
    },
    "naive_bayes_gaussian": {
      "F1_Score": 0.6285714285714286,
      "F2_Score": 0.6395348837209303,
      "Exactitud": 0.9115646258503401,
      "Accuracy": 0.9115646258503401,
      "Balanced_Accuracy": 0.796606334841629,
      "BER": 0.20339366515837098,
      "MCC": 0.5787292689447392,
      "Precision": 0.6111111111111112,
      "Recall": 0.6470588235294118,
      "Sensibilidad": 0.6470588235294118,
      "Especificidad": 0.9461538461538461,
      "Error": 0.08843537414965986,
      "TP_Rate": 0.6470588235294118,
      "FP_Rate": 0.05384615384615385,
      "ROC_AUC": 0.8796380090497737,
      "confusion_matrix": [
        [
          123,
          7
        ],
        [
          6,
          11
        ]
      ]
    },
    "decision_tree": {
      "F1_Score": 0.5172413793103449,
      "F2_Score": 0.6880733944954128,
      "Exactitud": 0.8095238095238095,
      "Accuracy": 0.8095238095238095,
      "Balanced_Accuracy": 0.8411764705882353,
      "BER": 0.1588235294117647,
      "MCC": 0.48658682282489807,
      "Precision": 0.36585365853658536,
      "Recall": 0.8823529411764706,
      "Sensibilidad": 0.8823529411764706,
      "Especificidad": 0.8,
      "Error": 0.19047619047619047,
      "TP_Rate": 0.8823529411764706,
      "FP_Rate": 0.2,
      "ROC_AUC": 0.9083710407239819,
      "confusion_matrix": [
        [
          104,
          26
        ],
        [
          2,
          15
        ]
      ]
    }
  },
  "timestamp": "2025-12-11T09:18:20.124180"
}