{
  "dataset": "jruby-1.1",
  "balancing_method": "csbboost",
  "scaler_type": "standard",
  "models": {
    "svm": {
      "F1_Score": 0.5365853658536586,
      "Exactitud": 0.8707482993197279,
      "Precision": 0.4583333333333333,
      "Recall": 0.6470588235294118,
      "Sensibilidad": 0.6470588235294118,
      "Especificidad": 0.9,
      "Error": 0.1292517006802721,
      "TP_Rate": 0.6470588235294118,
      "FP_Rate": 0.1,
      "ROC_AUC": 0.8434389140271493,
      "confusion_matrix": [
        [
          117,
          13
        ],
        [
          6,
          11
        ]
      ]
    },
    "naive_bayes_gaussian": {
      "F1_Score": 0.6111111111111112,
      "Exactitud": 0.9047619047619048,
      "Precision": 0.5789473684210527,
      "Recall": 0.6470588235294118,
      "Sensibilidad": 0.6470588235294118,
      "Especificidad": 0.9384615384615385,
      "Error": 0.09523809523809523,
      "TP_Rate": 0.6470588235294118,
      "FP_Rate": 0.06153846153846154,
      "ROC_AUC": 0.8800904977375565,
      "confusion_matrix": [
        [
          122,
          8
        ],
        [
          6,
          11
        ]
      ]
    },
    "decision_tree": {
      "F1_Score": 0.5454545454545454,
      "Exactitud": 0.8639455782312925,
      "Precision": 0.4444444444444444,
      "Recall": 0.7058823529411765,
      "Sensibilidad": 0.7058823529411765,
      "Especificidad": 0.8846153846153846,
      "Error": 0.1360544217687075,
      "TP_Rate": 0.7058823529411765,
      "FP_Rate": 0.11538461538461539,
      "ROC_AUC": 0.855656108597285,
      "confusion_matrix": [
        [
          115,
          15
        ],
        [
          5,
          12
        ]
      ]
    }
  },
  "timestamp": "2025-11-28T13:34:13.464454"
}