{
  "TP": 10,
  "TN": 119,
  "FP": 11,
  "FN": 7,
  "P": 17,
  "N": 130,
  "Total": 147,
  "Error": 0.12244897959183673,
  "Exactitud": 0.8775510204081632,
  "TP_Rate": 0.5882352941176471,
  "FP_Rate": 0.08461538461538462,
  "Precision": 0.47619047619047616,
  "Recall": 0.5882352941176471,
  "Sensibilidad": 0.5882352941176471,
  "Especificidad": 0.9153846153846154,
  "F1_Score": 0.5263157894736842,
  "Accuracy_sklearn": 0.8775510204081632,
  "ROC_AUC": 0.7875565610859729,
  "PR_AUC": 0.5194482377129351,
  "classification_report": {
    "No-Buggy": {
      "precision": 0.9444444444444444,
      "recall": 0.9153846153846154,
      "f1-score": 0.9296875,
      "support": 130.0
    },
    "Buggy": {
      "precision": 0.47619047619047616,
      "recall": 0.5882352941176471,
      "f1-score": 0.5263157894736842,
      "support": 17.0
    },
    "accuracy": 0.8775510204081632,
    "macro avg": {
      "precision": 0.7103174603174602,
      "recall": 0.7518099547511312,
      "f1-score": 0.728001644736842,
      "support": 147.0
    },
    "weighted avg": {
      "precision": 0.8902926249865025,
      "recall": 0.8775510204081632,
      "f1-score": 0.8830390708915145,
      "support": 147.0
    }
  },
  "confusion_matrix": [
    [
      119,
      11
    ],
    [
      7,
      10
    ]
  ],
  "training_time_seconds": 0.007151,
  "best_hyperparameters": {
    "criterion": "gini",
    "max_depth": 10,
    "min_samples_leaf": 4,
    "min_samples_split": 2
  },
  "timestamp": "2025-11-27T19:59:58.790744"
}