{
  "TP": 11,
  "TN": 122,
  "FP": 8,
  "FN": 6,
  "P": 17,
  "N": 130,
  "Total": 147,
  "Error": 0.09523809523809523,
  "Exactitud": 0.9047619047619048,
  "TP_Rate": 0.6470588235294118,
  "FP_Rate": 0.06153846153846154,
  "Precision": 0.5789473684210527,
  "Recall": 0.6470588235294118,
  "Sensibilidad": 0.6470588235294118,
  "Especificidad": 0.9384615384615385,
  "F1_Score": 0.6111111111111112,
  "Accuracy_sklearn": 0.9047619047619048,
  "ROC_AUC": 0.8800904977375565,
  "PR_AUC": 0.6129620954502142,
  "classification_report": {
    "No-Buggy": {
      "precision": 0.953125,
      "recall": 0.9384615384615385,
      "f1-score": 0.9457364341085271,
      "support": 130.0
    },
    "Buggy": {
      "precision": 0.5789473684210527,
      "recall": 0.6470588235294118,
      "f1-score": 0.6111111111111112,
      "support": 17.0
    },
    "accuracy": 0.9047619047619048,
    "macro avg": {
      "precision": 0.7660361842105263,
      "recall": 0.7927601809954752,
      "f1-score": 0.7784237726098191,
      "support": 147.0
    },
    "weighted avg": {
      "precision": 0.9098527568922306,
      "recall": 0.9047619047619048,
      "f1-score": 0.9070382675033839,
      "support": 147.0
    }
  },
  "confusion_matrix": [
    [
      122,
      8
    ],
    [
      6,
      11
    ]
  ],
  "training_time_seconds": 0.000814,
  "best_hyperparameters": {
    "var_smoothing": 0.0001
  },
  "timestamp": "2025-11-28T13:34:12.934366"
}