{
  "TP": 11,
  "TN": 123,
  "FP": 7,
  "FN": 6,
  "P": 17,
  "N": 130,
  "Total": 147,
  "Error": 0.08843537414965986,
  "Exactitud": 0.9115646258503401,
  "TP_Rate": 0.6470588235294118,
  "FP_Rate": 0.05384615384615385,
  "Precision": 0.6111111111111112,
  "Recall": 0.6470588235294118,
  "Sensibilidad": 0.6470588235294118,
  "Especificidad": 0.9461538461538461,
  "F1_Score": 0.6285714285714286,
  "Accuracy_sklearn": 0.9115646258503401,
  "F2_Score": 0.6395348837209303,
  "Balanced_Accuracy": 0.796606334841629,
  "BER": 0.20339366515837098,
  "MCC": 0.5787292689447392,
  "Accuracy": 0.9115646258503401,
  "ROC_AUC": 0.8796380090497737,
  "PR_AUC": 0.612656887394141,
  "classification_report": {
    "No-Buggy": {
      "precision": 0.9534883720930233,
      "recall": 0.9461538461538461,
      "f1-score": 0.9498069498069498,
      "support": 130.0
    },
    "Buggy": {
      "precision": 0.6111111111111112,
      "recall": 0.6470588235294118,
      "f1-score": 0.6285714285714286,
      "support": 17.0
    },
    "accuracy": 0.9115646258503401,
    "macro avg": {
      "precision": 0.7822997416020672,
      "recall": 0.796606334841629,
      "f1-score": 0.7891891891891891,
      "support": 147.0
    },
    "weighted avg": {
      "precision": 0.9138937228638225,
      "recall": 0.9115646258503401,
      "f1-score": 0.9126572636776717,
      "support": 147.0
    }
  },
  "confusion_matrix": [
    [
      123,
      7
    ],
    [
      6,
      11
    ]
  ],
  "training_time_seconds": 0.000745,
  "best_hyperparameters": {
    "var_smoothing": 1e-09
  },
  "timestamp": "2025-12-11T09:18:19.635606"
}