{
  "TP": 6,
  "TN": 126,
  "FP": 4,
  "FN": 11,
  "P": 17,
  "N": 130,
  "Total": 147,
  "Error": 0.10204081632653061,
  "Exactitud": 0.8979591836734694,
  "TP_Rate": 0.35294117647058826,
  "FP_Rate": 0.03076923076923077,
  "Precision": 0.6,
  "Recall": 0.35294117647058826,
  "Sensibilidad": 0.35294117647058826,
  "Especificidad": 0.9692307692307692,
  "F1_Score": 0.4444444444444444,
  "Accuracy_sklearn": 0.8979591836734694,
  "F2_Score": 0.38461538461538464,
  "Balanced_Accuracy": 0.6610859728506787,
  "BER": 0.3389140271493213,
  "MCC": 0.40918864471419686,
  "Accuracy": 0.8979591836734694,
  "ROC_AUC": 0.8085972850678732,
  "PR_AUC": 0.4735680204629911,
  "classification_report": {
    "No-Buggy": {
      "precision": 0.9197080291970803,
      "recall": 0.9692307692307692,
      "f1-score": 0.9438202247191011,
      "support": 130.0
    },
    "Buggy": {
      "precision": 0.6,
      "recall": 0.35294117647058826,
      "f1-score": 0.4444444444444444,
      "support": 17.0
    },
    "accuracy": 0.8979591836734694,
    "macro avg": {
      "precision": 0.7598540145985402,
      "recall": 0.6610859728506787,
      "f1-score": 0.6941323345817727,
      "support": 147.0
    },
    "weighted avg": {
      "precision": 0.8827349918069417,
      "recall": 0.8979591836734694,
      "f1-score": 0.8860692841431205,
      "support": 147.0
    }
  },
  "confusion_matrix": [
    [
      126,
      4
    ],
    [
      11,
      6
    ]
  ],
  "training_time_seconds": 0.006447,
  "best_hyperparameters": {
    "C": 10,
    "gamma": 0.1,
    "kernel": "rbf"
  },
  "timestamp": "2025-12-11T09:18:19.393561"
}