{
  "TP": 11,
  "TN": 117,
  "FP": 13,
  "FN": 6,
  "P": 17,
  "N": 130,
  "Total": 147,
  "Error": 0.1292517006802721,
  "Exactitud": 0.8707482993197279,
  "TP_Rate": 0.6470588235294118,
  "FP_Rate": 0.1,
  "Precision": 0.4583333333333333,
  "Recall": 0.6470588235294118,
  "Sensibilidad": 0.6470588235294118,
  "Especificidad": 0.9,
  "F1_Score": 0.5365853658536586,
  "Accuracy_sklearn": 0.8707482993197279,
  "ROC_AUC": 0.8434389140271493,
  "PR_AUC": 0.5313452922419825,
  "classification_report": {
    "No-Buggy": {
      "precision": 0.9512195121951219,
      "recall": 0.9,
      "f1-score": 0.924901185770751,
      "support": 130.0
    },
    "Buggy": {
      "precision": 0.4583333333333333,
      "recall": 0.6470588235294118,
      "f1-score": 0.5365853658536586,
      "support": 17.0
    },
    "accuracy": 0.8707482993197279,
    "macro avg": {
      "precision": 0.7047764227642276,
      "recall": 0.7735294117647059,
      "f1-score": 0.7307432758122048,
      "support": 147.0
    },
    "weighted avg": {
      "precision": 0.8942190697417177,
      "recall": 0.8707482993197279,
      "f1-score": 0.8799939140796587,
      "support": 147.0
    }
  },
  "confusion_matrix": [
    [
      117,
      13
    ],
    [
      6,
      11
    ]
  ],
  "training_time_seconds": 0.005084,
  "best_hyperparameters": {
    "C": 1,
    "gamma": 0.1,
    "kernel": "rbf"
  },
  "timestamp": "2025-11-28T13:34:12.659031"
}