{
  "TP": 35,
  "TN": 185,
  "FP": 42,
  "FN": 22,
  "P": 57,
  "N": 227,
  "Total": 284,
  "Error": 0.22535211267605634,
  "Exactitud": 0.7746478873239436,
  "TP_Rate": 0.6140350877192983,
  "FP_Rate": 0.18502202643171806,
  "Precision": 0.45454545454545453,
  "Recall": 0.6140350877192983,
  "Sensibilidad": 0.6140350877192983,
  "Especificidad": 0.8149779735682819,
  "F1_Score": 0.5223880597014925,
  "Accuracy_sklearn": 0.7746478873239436,
  "best_hyperparameters": {
    "C": 10,
    "gamma": 1,
    "kernel": "rbf"
  },
  "cv_best_score": 0.8515977443609023,
  "timestamp": "2025-12-12T02:37:50.398249",
  "confusion_matrix": [
    [
      185,
      42
    ],
    [
      22,
      35
    ]
  ]
}