{
  "TP": 26,
  "TN": 434,
  "FP": 30,
  "FN": 51,
  "P": 77,
  "N": 464,
  "Total": 541,
  "Error": 0.14972273567467653,
  "Exactitud": 0.8502772643253235,
  "TP_Rate": 0.33766233766233766,
  "FP_Rate": 0.06465517241379311,
  "Precision": 0.4642857142857143,
  "Recall": 0.33766233766233766,
  "Sensibilidad": 0.33766233766233766,
  "Especificidad": 0.9353448275862069,
  "F1_Score": 0.39097744360902253,
  "Accuracy_sklearn": 0.8502772643253235,
  "best_hyperparameters": {
    "var_smoothing": 1e-09
  },
  "cv_best_score": 0.3620430107526882,
  "timestamp": "2025-12-12T02:33:04.508697",
  "confusion_matrix": [
    [
      434,
      30
    ],
    [
      51,
      26
    ]
  ]
}