{
  "best_params": {
    "C": 10,
    "gamma": 0.1,
    "kernel": "rbf"
  },
  "best_cv_score": 0.9756628787878789,
  "test_metrics": {
    "accuracy": 0.8909090909090909,
    "precision": 0.4166666666666667,
    "recall": 0.7142857142857143,
    "f1_score": 0.5263157894736842
  },
  "timestamp": "2025-12-12T02:33:56.432716",
  "cv_folds": 10,
  "n_combinations_tested": 72,
  "total_fits": 720,
  "time_seconds": 8.05133,
  "dataset_info": {
    "n_samples": 656,
    "n_features": 20
  }
}