{
  "best_params": {
    "criterion": "gini",
    "max_depth": 20,
    "min_samples_leaf": 1,
    "min_samples_split": 10
  },
  "best_cv_score": 0.6278656126482214,
  "test_metrics": {
    "accuracy": 0.8591549295774648,
    "precision": 0.639344262295082,
    "recall": 0.6842105263157895,
    "f1_score": 0.6610169491525424
  },
  "timestamp": "2025-12-12T02:18:09.834554",
  "cv_folds": 10,
  "n_combinations_tested": 160,
  "total_fits": 1600,
  "time_seconds": 4.55991,
  "dataset_info": {
    "n_samples": 1132,
    "n_features": 65
  }
}