{
  "best_params": {
    "var_smoothing": 1e-05
  },
  "best_cv_score": 0.3851607160188138,
  "test_metrics": {
    "accuracy": 0.8345070422535211,
    "precision": 0.75,
    "recall": 0.2631578947368421,
    "f1_score": 0.38961038961038963,
    "f2_score": 0.3024193548387097
  },
  "timestamp": "2025-12-11T09:15:56.372148",
  "confusion_matrix": [
    [
      222,
      5
    ],
    [
      42,
      15
    ]
  ],
  "labels": [
    0,
    1
  ]
}