{
  "best_params": {
    "var_smoothing": 1e-05
  },
  "best_cv_score": 0.3446640316205533,
  "test_metrics": {
    "accuracy": 0.8345070422535211,
    "precision": 0.75,
    "recall": 0.2631578947368421,
    "f1_score": 0.38961038961038963
  },
  "timestamp": "2025-12-12T02:18:07.833718",
  "cv_folds": 10,
  "n_combinations_tested": 6,
  "total_fits": 60,
  "time_seconds": 2.559697,
  "dataset_info": {
    "n_samples": 1132,
    "n_features": 65
  }
}