{
  "best_params": {
    "C": 1000,
    "gamma": 0.01,
    "kernel": "rbf"
  },
  "best_cv_score": 0.5454545454545454,
  "test_metrics": {
    "accuracy": 0.8345070422535211,
    "precision": 0.6136363636363636,
    "recall": 0.47368421052631576,
    "f1_score": 0.5346534653465347
  },
  "timestamp": "2025-12-12T02:18:19.987846",
  "cv_folds": 10,
  "n_combinations_tested": 72,
  "total_fits": 720,
  "time_seconds": 14.714963,
  "dataset_info": {
    "n_samples": 1132,
    "n_features": 65
  }
}