{
  "best_params": {
    "C": 1000,
    "gamma": 0.01,
    "kernel": "rbf"
  },
  "best_cv_score": 0.5795321637426901,
  "test_metrics": {
    "accuracy": 0.8345070422535211,
    "precision": 0.6136363636363636,
    "recall": 0.47368421052631576,
    "f1_score": 0.5346534653465347
  },
  "timestamp": "2025-11-28T13:32:19.431585"
}