{
  "best_params": {
    "C": 1000,
    "gamma": 0.01,
    "kernel": "rbf"
  },
  "best_cv_score": 0.551790624138011,
  "test_metrics": {
    "accuracy": 0.8345070422535211,
    "precision": 0.6136363636363636,
    "recall": 0.47368421052631576,
    "f1_score": 0.5346534653465347,
    "f2_score": 0.4963235294117647
  },
  "timestamp": "2025-12-11T09:15:59.107850",
  "confusion_matrix": [
    [
      210,
      17
    ],
    [
      30,
      27
    ]
  ],
  "labels": [
    0,
    1
  ]
}