{
  "TP": 2,
  "TN": 459,
  "FP": 5,
  "FN": 75,
  "P": 77,
  "N": 464,
  "Total": 541,
  "Error": 0.1478743068391867,
  "Exactitud": 0.8521256931608133,
  "TP_Rate": 0.025974025974025976,
  "FP_Rate": 0.010775862068965518,
  "Precision": 0.2857142857142857,
  "Recall": 0.025974025974025976,
  "Sensibilidad": 0.025974025974025976,
  "Especificidad": 0.9892241379310345,
  "F1_Score": 0.047619047619047616,
  "Accuracy_sklearn": 0.8521256931608133,
  "best_hyperparameters": {
    "var_smoothing": 1e-09
  },
  "cv_best_score": 0.022196738022426093,
  "timestamp": "2025-12-12T02:14:43.586879",
  "confusion_matrix": [
    [
      459,
      5
    ],
    [
      75,
      2
    ]
  ]
}