{
  "TP": 56,
  "TN": 325,
  "FP": 139,
  "FN": 21,
  "P": 77,
  "N": 464,
  "Total": 541,
  "Error": 0.2957486136783734,
  "Exactitud": 0.7042513863216266,
  "TP_Rate": 0.7272727272727273,
  "FP_Rate": 0.2995689655172414,
  "Precision": 0.28717948717948716,
  "Recall": 0.7272727272727273,
  "Sensibilidad": 0.7272727272727273,
  "Especificidad": 0.7004310344827587,
  "F1_Score": 0.4117647058823529,
  "Accuracy_sklearn": 0.7042513863216266,
  "best_hyperparameters": {
    "C": 100,
    "gamma": 1,
    "kernel": "rbf"
  },
  "cv_best_score": 0.9537971457696228,
  "timestamp": "2025-12-12T02:33:04.778835",
  "confusion_matrix": [
    [
      325,
      139
    ],
    [
      21,
      56
    ]
  ]
}