{
  "TP": 15,
  "TN": 85,
  "FP": 45,
  "FN": 2,
  "P": 17,
  "N": 130,
  "Total": 147,
  "Error": 0.3197278911564626,
  "Exactitud": 0.6802721088435374,
  "TP_Rate": 0.8823529411764706,
  "FP_Rate": 0.34615384615384615,
  "Precision": 0.25,
  "Recall": 0.8823529411764706,
  "Sensibilidad": 0.8823529411764706,
  "Especificidad": 0.6538461538461539,
  "F1_Score": 0.38961038961038963,
  "Accuracy_sklearn": 0.6802721088435374,
  "best_hyperparameters": {
    "C": 0.01,
    "gamma": 1,
    "kernel": "rbf"
  },
  "cv_best_score": 0.969655172413793,
  "timestamp": "2025-12-12T02:38:53.748952",
  "confusion_matrix": [
    [
      85,
      45
    ],
    [
      2,
      15
    ]
  ]
}