{
  "TP": 41,
  "TN": 64,
  "FP": 104,
  "FN": 3,
  "P": 44,
  "N": 168,
  "Total": 212,
  "Error": 0.5047169811320755,
  "Exactitud": 0.49528301886792453,
  "TP_Rate": 0.9318181818181818,
  "FP_Rate": 0.6190476190476191,
  "Precision": 0.2827586206896552,
  "Recall": 0.9318181818181818,
  "Sensibilidad": 0.9318181818181818,
  "Especificidad": 0.38095238095238093,
  "F1_Score": 0.43386243386243384,
  "Accuracy_sklearn": 0.49528301886792453,
  "best_hyperparameters": {
    "C": 0.1,
    "gamma": 1,
    "kernel": "rbf"
  },
  "cv_best_score": 0.9454595791805094,
  "timestamp": "2025-12-12T02:35:44.866190",
  "confusion_matrix": [
    [
      64,
      104
    ],
    [
      3,
      41
    ]
  ]
}