{
  "TP": 4,
  "TN": 313,
  "FP": 14,
  "FN": 22,
  "P": 26,
  "N": 327,
  "Total": 353,
  "Error": 0.10198300283286119,
  "Exactitud": 0.8980169971671388,
  "TP_Rate": 0.15384615384615385,
  "FP_Rate": 0.04281345565749235,
  "Precision": 0.2222222222222222,
  "Recall": 0.15384615384615385,
  "Sensibilidad": 0.15384615384615385,
  "Especificidad": 0.9571865443425076,
  "F1_Score": 0.18181818181818182,
  "Accuracy_sklearn": 0.8980169971671388,
  "best_hyperparameters": {
    "criterion": "entropy",
    "max_depth": 20,
    "min_samples_leaf": 2,
    "min_samples_split": 10
  },
  "cv_best_score": 0.39818181818181814,
  "timestamp": "2025-12-12T02:25:06.789422",
  "confusion_matrix": [
    [
      313,
      14
    ],
    [
      22,
      4
    ]
  ]
}