{
  "TP": 22,
  "TN": 129,
  "FP": 39,
  "FN": 22,
  "P": 44,
  "N": 168,
  "Total": 212,
  "Error": 0.28773584905660377,
  "Exactitud": 0.7122641509433962,
  "TP_Rate": 0.5,
  "FP_Rate": 0.23214285714285715,
  "Precision": 0.36065573770491804,
  "Recall": 0.5,
  "Sensibilidad": 0.5,
  "Especificidad": 0.7678571428571429,
  "F1_Score": 0.41904761904761906,
  "Accuracy_sklearn": 0.7122641509433962,
  "best_hyperparameters": {
    "criterion": "gini",
    "max_depth": 20,
    "min_samples_leaf": 1,
    "min_samples_split": 2
  },
  "cv_best_score": 0.8789590254706534,
  "timestamp": "2025-12-12T02:35:44.875752",
  "confusion_matrix": [
    [
      129,
      39
    ],
    [
      22,
      22
    ]
  ]
}