{
  "TP": 24,
  "TN": 432,
  "FP": 32,
  "FN": 53,
  "P": 77,
  "N": 464,
  "Total": 541,
  "Error": 0.15711645101663585,
  "Exactitud": 0.8428835489833642,
  "TP_Rate": 0.3116883116883117,
  "FP_Rate": 0.06896551724137931,
  "Precision": 0.42857142857142855,
  "Recall": 0.3116883116883117,
  "Sensibilidad": 0.3116883116883117,
  "Especificidad": 0.9310344827586207,
  "F1_Score": 0.3609022556390977,
  "Accuracy_sklearn": 0.8428835489833642,
  "best_hyperparameters": {
    "var_smoothing": 1e-09
  },
  "cv_best_score": 0.36043153244988113,
  "timestamp": "2025-12-12T02:33:04.661166",
  "confusion_matrix": [
    [
      432,
      32
    ],
    [
      53,
      24
    ]
  ]
}