{
  "best_params": {
    "var_smoothing": 0.0001
  },
  "best_cv_score": 0.6480392156862745,
  "test_metrics": {
    "accuracy": 0.7641509433962265,
    "precision": 0.44642857142857145,
    "recall": 0.5681818181818182,
    "f1_score": 0.5
  },
  "timestamp": "2025-12-12T02:16:11.360097",
  "cv_folds": 10,
  "n_combinations_tested": 6,
  "total_fits": 60,
  "time_seconds": 2.593247,
  "dataset_info": {
    "n_samples": 847,
    "n_features": 65
  }
}