{
  "best_params": {
    "var_smoothing": 0.0001
  },
  "best_cv_score": 0.5632183908045977,
  "test_metrics": {
    "accuracy": 0.7641509433962265,
    "precision": 0.44642857142857145,
    "recall": 0.5681818181818182,
    "f1_score": 0.5
  },
  "timestamp": "2025-11-28T13:31:16.572763"
}