{
  "best_params": {
    "C": 1000,
    "gamma": 0.001,
    "kernel": "rbf"
  },
  "best_cv_score": 0.5368989988052028,
  "test_metrics": {
    "accuracy": 0.8160377358490566,
    "precision": 0.5925925925925926,
    "recall": 0.36363636363636365,
    "f1_score": 0.4507042253521127,
    "f2_score": 0.39408866995073893
  },
  "timestamp": "2025-12-11T09:14:39.065998",
  "confusion_matrix": [
    [
      157,
      11
    ],
    [
      28,
      16
    ]
  ],
  "labels": [
    0,
    1
  ]
}