{
  "best_params": {
    "C": 10,
    "gamma": 0.001,
    "kernel": "linear"
  },
  "best_cv_score": 0.5114942528735632,
  "test_metrics": {
    "accuracy": 0.7641509433962265,
    "precision": 0.42105263157894735,
    "recall": 0.36363636363636365,
    "f1_score": 0.3902439024390244
  },
  "timestamp": "2025-11-28T13:31:17.189411"
}