{
  "best_params": {
    "C": 10,
    "gamma": 0.001,
    "kernel": "linear"
  },
  "best_cv_score": 0.5395424836601307,
  "test_metrics": {
    "accuracy": 0.7641509433962265,
    "precision": 0.42105263157894735,
    "recall": 0.36363636363636365,
    "f1_score": 0.3902439024390244
  },
  "timestamp": "2025-12-12T02:16:19.693149",
  "cv_folds": 10,
  "n_combinations_tested": 72,
  "total_fits": 720,
  "time_seconds": 10.927378,
  "dataset_info": {
    "n_samples": 847,
    "n_features": 65
  }
}