{
  "TP": 11,
  "TN": 288,
  "FP": 39,
  "FN": 15,
  "P": 26,
  "N": 327,
  "Total": 353,
  "Error": 0.1529745042492918,
  "Exactitud": 0.8470254957507082,
  "TP_Rate": 0.4230769230769231,
  "FP_Rate": 0.11926605504587157,
  "Precision": 0.22,
  "Recall": 0.4230769230769231,
  "Sensibilidad": 0.4230769230769231,
  "Especificidad": 0.8807339449541285,
  "F1_Score": 0.2894736842105263,
  "Accuracy_sklearn": 0.8470254957507082,
  "best_hyperparameters": {
    "criterion": "entropy",
    "max_depth": 10,
    "min_samples_leaf": 1,
    "min_samples_split": 2
  },
  "cv_best_score": 0.9147283702213281,
  "timestamp": "2025-12-12T02:41:28.073715",
  "confusion_matrix": [
    [
      288,
      39
    ],
    [
      15,
      11
    ]
  ]
}