{
  "TP": 21,
  "TN": 136,
  "FP": 32,
  "FN": 23,
  "P": 44,
  "N": 168,
  "Total": 212,
  "Error": 0.25943396226415094,
  "Exactitud": 0.7405660377358491,
  "TP_Rate": 0.4772727272727273,
  "FP_Rate": 0.19047619047619047,
  "Precision": 0.39622641509433965,
  "Recall": 0.4772727272727273,
  "Sensibilidad": 0.4772727272727273,
  "Especificidad": 0.8095238095238095,
  "F1_Score": 0.4329896907216495,
  "Accuracy_sklearn": 0.7405660377358491,
  "best_hyperparameters": {
    "var_smoothing": 0.0001
  },
  "cv_best_score": 0.5493355481727574,
  "timestamp": "2025-12-12T02:18:03.050723",
  "confusion_matrix": [
    [
      136,
      32
    ],
    [
      23,
      21
    ]
  ]
}