{
  "TP": 10,
  "TN": 223,
  "FP": 4,
  "FN": 47,
  "P": 57,
  "N": 227,
  "Total": 284,
  "Error": 0.1795774647887324,
  "Exactitud": 0.8204225352112676,
  "TP_Rate": 0.17543859649122806,
  "FP_Rate": 0.01762114537444934,
  "Precision": 0.7142857142857143,
  "Recall": 0.17543859649122806,
  "Sensibilidad": 0.17543859649122806,
  "Especificidad": 0.9823788546255506,
  "F1_Score": 0.28169014084507044,
  "Accuracy_sklearn": 0.8204225352112676,
  "best_hyperparameters": {
    "var_smoothing": 1e-09
  },
  "cv_best_score": 0.22073934837092732,
  "timestamp": "2025-12-12T02:37:50.402524",
  "confusion_matrix": [
    [
      223,
      4
    ],
    [
      47,
      10
    ]
  ]
}