{
  "best_params": {
    "criterion": "entropy",
    "max_depth": 10,
    "min_samples_leaf": 1,
    "min_samples_split": 5
  },
  "best_cv_score": 0.5623868450052866,
  "test_metrics": {
    "accuracy": 0.7924528301886793,
    "precision": 0.5,
    "recall": 0.4772727272727273,
    "f1_score": 0.4883720930232558,
    "f2_score": 0.481651376146789
  },
  "timestamp": "2025-12-11T09:14:48.004824",
  "confusion_matrix": [
    [
      147,
      21
    ],
    [
      23,
      21
    ]
  ],
  "labels": [
    0,
    1
  ]
}