{
  "best_params": {
    "criterion": "entropy",
    "max_depth": 10,
    "min_samples_leaf": 1,
    "min_samples_split": 5
  },
  "best_cv_score": 0.5702614379084967,
  "test_metrics": {
    "accuracy": 0.7924528301886793,
    "precision": 0.5,
    "recall": 0.4772727272727273,
    "f1_score": 0.4883720930232558
  },
  "timestamp": "2025-12-12T02:16:25.780386",
  "cv_folds": 10,
  "n_combinations_tested": 160,
  "total_fits": 1600,
  "time_seconds": 4.366822,
  "dataset_info": {
    "n_samples": 847,
    "n_features": 65
  }
}