{
  "best_params": {
    "criterion": "entropy",
    "max_depth": 10,
    "min_samples_leaf": 4,
    "min_samples_split": 2
  },
  "best_cv_score": 0.5804597701149424,
  "test_metrics": {
    "accuracy": 0.8349056603773585,
    "precision": 0.6285714285714286,
    "recall": 0.5,
    "f1_score": 0.5569620253164557
  },
  "timestamp": "2025-11-28T13:31:23.971081"
}