{
  "best_params": {
    "var_smoothing": 1e-09
  },
  "best_cv_score": 0.5138334469333752,
  "test_metrics": {
    "accuracy": 0.21226415094339623,
    "precision": 0.20853080568720378,
    "recall": 1.0,
    "f1_score": 0.34509803921568627,
    "f2_score": 0.5684754521963824
  },
  "timestamp": "2025-12-11T09:14:45.725461",
  "confusion_matrix": [
    [
      1,
      167
    ],
    [
      0,
      44
    ]
  ],
  "labels": [
    0,
    1
  ]
}