{
  "best_params": {
    "criterion": "entropy",
    "max_depth": null,
    "min_samples_leaf": 1,
    "min_samples_split": 2
  },
  "best_cv_score": 0.6021739130434782,
  "test_metrics": {
    "accuracy": 0.8063380281690141,
    "precision": 0.5166666666666667,
    "recall": 0.543859649122807,
    "f1_score": 0.5299145299145299
  },
  "timestamp": "2025-12-12T02:35:50.887147",
  "cv_folds": 10,
  "n_combinations_tested": 160,
  "total_fits": 1600,
  "time_seconds": 3.685378,
  "dataset_info": {
    "n_samples": 1132,
    "n_features": 20
  }
}