{
  "best_params": {
    "var_smoothing": 1e-09
  },
  "best_cv_score": 0.29209486166007903,
  "test_metrics": {
    "accuracy": 0.8274647887323944,
    "precision": 0.75,
    "recall": 0.21052631578947367,
    "f1_score": 0.3287671232876712
  },
  "timestamp": "2025-12-12T02:35:49.761311",
  "cv_folds": 10,
  "n_combinations_tested": 6,
  "total_fits": 60,
  "time_seconds": 2.559775,
  "dataset_info": {
    "n_samples": 1132,
    "n_features": 20
  }
}