{
  "best_params": {
    "C": 1000,
    "gamma": 0.001,
    "kernel": "linear"
  },
  "best_cv_score": 0.6144268774703557,
  "test_metrics": {
    "accuracy": 0.6514084507042254,
    "precision": 0.2980769230769231,
    "recall": 0.543859649122807,
    "f1_score": 0.38509316770186336
  },
  "timestamp": "2025-12-12T02:35:57.636025",
  "cv_folds": 10,
  "n_combinations_tested": 72,
  "total_fits": 720,
  "time_seconds": 10.435312,
  "dataset_info": {
    "n_samples": 1132,
    "n_features": 20
  }
}