{
  "TP": 35,
  "TN": 283,
  "FP": 35,
  "FN": 24,
  "P": 59,
  "N": 318,
  "Total": 377,
  "Error": 0.15649867374005305,
  "Exactitud": 0.843501326259947,
  "TP_Rate": 0.5932203389830508,
  "FP_Rate": 0.11006289308176101,
  "Precision": 0.5,
  "Recall": 0.5932203389830508,
  "Sensibilidad": 0.5932203389830508,
  "Especificidad": 0.889937106918239,
  "F1_Score": 0.5426356589147286,
  "Accuracy_sklearn": 0.843501326259947,
  "best_hyperparameters": {
    "var_smoothing": 0.0001
  },
  "cv_best_score": 0.5127894736842105,
  "timestamp": "2025-12-12T02:08:40.621388",
  "confusion_matrix": [
    [
      283,
      35
    ],
    [
      24,
      35
    ]
  ]
}