{
  "best_params": {
    "criterion": "entropy",
    "max_depth": 20,
    "min_samples_leaf": 1,
    "min_samples_split": 2
  },
  "best_cv_score": 0.8936305572990231,
  "test_metrics": {
    "accuracy": 0.8328912466843501,
    "precision": 0.4772727272727273,
    "recall": 0.711864406779661,
    "f1_score": 0.5714285714285714,
    "f2_score": 0.6481481481481481
  },
  "timestamp": "2025-12-11T09:10:53.762532",
  "confusion_matrix": [
    [
      272,
      46
    ],
    [
      17,
      42
    ]
  ],
  "labels": [
    0,
    1
  ]
}