{
  "best_params": {
    "criterion": "gini",
    "max_depth": 10,
    "min_samples_leaf": 1,
    "min_samples_split": 2
  },
  "best_cv_score": 0.854876068840534,
  "test_metrics": {
    "accuracy": 0.843501326259947,
    "precision": 0.5,
    "recall": 0.6779661016949152,
    "f1_score": 0.5755395683453237
  },
  "timestamp": "2025-11-27T19:30:04.968087"
}