{
  "best_params": {
    "criterion": "entropy",
    "max_depth": 20,
    "min_samples_leaf": 1,
    "min_samples_split": 2
  },
  "best_cv_score": 0.90440350877193,
  "test_metrics": {
    "accuracy": 0.8328912466843501,
    "precision": 0.4772727272727273,
    "recall": 0.711864406779661,
    "f1_score": 0.5714285714285714
  },
  "timestamp": "2025-12-12T02:07:24.452944",
  "cv_folds": 10,
  "n_combinations_tested": 160,
  "total_fits": 1600,
  "time_seconds": 5.393928,
  "dataset_info": {
    "n_samples": 1506,
    "n_features": 65
  }
}