{
  "best_params": {
    "var_smoothing": 1e-06
  },
  "best_cv_score": 0.698342742377715,
  "test_metrics": {
    "accuracy": 0.7851458885941645,
    "precision": 0.39,
    "recall": 0.6610169491525424,
    "f1_score": 0.49056603773584906
  },
  "timestamp": "2025-11-27T19:55:37.186198"
}