{
  "best_params": {
    "var_smoothing": 1e-05
  },
  "best_cv_score": 0.8296122327741051,
  "test_metrics": {
    "accuracy": 0.15649867374005305,
    "precision": 0.15281501340482573,
    "recall": 0.9661016949152542,
    "f1_score": 0.2638888888888889,
    "f2_score": 0.46798029556650245
  },
  "timestamp": "2025-12-11T09:10:49.551409",
  "confusion_matrix": [
    [
      2,
      316
    ],
    [
      2,
      57
    ]
  ],
  "labels": [
    0,
    1
  ]
}