{
  "best_params": {
    "var_smoothing": 0.0001
  },
  "best_cv_score": 0.9920318725099602,
  "test_metrics": {
    "accuracy": 0.15119363395225463,
    "precision": 0.152,
    "recall": 0.9661016949152542,
    "f1_score": 0.2626728110599078
  },
  "timestamp": "2025-11-28T13:28:32.633926"
}