{
  "best_params": {
    "C": 10,
    "gamma": 0.1,
    "kernel": "rbf"
  },
  "best_cv_score": 0.9442373832737363,
  "test_metrics": {
    "accuracy": 0.7798408488063661,
    "precision": 0.38235294117647056,
    "recall": 0.6610169491525424,
    "f1_score": 0.484472049689441,
    "f2_score": 0.5769230769230769
  },
  "timestamp": "2025-12-11T09:10:54.095949",
  "confusion_matrix": [
    [
      255,
      63
    ],
    [
      20,
      39
    ]
  ],
  "labels": [
    0,
    1
  ]
}