{
  "best_params": {
    "C": 10,
    "gamma": "auto",
    "kernel": "rbf"
  },
  "best_cv_score": 0.8728392400598249,
  "test_metrics": {
    "accuracy": 0.8328912466843501,
    "precision": 0.4696969696969697,
    "recall": 0.5254237288135594,
    "f1_score": 0.496
  },
  "timestamp": "2025-11-27T19:30:05.043740"
}