{
  "best_params": {
    "C": 100,
    "gamma": 0.001,
    "kernel": "linear"
  },
  "best_cv_score": 0.9880478087649402,
  "test_metrics": {
    "accuracy": 0.14854111405835543,
    "precision": 0.1497326203208556,
    "recall": 0.9491525423728814,
    "f1_score": 0.2586605080831409
  },
  "timestamp": "2025-11-28T13:28:34.121024"
}