{
  "best_params": {
    "C": 10,
    "gamma": 0.1,
    "kernel": "rbf"
  },
  "best_cv_score": 0.9760701754385966,
  "test_metrics": {
    "accuracy": 0.7798408488063661,
    "precision": 0.38235294117647056,
    "recall": 0.6610169491525424,
    "f1_score": 0.484472049689441
  },
  "timestamp": "2025-12-12T02:07:46.481938",
  "cv_folds": 10,
  "n_combinations_tested": 72,
  "total_fits": 720,
  "time_seconds": 27.424214,
  "dataset_info": {
    "n_samples": 1506,
    "n_features": 65
  }
}