{
  "best_params": {
    "criterion": "entropy",
    "max_depth": 10,
    "min_samples_leaf": 1,
    "min_samples_split": 2
  },
  "best_cv_score": 0.9236671736671737,
  "test_metrics": {
    "accuracy": 0.8666666666666667,
    "precision": 0.3,
    "recall": 0.42857142857142855,
    "f1_score": 0.35294117647058826
  },
  "timestamp": "2025-11-27T19:57:37.884844"
}