{
  "best_params": {
    "criterion": "gini",
    "max_depth": 10,
    "min_samples_leaf": 1,
    "min_samples_split": 2
  },
  "best_cv_score": 0.9343003310573514,
  "test_metrics": {
    "accuracy": 0.8606060606060606,
    "precision": 0.2857142857142857,
    "recall": 0.42857142857142855,
    "f1_score": 0.34285714285714286,
    "f2_score": 0.38961038961038963
  },
  "timestamp": "2025-12-11T09:14:23.218942",
  "confusion_matrix": [
    [
      136,
      15
    ],
    [
      8,
      6
    ]
  ],
  "labels": [
    0,
    1
  ]
}