{
  "best_params": {
    "C": 100,
    "gamma": "auto",
    "kernel": "rbf"
  },
  "best_cv_score": 0.9727272727272727,
  "test_metrics": {
    "accuracy": 0.8727272727272727,
    "precision": 0.3157894736842105,
    "recall": 0.42857142857142855,
    "f1_score": 0.36363636363636365
  },
  "timestamp": "2025-12-12T02:16:06.448628",
  "cv_folds": 10,
  "n_combinations_tested": 72,
  "total_fits": 720,
  "time_seconds": 9.027032,
  "dataset_info": {
    "n_samples": 656,
    "n_features": 65
  }
}