{
  "best_params": {
    "C": 100,
    "gamma": "auto",
    "kernel": "rbf"
  },
  "best_cv_score": 0.9516416018096583,
  "test_metrics": {
    "accuracy": 0.8727272727272727,
    "precision": 0.3157894736842105,
    "recall": 0.42857142857142855,
    "f1_score": 0.36363636363636365,
    "f2_score": 0.4
  },
  "timestamp": "2025-12-11T09:14:22.850110",
  "confusion_matrix": [
    [
      138,
      13
    ],
    [
      8,
      6
    ]
  ],
  "labels": [
    0,
    1
  ]
}