{
  "best_params": {
    "C": 100,
    "gamma": "auto",
    "kernel": "rbf"
  },
  "best_cv_score": 0.9131700724769054,
  "test_metrics": {
    "accuracy": 0.8727272727272727,
    "precision": 0.3157894736842105,
    "recall": 0.42857142857142855,
    "f1_score": 0.36363636363636365
  },
  "timestamp": "2025-11-27T19:32:00.585637"
}