{
  "best_params": {
    "C": 0.1,
    "gamma": 0.1,
    "kernel": "rbf"
  },
  "best_cv_score": 0.963497358910203,
  "test_metrics": {
    "accuracy": 0.5212121212121212,
    "precision": 0.12643678160919541,
    "recall": 0.7857142857142857,
    "f1_score": 0.21782178217821782
  },
  "timestamp": "2025-11-28T13:31:03.119328"
}