{
  "TP": 42,
  "TN": 46,
  "FP": 122,
  "FN": 2,
  "P": 44,
  "N": 168,
  "Total": 212,
  "Error": 0.5849056603773585,
  "Exactitud": 0.41509433962264153,
  "TP_Rate": 0.9545454545454546,
  "FP_Rate": 0.7261904761904762,
  "Precision": 0.25609756097560976,
  "Recall": 0.9545454545454546,
  "Sensibilidad": 0.9545454545454546,
  "Especificidad": 0.27380952380952384,
  "F1_Score": 0.40384615384615385,
  "Accuracy_sklearn": 0.41509433962264153,
  "best_hyperparameters": {
    "C": 0.1,
    "gamma": 1,
    "kernel": "rbf"
  },
  "cv_best_score": 0.9503875968992247,
  "timestamp": "2025-12-12T02:35:44.907029",
  "confusion_matrix": [
    [
      46,
      122
    ],
    [
      2,
      42
    ]
  ]
}