{
  "TP": 10,
  "TN": 299,
  "FP": 28,
  "FN": 16,
  "P": 26,
  "N": 327,
  "Total": 353,
  "Error": 0.12464589235127478,
  "Exactitud": 0.8753541076487252,
  "TP_Rate": 0.38461538461538464,
  "FP_Rate": 0.0856269113149847,
  "Precision": 0.2631578947368421,
  "Recall": 0.38461538461538464,
  "Sensibilidad": 0.38461538461538464,
  "Especificidad": 0.9143730886850153,
  "F1_Score": 0.3125,
  "Accuracy_sklearn": 0.8753541076487252,
  "best_hyperparameters": {
    "var_smoothing": 1e-09
  },
  "cv_best_score": 0.4610060362173038,
  "timestamp": "2025-12-12T02:25:06.866649",
  "confusion_matrix": [
    [
      299,
      28
    ],
    [
      16,
      10
    ]
  ]
}