{
  "TP": 2,
  "TN": 461,
  "FP": 3,
  "FN": 75,
  "P": 77,
  "N": 464,
  "Total": 541,
  "Error": 0.14417744916820702,
  "Exactitud": 0.8558225508317929,
  "TP_Rate": 0.025974025974025976,
  "FP_Rate": 0.00646551724137931,
  "Precision": 0.4,
  "Recall": 0.025974025974025976,
  "Sensibilidad": 0.025974025974025976,
  "Especificidad": 0.9935344827586207,
  "F1_Score": 0.04878048780487805,
  "Accuracy_sklearn": 0.8558225508317929,
  "best_hyperparameters": {
    "var_smoothing": 1e-09
  },
  "cv_best_score": 0.013871899422358136,
  "timestamp": "2025-12-12T02:33:04.783368",
  "confusion_matrix": [
    [
      461,
      3
    ],
    [
      75,
      2
    ]
  ]
}