{
  "TP": 36,
  "TN": 206,
  "FP": 21,
  "FN": 21,
  "P": 57,
  "N": 227,
  "Total": 284,
  "Error": 0.14788732394366197,
  "Exactitud": 0.852112676056338,
  "TP_Rate": 0.631578947368421,
  "FP_Rate": 0.09251101321585903,
  "Precision": 0.631578947368421,
  "Recall": 0.631578947368421,
  "Sensibilidad": 0.631578947368421,
  "Especificidad": 0.9074889867841409,
  "F1_Score": 0.631578947368421,
  "Accuracy_sklearn": 0.852112676056338,
  "best_hyperparameters": {
    "criterion": "gini",
    "max_depth": 20,
    "min_samples_leaf": 4,
    "min_samples_split": 20
  },
  "cv_best_score": 0.6017786561264822,
  "timestamp": "2025-12-12T02:37:50.344828",
  "confusion_matrix": [
    [
      206,
      21
    ],
    [
      21,
      36
    ]
  ]
}