{
  "best_params": {
    "criterion": "entropy",
    "max_depth": 5,
    "min_samples_leaf": 1,
    "min_samples_split": 2
  },
  "best_cv_score": 0.6283040935672515,
  "test_metrics": {
    "accuracy": 0.8732394366197183,
    "precision": 0.7560975609756098,
    "recall": 0.543859649122807,
    "f1_score": 0.6326530612244898
  },
  "timestamp": "2025-11-28T13:32:26.276131"
}