{
  "best_params": {
    "criterion": "entropy",
    "max_depth": 20,
    "min_samples_leaf": 1,
    "min_samples_split": 10
  },
  "best_cv_score": 0.6238073656760872,
  "test_metrics": {
    "accuracy": 0.8380281690140845,
    "precision": 0.5901639344262295,
    "recall": 0.631578947368421,
    "f1_score": 0.6101694915254238,
    "f2_score": 0.6228373702422145
  },
  "timestamp": "2025-12-11T09:16:08.559810",
  "confusion_matrix": [
    [
      202,
      25
    ],
    [
      21,
      36
    ]
  ],
  "labels": [
    0,
    1
  ]
}