{
  "best_params": {
    "var_smoothing": 1e-09
  },
  "best_cv_score": 0.16391812865497077,
  "test_metrics": {
    "accuracy": 0.8133802816901409,
    "precision": 0.7,
    "recall": 0.12280701754385964,
    "f1_score": 0.208955223880597
  },
  "timestamp": "2025-11-28T13:32:25.349140"
}