{
  "best_params": {
    "var_smoothing": 1e-08
  },
  "best_cv_score": 0.17295142334336064,
  "test_metrics": {
    "accuracy": 0.8063380281690141,
    "precision": 0.6,
    "recall": 0.10526315789473684,
    "f1_score": 0.1791044776119403,
    "f2_score": 0.12605042016806722
  },
  "timestamp": "2025-12-11T09:16:05.536907",
  "confusion_matrix": [
    [
      223,
      4
    ],
    [
      51,
      6
    ]
  ],
  "labels": [
    0,
    1
  ]
}