{
  "best_params": {
    "var_smoothing": 1e-09
  },
  "best_cv_score": 0.14545454545454545,
  "test_metrics": {
    "accuracy": 0.8133802816901409,
    "precision": 0.7,
    "recall": 0.12280701754385964,
    "f1_score": 0.208955223880597
  },
  "timestamp": "2025-12-12T02:18:24.300927",
  "cv_folds": 10,
  "n_combinations_tested": 6,
  "total_fits": 60,
  "time_seconds": 2.749187,
  "dataset_info": {
    "n_samples": 1132,
    "n_features": 65
  }
}