{
  "best_params": {
    "C": 0.1,
    "gamma": 0.001,
    "kernel": "linear"
  },
  "best_cv_score": 0.7047430830039526,
  "test_metrics": {
    "accuracy": 0.795774647887324,
    "precision": 0.4827586206896552,
    "recall": 0.24561403508771928,
    "f1_score": 0.32558139534883723
  },
  "timestamp": "2025-12-12T02:18:38.290592",
  "cv_folds": 10,
  "n_combinations_tested": 72,
  "total_fits": 720,
  "time_seconds": 16.739904,
  "dataset_info": {
    "n_samples": 1132,
    "n_features": 65
  }
}