{
  "best_params": {
    "C": 10,
    "gamma": 0.001,
    "kernel": "linear"
  },
  "best_cv_score": 0.6989473684210527,
  "test_metrics": {
    "accuracy": 0.18661971830985916,
    "precision": 0.17537313432835822,
    "recall": 0.8245614035087719,
    "f1_score": 0.28923076923076924
  },
  "timestamp": "2025-11-28T13:32:26.246667"
}