{
  "best_params": {
    "C": 100,
    "gamma": 0.001,
    "kernel": "rbf"
  },
  "best_cv_score": 0.5488843072536986,
  "test_metrics": {
    "accuracy": 0.8591549295774648,
    "precision": 0.7073170731707317,
    "recall": 0.5087719298245614,
    "f1_score": 0.5918367346938775,
    "f2_score": 0.5390334572490706
  },
  "timestamp": "2025-12-11T09:16:08.531952",
  "confusion_matrix": [
    [
      215,
      12
    ],
    [
      28,
      29
    ]
  ],
  "labels": [
    0,
    1
  ]
}