{
  "TP": 6,
  "TN": 59,
  "FP": 92,
  "FN": 8,
  "P": 14,
  "N": 151,
  "Total": 165,
  "Error": 0.6060606060606061,
  "Exactitud": 0.3939393939393939,
  "TP_Rate": 0.42857142857142855,
  "FP_Rate": 0.609271523178808,
  "Precision": 0.061224489795918366,
  "Recall": 0.42857142857142855,
  "Sensibilidad": 0.42857142857142855,
  "Especificidad": 0.39072847682119205,
  "F1_Score": 0.10714285714285714,
  "Accuracy_sklearn": 0.3939393939393939,
  "best_hyperparameters": {
    "C": 100,
    "gamma": 0.001,
    "kernel": "linear"
  },
  "cv_best_score": 0.45,
  "timestamp": "2025-12-12T02:16:07.032304",
  "confusion_matrix": [
    [
      59,
      92
    ],
    [
      8,
      6
    ]
  ]
}