{
  "dataset": "groovy-1_6_BETA_1",
  "balancing_method": "csbboost",
  "scaler_type": "standard",
  "models": {
    "svm": {
      "F1_Score": 0.23529411764705882,
      "Exactitud": 0.9212121212121213,
      "Precision": 0.6666666666666666,
      "Recall": 0.14285714285714285,
      "Sensibilidad": 0.14285714285714285,
      "Especificidad": 0.9933774834437086,
      "Error": 0.07878787878787878,
      "TP_Rate": 0.14285714285714285,
      "FP_Rate": 0.006622516556291391,
      "ROC_AUC": 0.7743614001892147,
      "confusion_matrix": [
        [
          150,
          1
        ],
        [
          12,
          2
        ]
      ]
    },
    "naive_bayes_gaussian": {
      "F1_Score": 0.27586206896551724,
      "Exactitud": 0.8727272727272727,
      "Precision": 0.26666666666666666,
      "Recall": 0.2857142857142857,
      "Sensibilidad": 0.2857142857142857,
      "Especificidad": 0.9271523178807947,
      "Error": 0.12727272727272726,
      "TP_Rate": 0.2857142857142857,
      "FP_Rate": 0.0728476821192053,
      "ROC_AUC": 0.6937086092715232,
      "confusion_matrix": [
        [
          140,
          11
        ],
        [
          10,
          4
        ]
      ]
    },
    "decision_tree": {
      "F1_Score": 0.3076923076923077,
      "Exactitud": 0.8363636363636363,
      "Precision": 0.24,
      "Recall": 0.42857142857142855,
      "Sensibilidad": 0.42857142857142855,
      "Especificidad": 0.8741721854304636,
      "Error": 0.16363636363636364,
      "TP_Rate": 0.42857142857142855,
      "FP_Rate": 0.12582781456953643,
      "ROC_AUC": 0.6513718070009461,
      "confusion_matrix": [
        [
          132,
          19
        ],
        [
          8,
          6
        ]
      ]
    }
  },
  "timestamp": "2025-11-27T19:57:39.715476"
}