{
  "dataset": "groovy-1_6_BETA_1",
  "balancing_method": "csbboost",
  "scaler_type": "standard",
  "models": {
    "svm": {
      "F1_Score": 0.26666666666666666,
      "F2_Score": 0.2777777777777778,
      "Exactitud": 0.8666666666666667,
      "Accuracy": 0.8666666666666667,
      "Balanced_Accuracy": 0.6031220435193945,
      "BER": 0.39687795648060553,
      "MCC": 0.1942141517076882,
      "Precision": 0.25,
      "Recall": 0.2857142857142857,
      "Sensibilidad": 0.2857142857142857,
      "Especificidad": 0.9205298013245033,
      "Error": 0.13333333333333333,
      "TP_Rate": 0.2857142857142857,
      "FP_Rate": 0.07947019867549669,
      "ROC_AUC": 0.7322611163670766,
      "confusion_matrix": [
        [
          139,
          12
        ],
        [
          10,
          4
        ]
      ]
    },
    "naive_bayes_gaussian": {
      "F1_Score": 0.27586206896551724,
      "F2_Score": 0.28169014084507044,
      "Exactitud": 0.8727272727272727,
      "Accuracy": 0.8727272727272727,
      "Balanced_Accuracy": 0.6064333017975402,
      "BER": 0.3935666982024598,
      "MCC": 0.20633303351382223,
      "Precision": 0.26666666666666666,
      "Recall": 0.2857142857142857,
      "Sensibilidad": 0.2857142857142857,
      "Especificidad": 0.9271523178807947,
      "Error": 0.12727272727272726,
      "TP_Rate": 0.2857142857142857,
      "FP_Rate": 0.0728476821192053,
      "ROC_AUC": 0.6937086092715232,
      "confusion_matrix": [
        [
          140,
          11
        ],
        [
          10,
          4
        ]
      ]
    },
    "decision_tree": {
      "F1_Score": 0.42857142857142855,
      "F2_Score": 0.5357142857142857,
      "Exactitud": 0.8545454545454545,
      "Accuracy": 0.8545454545454545,
      "Balanced_Accuracy": 0.7585146641438032,
      "BER": 0.2414853358561968,
      "MCC": 0.38382068061011637,
      "Precision": 0.32142857142857145,
      "Recall": 0.6428571428571429,
      "Sensibilidad": 0.6428571428571429,
      "Especificidad": 0.8741721854304636,
      "Error": 0.14545454545454545,
      "TP_Rate": 0.6428571428571429,
      "FP_Rate": 0.12582781456953643,
      "ROC_AUC": 0.7689214758751183,
      "confusion_matrix": [
        [
          132,
          19
        ],
        [
          5,
          9
        ]
      ]
    }
  },
  "timestamp": "2025-12-11T09:14:26.378988"
}