{
  "dataset": "groovy-1_6_BETA_1",
  "balancing_method": "csbboost",
  "scaler_type": "standard",
  "models": {
    "svm": {
      "F1_Score": 0.26666666666666666,
      "Exactitud": 0.8666666666666667,
      "Precision": 0.25,
      "Recall": 0.2857142857142857,
      "Sensibilidad": 0.2857142857142857,
      "Especificidad": 0.9205298013245033,
      "Error": 0.13333333333333333,
      "TP_Rate": 0.2857142857142857,
      "FP_Rate": 0.07947019867549669,
      "ROC_AUC": 0.7322611163670766,
      "confusion_matrix": [
        [
          139,
          12
        ],
        [
          10,
          4
        ]
      ]
    },
    "naive_bayes_gaussian": {
      "F1_Score": 0.27586206896551724,
      "Exactitud": 0.8727272727272727,
      "Precision": 0.26666666666666666,
      "Recall": 0.2857142857142857,
      "Sensibilidad": 0.2857142857142857,
      "Especificidad": 0.9271523178807947,
      "Error": 0.12727272727272726,
      "TP_Rate": 0.2857142857142857,
      "FP_Rate": 0.0728476821192053,
      "ROC_AUC": 0.6937086092715232,
      "confusion_matrix": [
        [
          140,
          11
        ],
        [
          10,
          4
        ]
      ]
    },
    "decision_tree": {
      "F1_Score": 0.3508771929824561,
      "Exactitud": 0.7757575757575758,
      "Precision": 0.23255813953488372,
      "Recall": 0.7142857142857143,
      "Sensibilidad": 0.7142857142857143,
      "Especificidad": 0.7814569536423841,
      "Error": 0.22424242424242424,
      "TP_Rate": 0.7142857142857143,
      "FP_Rate": 0.2185430463576159,
      "ROC_AUC": 0.7393566698202461,
      "confusion_matrix": [
        [
          118,
          33
        ],
        [
          4,
          10
        ]
      ]
    }
  },
  "timestamp": "2025-11-28T13:31:06.822724"
}