{
  "TP": 2,
  "TN": 150,
  "FP": 1,
  "FN": 12,
  "P": 14,
  "N": 151,
  "Total": 165,
  "Error": 0.07878787878787878,
  "Exactitud": 0.9212121212121213,
  "TP_Rate": 0.14285714285714285,
  "FP_Rate": 0.006622516556291391,
  "Precision": 0.6666666666666666,
  "Recall": 0.14285714285714285,
  "Sensibilidad": 0.14285714285714285,
  "Especificidad": 0.9933774834437086,
  "F1_Score": 0.23529411764705882,
  "Accuracy_sklearn": 0.9212121212121213,
  "ROC_AUC": 0.7743614001892147,
  "PR_AUC": 0.32012099934337973,
  "classification_report": {
    "No-Buggy": {
      "precision": 0.9259259259259259,
      "recall": 0.9933774834437086,
      "f1-score": 0.9584664536741214,
      "support": 151.0
    },
    "Buggy": {
      "precision": 0.6666666666666666,
      "recall": 0.14285714285714285,
      "f1-score": 0.23529411764705882,
      "support": 14.0
    },
    "accuracy": 0.9212121212121213,
    "macro avg": {
      "precision": 0.7962962962962963,
      "recall": 0.5681173131504257,
      "f1-score": 0.5968802856605901,
      "support": 165.0
    },
    "weighted avg": {
      "precision": 0.9039281705948373,
      "recall": 0.9212121212121213,
      "f1-score": 0.8971063766778858,
      "support": 165.0
    }
  },
  "confusion_matrix": [
    [
      150,
      1
    ],
    [
      12,
      2
    ]
  ],
  "training_time_seconds": 0.027498,
  "best_hyperparameters": {
    "C": 10,
    "gamma": 0.1,
    "kernel": "rbf"
  },
  "timestamp": "2025-11-27T19:32:01.648240"
}