{
  "TP": 4,
  "TN": 139,
  "FP": 12,
  "FN": 10,
  "P": 14,
  "N": 151,
  "Total": 165,
  "Error": 0.13333333333333333,
  "Exactitud": 0.8666666666666667,
  "TP_Rate": 0.2857142857142857,
  "FP_Rate": 0.07947019867549669,
  "Precision": 0.25,
  "Recall": 0.2857142857142857,
  "Sensibilidad": 0.2857142857142857,
  "Especificidad": 0.9205298013245033,
  "F1_Score": 0.26666666666666666,
  "Accuracy_sklearn": 0.8666666666666667,
  "ROC_AUC": 0.7322611163670766,
  "PR_AUC": 0.34118328147354876,
  "classification_report": {
    "No-Buggy": {
      "precision": 0.9328859060402684,
      "recall": 0.9205298013245033,
      "f1-score": 0.9266666666666666,
      "support": 151.0
    },
    "Buggy": {
      "precision": 0.25,
      "recall": 0.2857142857142857,
      "f1-score": 0.26666666666666666,
      "support": 14.0
    },
    "accuracy": 0.8666666666666667,
    "macro avg": {
      "precision": 0.5914429530201342,
      "recall": 0.6031220435193945,
      "f1-score": 0.5966666666666667,
      "support": 165.0
    },
    "weighted avg": {
      "precision": 0.8749440715883668,
      "recall": 0.8666666666666667,
      "f1-score": 0.8706666666666667,
      "support": 165.0
    }
  },
  "confusion_matrix": [
    [
      139,
      12
    ],
    [
      10,
      4
    ]
  ],
  "training_time_seconds": 0.005738,
  "best_hyperparameters": {
    "C": 1000,
    "gamma": "auto",
    "kernel": "rbf"
  },
  "timestamp": "2025-11-28T13:31:06.029186"
}