{
  "TP": 35,
  "TN": 422,
  "FP": 42,
  "FN": 42,
  "P": 77,
  "N": 464,
  "Total": 541,
  "Error": 0.15526802218114602,
  "Exactitud": 0.844731977818854,
  "TP_Rate": 0.45454545454545453,
  "FP_Rate": 0.09051724137931035,
  "Precision": 0.45454545454545453,
  "Recall": 0.45454545454545453,
  "Sensibilidad": 0.45454545454545453,
  "Especificidad": 0.9094827586206896,
  "F1_Score": 0.45454545454545453,
  "Accuracy_sklearn": 0.844731977818854,
  "best_hyperparameters": {
    "var_smoothing": 1e-09
  },
  "cv_best_score": 0.46297995242949364,
  "timestamp": "2025-12-12T02:14:43.653680",
  "confusion_matrix": [
    [
      422,
      42
    ],
    [
      42,
      35
    ]
  ]
}