{
  "TP": 4,
  "TN": 309,
  "FP": 18,
  "FN": 22,
  "P": 26,
  "N": 327,
  "Total": 353,
  "Error": 0.11331444759206799,
  "Exactitud": 0.886685552407932,
  "TP_Rate": 0.15384615384615385,
  "FP_Rate": 0.05504587155963303,
  "Precision": 0.18181818181818182,
  "Recall": 0.15384615384615385,
  "Sensibilidad": 0.15384615384615385,
  "Especificidad": 0.944954128440367,
  "F1_Score": 0.16666666666666666,
  "Accuracy_sklearn": 0.886685552407932,
  "best_hyperparameters": {
    "criterion": "entropy",
    "max_depth": 20,
    "min_samples_leaf": 2,
    "min_samples_split": 2
  },
  "cv_best_score": 0.3463636363636364,
  "timestamp": "2025-12-12T02:41:27.953943",
  "confusion_matrix": [
    [
      309,
      18
    ],
    [
      22,
      4
    ]
  ]
}