{
  "TP": 10,
  "TN": 302,
  "FP": 25,
  "FN": 16,
  "P": 26,
  "N": 327,
  "Total": 353,
  "Error": 0.11614730878186968,
  "Exactitud": 0.8838526912181303,
  "TP_Rate": 0.38461538461538464,
  "FP_Rate": 0.0764525993883792,
  "Precision": 0.2857142857142857,
  "Recall": 0.38461538461538464,
  "Sensibilidad": 0.38461538461538464,
  "Especificidad": 0.9235474006116208,
  "F1_Score": 0.32786885245901637,
  "Accuracy_sklearn": 0.8838526912181303,
  "best_hyperparameters": {
    "C": 100,
    "gamma": "scale",
    "kernel": "rbf"
  },
  "cv_best_score": 0.9872233400402415,
  "timestamp": "2025-12-12T02:25:06.833843",
  "confusion_matrix": [
    [
      302,
      25
    ],
    [
      16,
      10
    ]
  ]
}