{
  "TP": 8,
  "TN": 305,
  "FP": 22,
  "FN": 18,
  "P": 26,
  "N": 327,
  "Total": 353,
  "Error": 0.11331444759206799,
  "Exactitud": 0.886685552407932,
  "TP_Rate": 0.3076923076923077,
  "FP_Rate": 0.0672782874617737,
  "Precision": 0.26666666666666666,
  "Recall": 0.3076923076923077,
  "Sensibilidad": 0.3076923076923077,
  "Especificidad": 0.9327217125382263,
  "F1_Score": 0.2857142857142857,
  "Accuracy_sklearn": 0.886685552407932,
  "best_hyperparameters": {
    "var_smoothing": 1e-09
  },
  "cv_best_score": 0.3818181818181818,
  "timestamp": "2025-12-12T02:41:27.949163",
  "confusion_matrix": [
    [
      305,
      22
    ],
    [
      18,
      8
    ]
  ]
}