{
  "TP": 46,
  "TN": 167,
  "FP": 60,
  "FN": 11,
  "P": 57,
  "N": 227,
  "Total": 284,
  "Error": 0.25,
  "Exactitud": 0.75,
  "TP_Rate": 0.8070175438596491,
  "FP_Rate": 0.2643171806167401,
  "Precision": 0.4339622641509434,
  "Recall": 0.8070175438596491,
  "Sensibilidad": 0.8070175438596491,
  "Especificidad": 0.73568281938326,
  "F1_Score": 0.5644171779141104,
  "Accuracy_sklearn": 0.75,
  "best_hyperparameters": {
    "C": 10,
    "gamma": 0.1,
    "kernel": "rbf"
  },
  "cv_best_score": 0.9610588972431078,
  "timestamp": "2025-12-12T02:20:44.591676",
  "confusion_matrix": [
    [
      167,
      60
    ],
    [
      11,
      46
    ]
  ]
}