{
  "TP": 5,
  "TN": 224,
  "FP": 3,
  "FN": 52,
  "P": 57,
  "N": 227,
  "Total": 284,
  "Error": 0.1936619718309859,
  "Exactitud": 0.8063380281690141,
  "TP_Rate": 0.08771929824561403,
  "FP_Rate": 0.013215859030837005,
  "Precision": 0.625,
  "Recall": 0.08771929824561403,
  "Sensibilidad": 0.08771929824561403,
  "Especificidad": 0.986784140969163,
  "F1_Score": 0.15384615384615385,
  "Accuracy_sklearn": 0.8063380281690141,
  "best_hyperparameters": {
    "var_smoothing": 1e-09
  },
  "cv_best_score": 0.11115288220551375,
  "timestamp": "2025-12-12T02:37:50.424935",
  "confusion_matrix": [
    [
      224,
      3
    ],
    [
      52,
      5
    ]
  ]
}