{
  "dataset": "wicket-1.3.0-beta2",
  "balancing_method": "unbalanced",
  "scaler_type": "robust",
  "models": {
    "svm": {
      "F1_Score": 0.1348314606741573,
      "Exactitud": 0.1274787535410765,
      "Precision": 0.07272727272727272,
      "Recall": 0.9230769230769231,
      "Sensibilidad": 0.9230769230769231,
      "Especificidad": 0.06422018348623854,
      "Error": 0.8725212464589235,
      "TP_Rate": 0.9230769230769231,
      "FP_Rate": 0.9357798165137615,
      "ROC_AUC": 0.5035285815102329,
      "confusion_matrix": [
        [
          21,
          306
        ],
        [
          2,
          24
        ]
      ]
    },
    "naive_bayes_gaussian": {
      "F1_Score": 0.32786885245901637,
      "Exactitud": 0.8838526912181303,
      "Precision": 0.2857142857142857,
      "Recall": 0.38461538461538464,
      "Sensibilidad": 0.38461538461538464,
      "Especificidad": 0.9235474006116208,
      "Error": 0.11614730878186968,
      "TP_Rate": 0.38461538461538464,
      "FP_Rate": 0.0764525993883792,
      "ROC_AUC": 0.7694071983062809,
      "confusion_matrix": [
        [
          302,
          25
        ],
        [
          16,
          10
        ]
      ]
    },
    "decision_tree": {
      "F1_Score": 0.23076923076923078,
      "Exactitud": 0.886685552407932,
      "Precision": 0.23076923076923078,
      "Recall": 0.23076923076923078,
      "Sensibilidad": 0.23076923076923078,
      "Especificidad": 0.9388379204892966,
      "Error": 0.11331444759206799,
      "TP_Rate": 0.23076923076923078,
      "FP_Rate": 0.06116207951070336,
      "ROC_AUC": 0.5848035756292637,
      "confusion_matrix": [
        [
          307,
          20
        ],
        [
          20,
          6
        ]
      ]
    }
  },
  "timestamp": "2025-11-28T13:35:17.798686"
}