{
  "dataset": "wicket-1.3.0-beta2",
  "balancing_method": "unbalanced",
  "scaler_type": "robust",
  "models": {
    "svm": {
      "F1_Score": 0.17857142857142858,
      "F2_Score": 0.2631578947368421,
      "Exactitud": 0.7393767705382436,
      "Accuracy": 0.7393767705382436,
      "Balanced_Accuracy": 0.576099741237356,
      "BER": 0.42390025876264403,
      "MCC": 0.09261234260648299,
      "Precision": 0.11627906976744186,
      "Recall": 0.38461538461538464,
      "Sensibilidad": 0.38461538461538464,
      "Especificidad": 0.7675840978593272,
      "Error": 0.26062322946175637,
      "TP_Rate": 0.38461538461538464,
      "FP_Rate": 0.2324159021406728,
      "ROC_AUC": 0.6053869677722888,
      "confusion_matrix": [
        [
          251,
          76
        ],
        [
          16,
          10
        ]
      ]
    },
    "naive_bayes_gaussian": {
      "F1_Score": 0.32786885245901637,
      "F2_Score": 0.3597122302158273,
      "Exactitud": 0.8838526912181303,
      "Accuracy": 0.8838526912181303,
      "Balanced_Accuracy": 0.6540813926135027,
      "BER": 0.34591860738649727,
      "MCC": 0.26933522656212927,
      "Precision": 0.2857142857142857,
      "Recall": 0.38461538461538464,
      "Sensibilidad": 0.38461538461538464,
      "Especificidad": 0.9235474006116208,
      "Error": 0.11614730878186968,
      "TP_Rate": 0.38461538461538464,
      "FP_Rate": 0.0764525993883792,
      "ROC_AUC": 0.7694071983062809,
      "confusion_matrix": [
        [
          302,
          25
        ],
        [
          16,
          10
        ]
      ]
    },
    "decision_tree": {
      "F1_Score": 0.18181818181818182,
      "F2_Score": 0.16393442622950818,
      "Exactitud": 0.8980169971671388,
      "Accuracy": 0.8980169971671388,
      "Balanced_Accuracy": 0.5555163490943307,
      "BER": 0.4444836509056693,
      "MCC": 0.13184169806352883,
      "Precision": 0.2222222222222222,
      "Recall": 0.15384615384615385,
      "Sensibilidad": 0.15384615384615385,
      "Especificidad": 0.9571865443425076,
      "Error": 0.10198300283286119,
      "TP_Rate": 0.15384615384615385,
      "FP_Rate": 0.04281345565749235,
      "ROC_AUC": 0.5662785227005411,
      "confusion_matrix": [
        [
          313,
          14
        ],
        [
          22,
          4
        ]
      ]
    }
  },
  "timestamp": "2025-12-11T09:19:50.314198"
}