{
  "TP": 4,
  "TN": 313,
  "FP": 14,
  "FN": 22,
  "P": 26,
  "N": 327,
  "Total": 353,
  "Error": 0.10198300283286119,
  "Exactitud": 0.8980169971671388,
  "TP_Rate": 0.15384615384615385,
  "FP_Rate": 0.04281345565749235,
  "Precision": 0.2222222222222222,
  "Recall": 0.15384615384615385,
  "Sensibilidad": 0.15384615384615385,
  "Especificidad": 0.9571865443425076,
  "F1_Score": 0.18181818181818182,
  "Accuracy_sklearn": 0.8980169971671388,
  "F2_Score": 0.16393442622950818,
  "Balanced_Accuracy": 0.5555163490943307,
  "BER": 0.4444836509056693,
  "MCC": 0.13184169806352883,
  "Accuracy": 0.8980169971671388,
  "ROC_AUC": 0.5662785227005411,
  "PR_AUC": 0.1597844538196102,
  "classification_report": {
    "No-Buggy": {
      "precision": 0.9343283582089552,
      "recall": 0.9571865443425076,
      "f1-score": 0.945619335347432,
      "support": 327.0
    },
    "Buggy": {
      "precision": 0.2222222222222222,
      "recall": 0.15384615384615385,
      "f1-score": 0.18181818181818182,
      "support": 26.0
    },
    "accuracy": 0.8980169971671388,
    "macro avg": {
      "precision": 0.5782752902155888,
      "recall": 0.5555163490943307,
      "f1-score": 0.563718758582807,
      "support": 353.0
    },
    "weighted avg": {
      "precision": 0.881878614481887,
      "recall": 0.8980169971671388,
      "f1-score": 0.8893620265889037,
      "support": 353.0
    }
  },
  "confusion_matrix": [
    [
      313,
      14
    ],
    [
      22,
      4
    ]
  ],
  "training_time_seconds": 0.010191,
  "best_hyperparameters": {
    "criterion": "entropy",
    "max_depth": 20,
    "min_samples_leaf": 2,
    "min_samples_split": 10
  },
  "timestamp": "2025-12-11T09:19:50.088075"
}