{
  "TP": 6,
  "TN": 307,
  "FP": 20,
  "FN": 20,
  "P": 26,
  "N": 327,
  "Total": 353,
  "Error": 0.11331444759206799,
  "Exactitud": 0.886685552407932,
  "TP_Rate": 0.23076923076923078,
  "FP_Rate": 0.06116207951070336,
  "Precision": 0.23076923076923078,
  "Recall": 0.23076923076923078,
  "Sensibilidad": 0.23076923076923078,
  "Especificidad": 0.9388379204892966,
  "F1_Score": 0.23076923076923078,
  "Accuracy_sklearn": 0.886685552407932,
  "ROC_AUC": 0.5848035756292637,
  "PR_AUC": 0.2590978426672478,
  "classification_report": {
    "No-Buggy": {
      "precision": 0.9388379204892966,
      "recall": 0.9388379204892966,
      "f1-score": 0.9388379204892966,
      "support": 327.0
    },
    "Buggy": {
      "precision": 0.23076923076923078,
      "recall": 0.23076923076923078,
      "f1-score": 0.23076923076923078,
      "support": 26.0
    },
    "accuracy": 0.886685552407932,
    "macro avg": {
      "precision": 0.5848035756292637,
      "recall": 0.5848035756292637,
      "f1-score": 0.5848035756292637,
      "support": 353.0
    },
    "weighted avg": {
      "precision": 0.886685552407932,
      "recall": 0.886685552407932,
      "f1-score": 0.886685552407932,
      "support": 353.0
    }
  },
  "confusion_matrix": [
    [
      307,
      20
    ],
    [
      20,
      6
    ]
  ],
  "training_time_seconds": 0.01848,
  "best_hyperparameters": {
    "criterion": "gini",
    "max_depth": 20,
    "min_samples_leaf": 1,
    "min_samples_split": 2
  },
  "timestamp": "2025-11-28T13:35:17.538226"
}