{
  "TP": 10,
  "TN": 251,
  "FP": 76,
  "FN": 16,
  "P": 26,
  "N": 327,
  "Total": 353,
  "Error": 0.26062322946175637,
  "Exactitud": 0.7393767705382436,
  "TP_Rate": 0.38461538461538464,
  "FP_Rate": 0.2324159021406728,
  "Precision": 0.11627906976744186,
  "Recall": 0.38461538461538464,
  "Sensibilidad": 0.38461538461538464,
  "Especificidad": 0.7675840978593272,
  "F1_Score": 0.17857142857142858,
  "Accuracy_sklearn": 0.7393767705382436,
  "F2_Score": 0.2631578947368421,
  "Balanced_Accuracy": 0.576099741237356,
  "BER": 0.42390025876264403,
  "MCC": 0.09261234260648299,
  "Accuracy": 0.7393767705382436,
  "ROC_AUC": 0.6053869677722888,
  "PR_AUC": 0.12672053677905332,
  "classification_report": {
    "No-Buggy": {
      "precision": 0.9400749063670412,
      "recall": 0.7675840978593272,
      "f1-score": 0.8451178451178452,
      "support": 327.0
    },
    "Buggy": {
      "precision": 0.11627906976744186,
      "recall": 0.38461538461538464,
      "f1-score": 0.17857142857142858,
      "support": 26.0
    },
    "accuracy": 0.7393767705382436,
    "macro avg": {
      "precision": 0.5281769880672416,
      "recall": 0.576099741237356,
      "f1-score": 0.5118446368446369,
      "support": 353.0
    },
    "weighted avg": {
      "precision": 0.8793987257676372,
      "recall": 0.7393767705382436,
      "f1-score": 0.796023774777316,
      "support": 353.0
    }
  },
  "confusion_matrix": [
    [
      251,
      76
    ],
    [
      16,
      10
    ]
  ],
  "training_time_seconds": 0.025577,
  "best_hyperparameters": {
    "C": 10,
    "gamma": 0.001,
    "kernel": "linear"
  },
  "timestamp": "2025-12-11T09:19:49.598642"
}