{
  "best_params": {
    "criterion": "entropy",
    "max_depth": 20,
    "min_samples_leaf": 1,
    "min_samples_split": 2
  },
  "best_cv_score": 0.8242501387777827,
  "test_metrics": {
    "accuracy": 0.7924528301886793,
    "precision": 0.5,
    "recall": 0.5909090909090909,
    "f1_score": 0.5416666666666666
  },
  "timestamp": "2025-11-27T19:58:10.817999"
}