{
  "best_params": {
    "criterion": "gini",
    "max_depth": 10,
    "min_samples_leaf": 1,
    "min_samples_split": 2
  },
  "best_cv_score": 0.8745847176079735,
  "test_metrics": {
    "accuracy": 0.7547169811320755,
    "precision": 0.43103448275862066,
    "recall": 0.5681818181818182,
    "f1_score": 0.49019607843137253
  },
  "timestamp": "2025-12-12T02:17:24.564749",
  "cv_folds": 10,
  "n_combinations_tested": 160,
  "total_fits": 1600,
  "time_seconds": 4.450522,
  "dataset_info": {
    "n_samples": 846,
    "n_features": 65
  }
}