{
  "best_params": {
    "criterion": "gini",
    "max_depth": 10,
    "min_samples_leaf": 1,
    "min_samples_split": 2
  },
  "best_cv_score": 0.85951347513829,
  "test_metrics": {
    "accuracy": 0.7547169811320755,
    "precision": 0.43103448275862066,
    "recall": 0.5681818181818182,
    "f1_score": 0.49019607843137253,
    "f2_score": 0.5341880341880342
  },
  "timestamp": "2025-12-11T09:15:24.284140",
  "confusion_matrix": [
    [
      135,
      33
    ],
    [
      19,
      25
    ]
  ],
  "labels": [
    0,
    1
  ]
}