{
  "best_params": {
    "C": 0.01,
    "gamma": 0.1,
    "kernel": "rbf"
  },
  "best_cv_score": 0.9503546099290779,
  "test_metrics": {
    "accuracy": 0.36792452830188677,
    "precision": 0.23837209302325582,
    "recall": 0.9318181818181818,
    "f1_score": 0.37962962962962965
  },
  "timestamp": "2025-11-28T13:31:51.240385"
}