{
  "best_params": {
    "C": 100,
    "gamma": 0.01,
    "kernel": "rbf"
  },
  "best_cv_score": 0.82856975802861,
  "test_metrics": {
    "accuracy": 0.7641509433962265,
    "precision": 0.45588235294117646,
    "recall": 0.7045454545454546,
    "f1_score": 0.5535714285714286
  },
  "timestamp": "2025-11-27T19:32:32.376832"
}