{
  "best_params": {
    "C": 0.1,
    "gamma": 0.1,
    "kernel": "rbf"
  },
  "best_cv_score": 0.9552048726467331,
  "test_metrics": {
    "accuracy": 0.41037735849056606,
    "precision": 0.2484472049689441,
    "recall": 0.9090909090909091,
    "f1_score": 0.3902439024390244
  },
  "timestamp": "2025-12-12T02:17:33.862975",
  "cv_folds": 10,
  "n_combinations_tested": 72,
  "total_fits": 720,
  "time_seconds": 13.749985,
  "dataset_info": {
    "n_samples": 846,
    "n_features": 65
  }
}