{
  "best_params": {
    "C": 100,
    "gamma": "auto",
    "kernel": "rbf"
  },
  "best_cv_score": 0.8998755252738558,
  "test_metrics": {
    "accuracy": 0.7735849056603774,
    "precision": 0.4696969696969697,
    "recall": 0.7045454545454546,
    "f1_score": 0.5636363636363636,
    "f2_score": 0.640495867768595
  },
  "timestamp": "2025-12-11T09:15:23.895835",
  "confusion_matrix": [
    [
      133,
      35
    ],
    [
      13,
      31
    ]
  ],
  "labels": [
    0,
    1
  ]
}