{
  "best_params": {
    "criterion": "gini",
    "max_depth": 10,
    "min_samples_leaf": 1,
    "min_samples_split": 5
  },
  "best_cv_score": 0.9177304964539008,
  "test_metrics": {
    "accuracy": 0.8215297450424929,
    "precision": 0.17543859649122806,
    "recall": 0.38461538461538464,
    "f1_score": 0.24096385542168675
  },
  "timestamp": "2025-11-28T13:35:14.962709"
}