{
  "best_params": {
    "criterion": "gini",
    "max_depth": 10,
    "min_samples_leaf": 1,
    "min_samples_split": 2
  },
  "best_cv_score": 0.9347686116700201,
  "test_metrics": {
    "accuracy": 0.8186968838526912,
    "precision": 0.1724137931034483,
    "recall": 0.38461538461538464,
    "f1_score": 0.23809523809523808
  },
  "timestamp": "2025-12-12T02:24:48.867068",
  "cv_folds": 10,
  "n_combinations_tested": 160,
  "total_fits": 1600,
  "time_seconds": 4.963954,
  "dataset_info": {
    "n_samples": 1410,
    "n_features": 65
  }
}