{
  "best_params": {
    "var_smoothing": 1e-06
  },
  "best_cv_score": 0.5700978170692524,
  "test_metrics": {
    "accuracy": 0.8753541076487252,
    "precision": 0.2631578947368421,
    "recall": 0.38461538461538464,
    "f1_score": 0.3125
  },
  "timestamp": "2025-11-27T20:00:45.759547"
}