{
  "best_params": {
    "var_smoothing": 1e-09
  },
  "best_cv_score": 0.4750191996501208,
  "test_metrics": {
    "accuracy": 0.8810198300283286,
    "precision": 0.2894736842105263,
    "recall": 0.4230769230769231,
    "f1_score": 0.34375,
    "f2_score": 0.3873239436619718
  },
  "timestamp": "2025-12-11T09:19:43.762203",
  "confusion_matrix": [
    [
      300,
      27
    ],
    [
      15,
      11
    ]
  ],
  "labels": [
    0,
    1
  ]
}