{
  "best_params": {
    "C": 1,
    "gamma": 0.1,
    "kernel": "rbf"
  },
  "best_cv_score": 0.9531124415639022,
  "test_metrics": {
    "accuracy": 0.8328611898016998,
    "precision": 0.2,
    "recall": 0.4230769230769231,
    "f1_score": 0.2716049382716049,
    "f2_score": 0.34591194968553457
  },
  "timestamp": "2025-12-11T09:19:47.721989",
  "confusion_matrix": [
    [
      283,
      44
    ],
    [
      15,
      11
    ]
  ],
  "labels": [
    0,
    1
  ]
}