{
  "best_params": {
    "C": 10,
    "gamma": "auto",
    "kernel": "rbf"
  },
  "best_cv_score": 0.9253418592095947,
  "test_metrics": {
    "accuracy": 0.8810198300283286,
    "precision": 0.2777777777777778,
    "recall": 0.38461538461538464,
    "f1_score": 0.3225806451612903
  },
  "timestamp": "2025-11-27T20:00:46.732243"
}