{
  "best_params": {
    "C": 1,
    "gamma": 0.1,
    "kernel": "rbf"
  },
  "best_cv_score": 0.9801810865191147,
  "test_metrics": {
    "accuracy": 0.8328611898016998,
    "precision": 0.2,
    "recall": 0.4230769230769231,
    "f1_score": 0.2716049382716049
  },
  "timestamp": "2025-12-12T02:25:06.190705",
  "cv_folds": 10,
  "n_combinations_tested": 72,
  "total_fits": 720,
  "time_seconds": 22.28912,
  "dataset_info": {
    "n_samples": 1410,
    "n_features": 65
  }
}