{
  "best_params": {
    "C": 0.01,
    "gamma": 1,
    "kernel": "rbf"
  },
  "best_cv_score": 1.0,
  "test_metrics": {
    "accuracy": 0.16997167138810199,
    "precision": 0.07886435331230283,
    "recall": 0.9615384615384616,
    "f1_score": 0.1457725947521866
  },
  "timestamp": "2025-11-28T13:35:14.928926"
}