{
  "TP": 42,
  "TN": 51,
  "FP": 117,
  "FN": 2,
  "P": 44,
  "N": 168,
  "Total": 212,
  "Error": 0.5613207547169812,
  "Exactitud": 0.4386792452830189,
  "TP_Rate": 0.9545454545454546,
  "FP_Rate": 0.6964285714285714,
  "Precision": 0.2641509433962264,
  "Recall": 0.9545454545454546,
  "Sensibilidad": 0.9545454545454546,
  "Especificidad": 0.30357142857142855,
  "F1_Score": 0.41379310344827586,
  "Accuracy_sklearn": 0.4386792452830189,
  "best_hyperparameters": {
    "C": 0.1,
    "gamma": 1,
    "kernel": "rbf"
  },
  "cv_best_score": 0.9431893687707641,
  "timestamp": "2025-12-12T02:35:44.945871",
  "confusion_matrix": [
    [
      51,
      117
    ],
    [
      2,
      42
    ]
  ]
}