{
  "TP": 12,
  "TN": 121,
  "FP": 9,
  "FN": 5,
  "P": 17,
  "N": 130,
  "Total": 147,
  "Error": 0.09523809523809523,
  "Exactitud": 0.9047619047619048,
  "TP_Rate": 0.7058823529411765,
  "FP_Rate": 0.06923076923076923,
  "Precision": 0.5714285714285714,
  "Recall": 0.7058823529411765,
  "Sensibilidad": 0.7058823529411765,
  "Especificidad": 0.9307692307692308,
  "F1_Score": 0.631578947368421,
  "Accuracy_sklearn": 0.9047619047619048,
  "best_hyperparameters": {
    "var_smoothing": 1e-09
  },
  "cv_best_score": 0.6542528735632185,
  "timestamp": "2025-12-12T02:38:53.772291",
  "confusion_matrix": [
    [
      121,
      9
    ],
    [
      5,
      12
    ]
  ]
}