{
  "best_params": {
    "criterion": "gini",
    "max_depth": 20,
    "min_samples_leaf": 2,
    "min_samples_split": 5
  },
  "best_cv_score": 0.39802907313159885,
  "test_metrics": {
    "accuracy": 0.8539741219963032,
    "precision": 0.48484848484848486,
    "recall": 0.4155844155844156,
    "f1_score": 0.44755244755244755,
    "f2_score": 0.42780748663101603
  },
  "timestamp": "2025-12-11T09:11:34.813437",
  "confusion_matrix": [
    [
      430,
      34
    ],
    [
      45,
      32
    ]
  ],
  "labels": [
    0,
    1
  ]
}