{
  "best_params": {
    "var_smoothing": 1e-09
  },
  "best_cv_score": 0.45381413773975865,
  "test_metrics": {
    "accuracy": 0.8465804066543438,
    "precision": 0.453125,
    "recall": 0.37662337662337664,
    "f1_score": 0.41134751773049644,
    "f2_score": 0.3897849462365591
  },
  "timestamp": "2025-12-11T09:11:28.846378",
  "confusion_matrix": [
    [
      429,
      35
    ],
    [
      48,
      29
    ]
  ],
  "labels": [
    0,
    1
  ]
}