{
  "best_params": {
    "var_smoothing": 1e-09
  },
  "best_cv_score": 0.45424836601307184,
  "test_metrics": {
    "accuracy": 0.8465804066543438,
    "precision": 0.453125,
    "recall": 0.37662337662337664,
    "f1_score": 0.41134751773049644
  },
  "timestamp": "2025-11-28T13:29:03.459234"
}