{
  "best_params": {
    "var_smoothing": 1e-09
  },
  "best_cv_score": 0.4506451612903225,
  "test_metrics": {
    "accuracy": 0.8465804066543438,
    "precision": 0.453125,
    "recall": 0.37662337662337664,
    "f1_score": 0.41134751773049644
  },
  "timestamp": "2025-12-12T02:08:46.242587",
  "cv_folds": 10,
  "n_combinations_tested": 6,
  "total_fits": 60,
  "time_seconds": 2.892778,
  "dataset_info": {
    "n_samples": 2164,
    "n_features": 65
  }
}