{
  "best_params": {
    "C": 100,
    "gamma": 0.001,
    "kernel": "linear"
  },
  "best_cv_score": 0.48741935483870974,
  "test_metrics": {
    "accuracy": 0.7079482439926063,
    "precision": 0.18604651162790697,
    "recall": 0.3116883116883117,
    "f1_score": 0.23300970873786409
  },
  "timestamp": "2025-12-12T02:09:17.712613",
  "cv_folds": 10,
  "n_combinations_tested": 72,
  "total_fits": 720,
  "time_seconds": 34.364368,
  "dataset_info": {
    "n_samples": 2164,
    "n_features": 65
  }
}