{
  "best_params": {
    "C": 1000,
    "gamma": 0.01,
    "kernel": "rbf"
  },
  "best_cv_score": 0.36442844470346103,
  "test_metrics": {
    "accuracy": 0.8465804066543438,
    "precision": 0.45,
    "recall": 0.35064935064935066,
    "f1_score": 0.39416058394160586,
    "f2_score": 0.36684782608695654
  },
  "timestamp": "2025-12-11T09:11:34.982307",
  "confusion_matrix": [
    [
      431,
      33
    ],
    [
      50,
      27
    ]
  ],
  "labels": [
    0,
    1
  ]
}