{
  "best_params": {
    "C": 10,
    "gamma": 0.001,
    "kernel": "linear"
  },
  "best_cv_score": 0.44771241830065356,
  "test_metrics": {
    "accuracy": 0.7356746765249538,
    "precision": 0.2537313432835821,
    "recall": 0.44155844155844154,
    "f1_score": 0.3222748815165877
  },
  "timestamp": "2025-11-28T13:29:04.969639"
}