{
  "TP": 10,
  "TN": 114,
  "FP": 16,
  "FN": 7,
  "P": 17,
  "N": 130,
  "Total": 147,
  "Error": 0.1564625850340136,
  "Exactitud": 0.8435374149659864,
  "TP_Rate": 0.5882352941176471,
  "FP_Rate": 0.12307692307692308,
  "Precision": 0.38461538461538464,
  "Recall": 0.5882352941176471,
  "Sensibilidad": 0.5882352941176471,
  "Especificidad": 0.8769230769230769,
  "F1_Score": 0.46511627906976744,
  "Accuracy_sklearn": 0.8435374149659864,
  "best_hyperparameters": {
    "criterion": "entropy",
    "max_depth": 20,
    "min_samples_leaf": 1,
    "min_samples_split": 2
  },
  "cv_best_score": 0.9350574712643678,
  "timestamp": "2025-12-12T02:38:53.757984",
  "confusion_matrix": [
    [
      114,
      16
    ],
    [
      7,
      10
    ]
  ]
}