{
  "TP": 30,
  "TN": 429,
  "FP": 35,
  "FN": 47,
  "P": 77,
  "N": 464,
  "Total": 541,
  "Error": 0.15157116451016636,
  "Exactitud": 0.8484288354898336,
  "TP_Rate": 0.38961038961038963,
  "FP_Rate": 0.07543103448275862,
  "Precision": 0.46153846153846156,
  "Recall": 0.38961038961038963,
  "Sensibilidad": 0.38961038961038963,
  "Especificidad": 0.9245689655172413,
  "F1_Score": 0.4225352112676056,
  "Accuracy_sklearn": 0.8484288354898336,
  "best_hyperparameters": {
    "var_smoothing": 1e-09
  },
  "cv_best_score": 0.3844971117906898,
  "timestamp": "2025-12-12T02:33:04.572480",
  "confusion_matrix": [
    [
      429,
      35
    ],
    [
      47,
      30
    ]
  ]
}