{
  "TP": 34,
  "TN": 185,
  "FP": 42,
  "FN": 23,
  "P": 57,
  "N": 227,
  "Total": 284,
  "Error": 0.22887323943661972,
  "Exactitud": 0.7711267605633803,
  "TP_Rate": 0.5964912280701754,
  "FP_Rate": 0.18502202643171806,
  "Precision": 0.4473684210526316,
  "Recall": 0.5964912280701754,
  "Sensibilidad": 0.5964912280701754,
  "Especificidad": 0.8149779735682819,
  "F1_Score": 0.5112781954887218,
  "Accuracy_sklearn": 0.7711267605633803,
  "best_hyperparameters": {
    "C": 100,
    "gamma": 1,
    "kernel": "rbf"
  },
  "cv_best_score": 0.8617167919799499,
  "timestamp": "2025-12-12T02:37:50.356665",
  "confusion_matrix": [
    [
      185,
      42
    ],
    [
      23,
      34
    ]
  ]
}