{
  "TP": 17,
  "TN": 148,
  "FP": 20,
  "FN": 27,
  "P": 44,
  "N": 168,
  "Total": 212,
  "Error": 0.22169811320754718,
  "Exactitud": 0.7783018867924528,
  "TP_Rate": 0.38636363636363635,
  "FP_Rate": 0.11904761904761904,
  "Precision": 0.4594594594594595,
  "Recall": 0.38636363636363635,
  "Sensibilidad": 0.38636363636363635,
  "Especificidad": 0.8809523809523809,
  "F1_Score": 0.41975308641975306,
  "Accuracy_sklearn": 0.7783018867924528,
  "best_hyperparameters": {
    "var_smoothing": 1e-09
  },
  "cv_best_score": 0.4679955703211517,
  "timestamp": "2025-12-12T02:35:44.950900",
  "confusion_matrix": [
    [
      148,
      20
    ],
    [
      27,
      17
    ]
  ]
}