{
  "best_params": {
    "criterion": "entropy",
    "max_depth": 10,
    "min_samples_leaf": 1,
    "min_samples_split": 2
  },
  "best_cv_score": 0.9135010060362173,
  "test_metrics": {
    "accuracy": 0.8611898016997167,
    "precision": 0.2553191489361702,
    "recall": 0.46153846153846156,
    "f1_score": 0.3287671232876712
  },
  "timestamp": "2025-12-12T02:39:46.297742",
  "cv_folds": 10,
  "n_combinations_tested": 160,
  "total_fits": 1600,
  "time_seconds": 4.160276,
  "dataset_info": {
    "n_samples": 1410,
    "n_features": 20
  }
}