{
  "best_params": {
    "var_smoothing": 0.0001
  },
  "best_cv_score": 0.5375653923541248,
  "test_metrics": {
    "accuracy": 0.8555240793201133,
    "precision": 0.20930232558139536,
    "recall": 0.34615384615384615,
    "f1_score": 0.2608695652173913
  },
  "timestamp": "2025-12-12T02:39:44.855130",
  "cv_folds": 10,
  "n_combinations_tested": 6,
  "total_fits": 60,
  "time_seconds": 2.717913,
  "dataset_info": {
    "n_samples": 1410,
    "n_features": 20
  }
}