{
  "dataset": "hbase-0.94.0",
  "balancing_method": "hcbou",
  "scaler_type": "robust",
  "models": {
    "svm": {
      "F1_Score": 0.37962962962962965,
      "Exactitud": 0.36792452830188677,
      "Precision": 0.23837209302325582,
      "Recall": 0.9318181818181818,
      "Sensibilidad": 0.9318181818181818,
      "Especificidad": 0.22023809523809523,
      "Error": 0.6320754716981132,
      "TP_Rate": 0.9318181818181818,
      "FP_Rate": 0.7797619047619048,
      "ROC_AUC": 0.7118506493506492,
      "confusion_matrix": [
        [
          37,
          131
        ],
        [
          3,
          41
        ]
      ]
    },
    "naive_bayes_gaussian": {
      "F1_Score": 0.34509803921568627,
      "Exactitud": 0.21226415094339623,
      "Precision": 0.20853080568720378,
      "Recall": 1.0,
      "Sensibilidad": 1.0,
      "Especificidad": 0.005952380952380952,
      "Error": 0.7877358490566038,
      "TP_Rate": 1.0,
      "FP_Rate": 0.9940476190476191,
      "ROC_AUC": 0.723349567099567,
      "confusion_matrix": [
        [
          1,
          167
        ],
        [
          0,
          44
        ]
      ]
    },
    "decision_tree": {
      "F1_Score": 0.6153846153846154,
      "Exactitud": 0.8113207547169812,
      "Precision": 0.5333333333333333,
      "Recall": 0.7272727272727273,
      "Sensibilidad": 0.7272727272727273,
      "Especificidad": 0.8333333333333334,
      "Error": 0.18867924528301888,
      "TP_Rate": 0.7272727272727273,
      "FP_Rate": 0.16666666666666666,
      "ROC_AUC": 0.8098620129870129,
      "confusion_matrix": [
        [
          140,
          28
        ],
        [
          12,
          32
        ]
      ]
    }
  },
  "timestamp": "2025-11-28T13:32:10.951066"
}