{
  "dataset": "hbase-0.94.0",
  "balancing_method": "hcbou",
  "scaler_type": "robust",
  "models": {
    "svm": {
      "F1_Score": 0.5636363636363636,
      "F2_Score": 0.640495867768595,
      "Exactitud": 0.7735849056603774,
      "Accuracy": 0.7735849056603774,
      "Balanced_Accuracy": 0.7481060606060606,
      "BER": 0.25189393939393945,
      "MCC": 0.43461023756166406,
      "Precision": 0.4696969696969697,
      "Recall": 0.7045454545454546,
      "Sensibilidad": 0.7045454545454546,
      "Especificidad": 0.7916666666666666,
      "Error": 0.22641509433962265,
      "TP_Rate": 0.7045454545454546,
      "FP_Rate": 0.20833333333333334,
      "ROC_AUC": 0.817775974025974,
      "confusion_matrix": [
        [
          133,
          35
        ],
        [
          13,
          31
        ]
      ]
    },
    "naive_bayes_gaussian": {
      "F1_Score": 0.34509803921568627,
      "F2_Score": 0.5684754521963824,
      "Exactitud": 0.21226415094339623,
      "Accuracy": 0.21226415094339623,
      "Balanced_Accuracy": 0.5029761904761905,
      "BER": 0.49702380952380953,
      "MCC": 0.03523144612071956,
      "Precision": 0.20853080568720378,
      "Recall": 1.0,
      "Sensibilidad": 1.0,
      "Especificidad": 0.005952380952380952,
      "Error": 0.7877358490566038,
      "TP_Rate": 1.0,
      "FP_Rate": 0.9940476190476191,
      "ROC_AUC": 0.723349567099567,
      "confusion_matrix": [
        [
          1,
          167
        ],
        [
          0,
          44
        ]
      ]
    },
    "decision_tree": {
      "F1_Score": 0.49019607843137253,
      "F2_Score": 0.5341880341880342,
      "Exactitud": 0.7547169811320755,
      "Accuracy": 0.7547169811320755,
      "Balanced_Accuracy": 0.6858766233766234,
      "BER": 0.31412337662337664,
      "MCC": 0.33819049086929004,
      "Precision": 0.43103448275862066,
      "Recall": 0.5681818181818182,
      "Sensibilidad": 0.5681818181818182,
      "Especificidad": 0.8035714285714286,
      "Error": 0.24528301886792453,
      "TP_Rate": 0.5681818181818182,
      "FP_Rate": 0.19642857142857142,
      "ROC_AUC": 0.6589556277056277,
      "confusion_matrix": [
        [
          135,
          33
        ],
        [
          19,
          25
        ]
      ]
    }
  },
  "timestamp": "2025-12-11T09:15:48.484563"
}