{
  "TP": 25,
  "TN": 135,
  "FP": 33,
  "FN": 19,
  "P": 44,
  "N": 168,
  "Total": 212,
  "Error": 0.24528301886792453,
  "Exactitud": 0.7547169811320755,
  "TP_Rate": 0.5681818181818182,
  "FP_Rate": 0.19642857142857142,
  "Precision": 0.43103448275862066,
  "Recall": 0.5681818181818182,
  "Sensibilidad": 0.5681818181818182,
  "Especificidad": 0.8035714285714286,
  "F1_Score": 0.49019607843137253,
  "Accuracy_sklearn": 0.7547169811320755,
  "F2_Score": 0.5341880341880342,
  "Balanced_Accuracy": 0.6858766233766234,
  "BER": 0.31412337662337664,
  "MCC": 0.33819049086929004,
  "Accuracy": 0.7547169811320755,
  "ROC_AUC": 0.6589556277056277,
  "PR_AUC": 0.2866013856504988,
  "classification_report": {
    "No-Buggy": {
      "precision": 0.8766233766233766,
      "recall": 0.8035714285714286,
      "f1-score": 0.8385093167701864,
      "support": 168.0
    },
    "Buggy": {
      "precision": 0.43103448275862066,
      "recall": 0.5681818181818182,
      "f1-score": 0.49019607843137253,
      "support": 44.0
    },
    "accuracy": 0.7547169811320755,
    "macro avg": {
      "precision": 0.6538289296909987,
      "recall": 0.6858766233766234,
      "f1-score": 0.6643526976007794,
      "support": 212.0
    },
    "weighted avg": {
      "precision": 0.7841426628023895,
      "recall": 0.7547169811320755,
      "f1-score": 0.7662178899451495,
      "support": 212.0
    }
  },
  "confusion_matrix": [
    [
      135,
      33
    ],
    [
      19,
      25
    ]
  ],
  "training_time_seconds": 0.012327,
  "best_hyperparameters": {
    "criterion": "gini",
    "max_depth": 10,
    "min_samples_leaf": 1,
    "min_samples_split": 2
  },
  "timestamp": "2025-12-11T09:15:48.257838"
}