{
  "TP": 32,
  "TN": 140,
  "FP": 28,
  "FN": 12,
  "P": 44,
  "N": 168,
  "Total": 212,
  "Error": 0.18867924528301888,
  "Exactitud": 0.8113207547169812,
  "TP_Rate": 0.7272727272727273,
  "FP_Rate": 0.16666666666666666,
  "Precision": 0.5333333333333333,
  "Recall": 0.7272727272727273,
  "Sensibilidad": 0.7272727272727273,
  "Especificidad": 0.8333333333333334,
  "F1_Score": 0.6153846153846154,
  "Accuracy_sklearn": 0.8113207547169812,
  "ROC_AUC": 0.8098620129870129,
  "PR_AUC": 0.5663692246140519,
  "classification_report": {
    "No-Buggy": {
      "precision": 0.9210526315789473,
      "recall": 0.8333333333333334,
      "f1-score": 0.875,
      "support": 168.0
    },
    "Buggy": {
      "precision": 0.5333333333333333,
      "recall": 0.7272727272727273,
      "f1-score": 0.6153846153846154,
      "support": 44.0
    },
    "accuracy": 0.8113207547169812,
    "macro avg": {
      "precision": 0.7271929824561403,
      "recall": 0.7803030303030303,
      "f1-score": 0.7451923076923077,
      "support": 212.0
    },
    "weighted avg": {
      "precision": 0.8405825885468388,
      "recall": 0.8113207547169812,
      "f1-score": 0.8211175616835995,
      "support": 212.0
    }
  },
  "confusion_matrix": [
    [
      140,
      28
    ],
    [
      12,
      32
    ]
  ],
  "training_time_seconds": 0.008045,
  "best_hyperparameters": {
    "criterion": "entropy",
    "max_depth": 5,
    "min_samples_leaf": 1,
    "min_samples_split": 5
  },
  "timestamp": "2025-11-28T13:32:10.694189"
}