{
  "TP": 31,
  "TN": 133,
  "FP": 35,
  "FN": 13,
  "P": 44,
  "N": 168,
  "Total": 212,
  "Error": 0.22641509433962265,
  "Exactitud": 0.7735849056603774,
  "TP_Rate": 0.7045454545454546,
  "FP_Rate": 0.20833333333333334,
  "Precision": 0.4696969696969697,
  "Recall": 0.7045454545454546,
  "Sensibilidad": 0.7045454545454546,
  "Especificidad": 0.7916666666666666,
  "F1_Score": 0.5636363636363636,
  "Accuracy_sklearn": 0.7735849056603774,
  "F2_Score": 0.640495867768595,
  "Balanced_Accuracy": 0.7481060606060606,
  "BER": 0.25189393939393945,
  "MCC": 0.43461023756166406,
  "Accuracy": 0.7735849056603774,
  "ROC_AUC": 0.817775974025974,
  "PR_AUC": 0.6301079266767704,
  "classification_report": {
    "No-Buggy": {
      "precision": 0.910958904109589,
      "recall": 0.7916666666666666,
      "f1-score": 0.8471337579617835,
      "support": 168.0
    },
    "Buggy": {
      "precision": 0.4696969696969697,
      "recall": 0.7045454545454546,
      "f1-score": 0.5636363636363636,
      "support": 44.0
    },
    "accuracy": 0.7735849056603774,
    "macro avg": {
      "precision": 0.6903279369032793,
      "recall": 0.7481060606060606,
      "f1-score": 0.7053850607990735,
      "support": 212.0
    },
    "weighted avg": {
      "precision": 0.8193762384767812,
      "recall": 0.7735849056603774,
      "f1-score": 0.7882946761206587,
      "support": 212.0
    }
  },
  "confusion_matrix": [
    [
      133,
      35
    ],
    [
      13,
      31
    ]
  ],
  "training_time_seconds": 0.015042,
  "best_hyperparameters": {
    "C": 100,
    "gamma": "auto",
    "kernel": "rbf"
  },
  "timestamp": "2025-12-11T09:15:47.768306"
}