{
  "TP": 31,
  "TN": 131,
  "FP": 37,
  "FN": 13,
  "P": 44,
  "N": 168,
  "Total": 212,
  "Error": 0.2358490566037736,
  "Exactitud": 0.7641509433962265,
  "TP_Rate": 0.7045454545454546,
  "FP_Rate": 0.22023809523809523,
  "Precision": 0.45588235294117646,
  "Recall": 0.7045454545454546,
  "Sensibilidad": 0.7045454545454546,
  "Especificidad": 0.7797619047619048,
  "F1_Score": 0.5535714285714286,
  "Accuracy_sklearn": 0.7641509433962265,
  "ROC_AUC": 0.8005952380952381,
  "PR_AUC": 0.552865176225076,
  "classification_report": {
    "No-Buggy": {
      "precision": 0.9097222222222222,
      "recall": 0.7797619047619048,
      "f1-score": 0.8397435897435898,
      "support": 168.0
    },
    "Buggy": {
      "precision": 0.45588235294117646,
      "recall": 0.7045454545454546,
      "f1-score": 0.5535714285714286,
      "support": 44.0
    },
    "accuracy": 0.7641509433962265,
    "macro avg": {
      "precision": 0.6828022875816994,
      "recall": 0.7421536796536796,
      "f1-score": 0.6966575091575091,
      "support": 212.0
    },
    "weighted avg": {
      "precision": 0.8155290418054014,
      "recall": 0.7641509433962265,
      "f1-score": 0.7803493676135185,
      "support": 212.0
    }
  },
  "confusion_matrix": [
    [
      131,
      37
    ],
    [
      13,
      31
    ]
  ],
  "training_time_seconds": 0.077819,
  "best_hyperparameters": {
    "C": 100,
    "gamma": 0.01,
    "kernel": "rbf"
  },
  "timestamp": "2025-11-27T19:58:27.931847"
}