{
  "TP": 41,
  "TN": 37,
  "FP": 131,
  "FN": 3,
  "P": 44,
  "N": 168,
  "Total": 212,
  "Error": 0.6320754716981132,
  "Exactitud": 0.36792452830188677,
  "TP_Rate": 0.9318181818181818,
  "FP_Rate": 0.7797619047619048,
  "Precision": 0.23837209302325582,
  "Recall": 0.9318181818181818,
  "Sensibilidad": 0.9318181818181818,
  "Especificidad": 0.22023809523809523,
  "F1_Score": 0.37962962962962965,
  "Accuracy_sklearn": 0.36792452830188677,
  "ROC_AUC": 0.7118506493506492,
  "PR_AUC": 0.4454347765000659,
  "classification_report": {
    "No-Buggy": {
      "precision": 0.925,
      "recall": 0.22023809523809523,
      "f1-score": 0.3557692307692308,
      "support": 168.0
    },
    "Buggy": {
      "precision": 0.23837209302325582,
      "recall": 0.9318181818181818,
      "f1-score": 0.37962962962962965,
      "support": 44.0
    },
    "accuracy": 0.36792452830188677,
    "macro avg": {
      "precision": 0.5816860465116279,
      "recall": 0.5760281385281385,
      "f1-score": 0.3676994301994302,
      "support": 212.0
    },
    "weighted avg": {
      "precision": 0.782492321193506,
      "recall": 0.36792452830188677,
      "f1-score": 0.3607213890232759,
      "support": 212.0
    }
  },
  "confusion_matrix": [
    [
      37,
      131
    ],
    [
      3,
      41
    ]
  ],
  "training_time_seconds": 0.01134,
  "best_hyperparameters": {
    "C": 0.01,
    "gamma": 0.1,
    "kernel": "rbf"
  },
  "timestamp": "2025-11-28T13:32:10.148548"
}