{
  "TP": 14,
  "TN": 223,
  "FP": 4,
  "FN": 43,
  "P": 57,
  "N": 227,
  "Total": 284,
  "Error": 0.16549295774647887,
  "Exactitud": 0.8345070422535211,
  "TP_Rate": 0.24561403508771928,
  "FP_Rate": 0.01762114537444934,
  "Precision": 0.7777777777777778,
  "Recall": 0.24561403508771928,
  "Sensibilidad": 0.24561403508771928,
  "Especificidad": 0.9823788546255506,
  "F1_Score": 0.37333333333333335,
  "Accuracy_sklearn": 0.8345070422535211,
  "best_hyperparameters": {
    "var_smoothing": 1e-05
  },
  "cv_best_score": 0.2968671679197995,
  "timestamp": "2025-12-12T02:20:44.498207",
  "confusion_matrix": [
    [
      223,
      4
    ],
    [
      43,
      14
    ]
  ]
}