{
  "best_params": {
    "criterion": "gini",
    "max_depth": 5,
    "min_samples_leaf": 1,
    "min_samples_split": 10
  },
  "best_cv_score": 0.8759602901671583,
  "test_metrics": {
    "accuracy": 0.8673740053050398,
    "precision": 0.5584415584415584,
    "recall": 0.7288135593220338,
    "f1_score": 0.6323529411764706
  },
  "timestamp": "2025-11-27T19:55:45.590460"
}