{
  "best_params": {
    "criterion": "entropy",
    "max_depth": 3,
    "min_samples_leaf": 1,
    "min_samples_split": 2
  },
  "best_cv_score": 0.896414342629482,
  "test_metrics": {
    "accuracy": 0.8461538461538461,
    "precision": 0.5056179775280899,
    "recall": 0.7627118644067796,
    "f1_score": 0.6081081081081081
  },
  "timestamp": "2025-11-28T13:28:41.185065"
}