{
  "best_params": {
    "criterion": "entropy",
    "max_depth": 20,
    "min_samples_leaf": 1,
    "min_samples_split": 2
  },
  "best_cv_score": 0.8942458742100422,
  "test_metrics": {
    "accuracy": 0.8328912466843501,
    "precision": 0.4782608695652174,
    "recall": 0.7457627118644068,
    "f1_score": 0.5827814569536424,
    "f2_score": 0.6707317073170732
  },
  "timestamp": "2025-12-11T09:11:04.087106",
  "confusion_matrix": [
    [
      270,
      48
    ],
    [
      15,
      44
    ]
  ],
  "labels": [
    0,
    1
  ]
}