{
  "best_params": {
    "var_smoothing": 0.0001
  },
  "best_cv_score": 0.5127894736842105,
  "test_metrics": {
    "accuracy": 0.843501326259947,
    "precision": 0.5,
    "recall": 0.5932203389830508,
    "f1_score": 0.5426356589147286
  },
  "timestamp": "2025-12-12T02:07:50.968759",
  "cv_folds": 10,
  "n_combinations_tested": 6,
  "total_fits": 60,
  "time_seconds": 2.69203,
  "dataset_info": {
    "n_samples": 1506,
    "n_features": 65
  }
}