{
  "best_params": {
    "C": 0.1,
    "gamma": 1,
    "kernel": "rbf"
  },
  "best_cv_score": 1.0,
  "test_metrics": {
    "accuracy": 0.27851458885941643,
    "precision": 0.1782477341389728,
    "recall": 1.0,
    "f1_score": 0.30256410256410254
  },
  "timestamp": "2025-12-12T02:08:11.874442",
  "cv_folds": 10,
  "n_combinations_tested": 72,
  "total_fits": 720,
  "time_seconds": 23.598741,
  "dataset_info": {
    "n_samples": 1506,
    "n_features": 65
  }
}