{
  "best_params": {
    "C": 10,
    "gamma": "auto",
    "kernel": "rbf"
  },
  "best_cv_score": 0.8999108240360689,
  "test_metrics": {
    "accuracy": 0.8461538461538461,
    "precision": 0.5070422535211268,
    "recall": 0.6101694915254238,
    "f1_score": 0.5538461538461539
  },
  "timestamp": "2025-11-27T19:55:45.573584"
}