{
  "best_params": {
    "C": 0.01,
    "gamma": 1,
    "kernel": "rbf"
  },
  "best_cv_score": 1.0,
  "test_metrics": {
    "accuracy": 0.27586206896551724,
    "precision": 0.17771084337349397,
    "recall": 1.0,
    "f1_score": 0.30179028132992325
  },
  "timestamp": "2025-11-28T13:28:41.244974"
}