{
  "best_params": {
    "C": 100,
    "gamma": 0.1,
    "kernel": "rbf"
  },
  "best_cv_score": 0.9475741129600402,
  "test_metrics": {
    "accuracy": 0.8196286472148541,
    "precision": 0.45161290322580644,
    "recall": 0.711864406779661,
    "f1_score": 0.5526315789473685,
    "f2_score": 0.6382978723404256
  },
  "timestamp": "2025-12-11T09:11:04.149507",
  "confusion_matrix": [
    [
      267,
      51
    ],
    [
      17,
      42
    ]
  ],
  "labels": [
    0,
    1
  ]
}