{
  "TP": 43,
  "TN": 175,
  "FP": 52,
  "FN": 14,
  "P": 57,
  "N": 227,
  "Total": 284,
  "Error": 0.2323943661971831,
  "Exactitud": 0.7676056338028169,
  "TP_Rate": 0.7543859649122807,
  "FP_Rate": 0.2290748898678414,
  "Precision": 0.45263157894736844,
  "Recall": 0.7543859649122807,
  "Sensibilidad": 0.7543859649122807,
  "Especificidad": 0.7709251101321586,
  "F1_Score": 0.5657894736842105,
  "Accuracy_sklearn": 0.7676056338028169,
  "best_hyperparameters": {
    "criterion": "gini",
    "max_depth": 10,
    "min_samples_leaf": 1,
    "min_samples_split": 2
  },
  "cv_best_score": 0.8567669172932331,
  "timestamp": "2025-12-12T02:37:50.450913",
  "confusion_matrix": [
    [
      175,
      52
    ],
    [
      14,
      43
    ]
  ]
}