{
  "dataset": "hive-0.9.0",
  "balancing_method": "hcbou",
  "scaler_type": "standard",
  "models": {
    "svm": {
      "F1_Score": 0.5178571428571429,
      "Exactitud": 0.8098591549295775,
      "Precision": 0.5272727272727272,
      "Recall": 0.5087719298245614,
      "Sensibilidad": 0.5087719298245614,
      "Especificidad": 0.8854625550660793,
      "Error": 0.19014084507042253,
      "TP_Rate": 0.5087719298245614,
      "FP_Rate": 0.1145374449339207,
      "ROC_AUC": 0.7567045366720767,
      "confusion_matrix": [
        [
          201,
          26
        ],
        [
          28,
          29
        ]
      ]
    },
    "naive_bayes_gaussian": {
      "F1_Score": 0.37333333333333335,
      "Exactitud": 0.8345070422535211,
      "Precision": 0.7777777777777778,
      "Recall": 0.24561403508771928,
      "Sensibilidad": 0.24561403508771928,
      "Especificidad": 0.9823788546255506,
      "Error": 0.16549295774647887,
      "TP_Rate": 0.24561403508771928,
      "FP_Rate": 0.01762114537444934,
      "ROC_AUC": 0.7853002550428935,
      "confusion_matrix": [
        [
          223,
          4
        ],
        [
          43,
          14
        ]
      ]
    },
    "decision_tree": {
      "F1_Score": 0.5562913907284768,
      "Exactitud": 0.7640845070422535,
      "Precision": 0.44680851063829785,
      "Recall": 0.7368421052631579,
      "Sensibilidad": 0.7368421052631579,
      "Especificidad": 0.7709251101321586,
      "Error": 0.23591549295774647,
      "TP_Rate": 0.7368421052631579,
      "FP_Rate": 0.2290748898678414,
      "ROC_AUC": 0.7600664657237809,
      "confusion_matrix": [
        [
          175,
          52
        ],
        [
          15,
          42
        ]
      ]
    }
  },
  "timestamp": "2025-11-28T13:33:15.066511"
}