{
  "dataset": "hive-0.9.0",
  "balancing_method": "hcbou",
  "scaler_type": "standard",
  "models": {
    "svm": {
      "F1_Score": 0.5178571428571429,
      "F2_Score": 0.5123674911660777,
      "Exactitud": 0.8098591549295775,
      "Accuracy": 0.8098591549295775,
      "Balanced_Accuracy": 0.6971172424453204,
      "BER": 0.30288275755467964,
      "MCC": 0.39958196768937604,
      "Precision": 0.5272727272727272,
      "Recall": 0.5087719298245614,
      "Sensibilidad": 0.5087719298245614,
      "Especificidad": 0.8854625550660793,
      "Error": 0.19014084507042253,
      "TP_Rate": 0.5087719298245614,
      "FP_Rate": 0.1145374449339207,
      "ROC_AUC": 0.7567045366720767,
      "confusion_matrix": [
        [
          201,
          26
        ],
        [
          28,
          29
        ]
      ]
    },
    "naive_bayes_gaussian": {
      "F1_Score": 0.37333333333333335,
      "F2_Score": 0.2845528455284553,
      "Exactitud": 0.8345070422535211,
      "Accuracy": 0.8345070422535211,
      "Balanced_Accuracy": 0.613996444856635,
      "BER": 0.38600355514336504,
      "MCC": 0.3747956905574443,
      "Precision": 0.7777777777777778,
      "Recall": 0.24561403508771928,
      "Sensibilidad": 0.24561403508771928,
      "Especificidad": 0.9823788546255506,
      "Error": 0.16549295774647887,
      "TP_Rate": 0.24561403508771928,
      "FP_Rate": 0.01762114537444934,
      "ROC_AUC": 0.7853002550428935,
      "confusion_matrix": [
        [
          223,
          4
        ],
        [
          43,
          14
        ]
      ]
    },
    "decision_tree": {
      "F1_Score": 0.5466666666666666,
      "F2_Score": 0.6386292834890965,
      "Exactitud": 0.7605633802816901,
      "Accuracy": 0.7605633802816901,
      "Balanced_Accuracy": 0.7451116778730968,
      "BER": 0.25488832212690316,
      "MCC": 0.41839472175303055,
      "Precision": 0.44086021505376344,
      "Recall": 0.7192982456140351,
      "Sensibilidad": 0.7192982456140351,
      "Especificidad": 0.7709251101321586,
      "Error": 0.23943661971830985,
      "TP_Rate": 0.7192982456140351,
      "FP_Rate": 0.2290748898678414,
      "ROC_AUC": 0.7451116778730968,
      "confusion_matrix": [
        [
          175,
          52
        ],
        [
          16,
          41
        ]
      ]
    }
  },
  "timestamp": "2025-12-11T09:17:11.885368"
}