{
  "dataset": "hive-0.9.0",
  "balancing_method": "hcbou",
  "scaler_type": "standard",
  "models": {
    "svm": {
      "F1_Score": 0.5436893203883495,
      "Exactitud": 0.8345070422535211,
      "Precision": 0.6086956521739131,
      "Recall": 0.49122807017543857,
      "Sensibilidad": 0.49122807017543857,
      "Especificidad": 0.920704845814978,
      "Error": 0.16549295774647887,
      "TP_Rate": 0.49122807017543857,
      "FP_Rate": 0.07929515418502203,
      "ROC_AUC": 0.8067856866836695,
      "confusion_matrix": [
        [
          209,
          18
        ],
        [
          29,
          28
        ]
      ]
    },
    "naive_bayes_gaussian": {
      "F1_Score": 0.37333333333333335,
      "Exactitud": 0.8345070422535211,
      "Precision": 0.7777777777777778,
      "Recall": 0.24561403508771928,
      "Sensibilidad": 0.24561403508771928,
      "Especificidad": 0.9823788546255506,
      "Error": 0.16549295774647887,
      "TP_Rate": 0.24561403508771928,
      "FP_Rate": 0.01762114537444934,
      "ROC_AUC": 0.7853002550428935,
      "confusion_matrix": [
        [
          223,
          4
        ],
        [
          43,
          14
        ]
      ]
    },
    "decision_tree": {
      "F1_Score": 0.5466666666666666,
      "Exactitud": 0.7605633802816901,
      "Precision": 0.44086021505376344,
      "Recall": 0.7192982456140351,
      "Sensibilidad": 0.7192982456140351,
      "Especificidad": 0.7709251101321586,
      "Error": 0.23943661971830985,
      "TP_Rate": 0.7192982456140351,
      "FP_Rate": 0.2290748898678414,
      "ROC_AUC": 0.7451116778730968,
      "confusion_matrix": [
        [
          175,
          52
        ],
        [
          16,
          41
        ]
      ]
    }
  },
  "timestamp": "2025-11-27T19:33:35.335456"
}