{
  "TP": 28,
  "TN": 209,
  "FP": 18,
  "FN": 29,
  "P": 57,
  "N": 227,
  "Total": 284,
  "Error": 0.16549295774647887,
  "Exactitud": 0.8345070422535211,
  "TP_Rate": 0.49122807017543857,
  "FP_Rate": 0.07929515418502203,
  "Precision": 0.6086956521739131,
  "Recall": 0.49122807017543857,
  "Sensibilidad": 0.49122807017543857,
  "Especificidad": 0.920704845814978,
  "F1_Score": 0.5436893203883495,
  "Accuracy_sklearn": 0.8345070422535211,
  "ROC_AUC": 0.8067856866836695,
  "PR_AUC": 0.6196159704357364,
  "classification_report": {
    "No-Buggy": {
      "precision": 0.8781512605042017,
      "recall": 0.920704845814978,
      "f1-score": 0.8989247311827957,
      "support": 227.0
    },
    "Buggy": {
      "precision": 0.6086956521739131,
      "recall": 0.49122807017543857,
      "f1-score": 0.5436893203883495,
      "support": 57.0
    },
    "accuracy": 0.8345070422535211,
    "macro avg": {
      "precision": 0.7434234563390574,
      "recall": 0.7059664579952083,
      "f1-score": 0.7213070257855726,
      "support": 284.0
    },
    "weighted avg": {
      "precision": 0.8240703813674888,
      "recall": 0.8345070422535211,
      "f1-score": 0.8276274832416568,
      "support": 284.0
    }
  },
  "confusion_matrix": [
    [
      209,
      18
    ],
    [
      29,
      28
    ]
  ],
  "training_time_seconds": 0.116756,
  "best_hyperparameters": {
    "C": 10,
    "gamma": 0.1,
    "kernel": "rbf"
  },
  "timestamp": "2025-11-27T19:59:15.222358"
}