{
  "TP": 29,
  "TN": 201,
  "FP": 26,
  "FN": 28,
  "P": 57,
  "N": 227,
  "Total": 284,
  "Error": 0.19014084507042253,
  "Exactitud": 0.8098591549295775,
  "TP_Rate": 0.5087719298245614,
  "FP_Rate": 0.1145374449339207,
  "Precision": 0.5272727272727272,
  "Recall": 0.5087719298245614,
  "Sensibilidad": 0.5087719298245614,
  "Especificidad": 0.8854625550660793,
  "F1_Score": 0.5178571428571429,
  "Accuracy_sklearn": 0.8098591549295775,
  "ROC_AUC": 0.7567045366720767,
  "PR_AUC": 0.5354415751068023,
  "classification_report": {
    "No-Buggy": {
      "precision": 0.8777292576419214,
      "recall": 0.8854625550660793,
      "f1-score": 0.881578947368421,
      "support": 227.0
    },
    "Buggy": {
      "precision": 0.5272727272727272,
      "recall": 0.5087719298245614,
      "f1-score": 0.5178571428571429,
      "support": 57.0
    },
    "accuracy": 0.8098591549295775,
    "macro avg": {
      "precision": 0.7025009924573243,
      "recall": 0.6971172424453204,
      "f1-score": 0.699718045112782,
      "support": 284.0
    },
    "weighted avg": {
      "precision": 0.8073911511945832,
      "recall": 0.8098591549295775,
      "f1-score": 0.8085784443503123,
      "support": 284.0
    }
  },
  "confusion_matrix": [
    [
      201,
      26
    ],
    [
      28,
      29
    ]
  ],
  "training_time_seconds": 0.025704,
  "best_hyperparameters": {
    "C": 1000,
    "gamma": 0.01,
    "kernel": "rbf"
  },
  "timestamp": "2025-11-28T13:33:14.243799"
}