{
  "best_params": {
    "criterion": "gini",
    "max_depth": 5,
    "min_samples_leaf": 1,
    "min_samples_split": 5
  },
  "best_cv_score": 0.8530390578684305,
  "test_metrics": {
    "accuracy": 0.8018867924528302,
    "precision": 0.515625,
    "recall": 0.75,
    "f1_score": 0.6111111111111112,
    "f2_score": 0.6875
  },
  "timestamp": "2025-12-11T09:15:33.801174",
  "confusion_matrix": [
    [
      137,
      31
    ],
    [
      11,
      33
    ]
  ],
  "labels": [
    0,
    1
  ]
}