{
  "best_params": {
    "criterion": "gini",
    "max_depth": 5,
    "min_samples_leaf": 1,
    "min_samples_split": 2
  },
  "best_cv_score": 0.8286806311614562,
  "test_metrics": {
    "accuracy": 0.8018867924528302,
    "precision": 0.515625,
    "recall": 0.75,
    "f1_score": 0.6111111111111112
  },
  "timestamp": "2025-11-27T19:58:17.528852"
}