{
  "best_params": {
    "var_smoothing": 0.0001
  },
  "best_cv_score": 0.5213013121507142,
  "test_metrics": {
    "accuracy": 0.7547169811320755,
    "precision": 0.4166666666666667,
    "recall": 0.45454545454545453,
    "f1_score": 0.43478260869565216,
    "f2_score": 0.44642857142857145
  },
  "timestamp": "2025-12-11T09:15:31.155146",
  "confusion_matrix": [
    [
      140,
      28
    ],
    [
      24,
      20
    ]
  ],
  "labels": [
    0,
    1
  ]
}