{
  "best_params": {
    "var_smoothing": 0.0001
  },
  "best_cv_score": 0.482392026578073,
  "test_metrics": {
    "accuracy": 0.7547169811320755,
    "precision": 0.4166666666666667,
    "recall": 0.45454545454545453,
    "f1_score": 0.43478260869565216
  },
  "timestamp": "2025-12-12T02:17:37.967538",
  "cv_folds": 10,
  "n_combinations_tested": 6,
  "total_fits": 60,
  "time_seconds": 2.567877,
  "dataset_info": {
    "n_samples": 846,
    "n_features": 65
  }
}