{
  "best_params": {
    "var_smoothing": 0.0001
  },
  "best_cv_score": 0.4468085106382978,
  "test_metrics": {
    "accuracy": 0.7547169811320755,
    "precision": 0.4166666666666667,
    "recall": 0.45454545454545453,
    "f1_score": 0.43478260869565216
  },
  "timestamp": "2025-11-28T13:31:57.180895"
}