{
  "best_params": {
    "C": 0.01,
    "gamma": 0.1,
    "kernel": "rbf"
  },
  "best_cv_score": 0.9030732860520095,
  "test_metrics": {
    "accuracy": 0.4858490566037736,
    "precision": 0.26618705035971224,
    "recall": 0.8409090909090909,
    "f1_score": 0.40437158469945356
  },
  "timestamp": "2025-11-28T13:31:57.960419"
}