{
  "best_params": {
    "C": 100,
    "gamma": 0.1,
    "kernel": "rbf"
  },
  "best_cv_score": 0.8684021628324639,
  "test_metrics": {
    "accuracy": 0.7594339622641509,
    "precision": 0.43137254901960786,
    "recall": 0.5,
    "f1_score": 0.4631578947368421,
    "f2_score": 0.4845814977973568
  },
  "timestamp": "2025-12-11T09:15:33.292116",
  "confusion_matrix": [
    [
      139,
      29
    ],
    [
      22,
      22
    ]
  ],
  "labels": [
    0,
    1
  ]
}