{
  "best_params": {
    "C": 10,
    "gamma": 0.1,
    "kernel": "rbf"
  },
  "best_cv_score": 0.8546652421652422,
  "test_metrics": {
    "accuracy": 0.7594339622641509,
    "precision": 0.43137254901960786,
    "recall": 0.5,
    "f1_score": 0.4631578947368421
  },
  "timestamp": "2025-11-27T19:58:17.395117"
}