{
  "best_params": {
    "C": 0.1,
    "gamma": 0.1,
    "kernel": "rbf"
  },
  "best_cv_score": 0.893576965669989,
  "test_metrics": {
    "accuracy": 0.5330188679245284,
    "precision": 0.2868217054263566,
    "recall": 0.8409090909090909,
    "f1_score": 0.4277456647398844
  },
  "timestamp": "2025-12-12T02:17:47.439874",
  "cv_folds": 10,
  "n_combinations_tested": 72,
  "total_fits": 720,
  "time_seconds": 12.040996,
  "dataset_info": {
    "n_samples": 846,
    "n_features": 65
  }
}