{
  "best_params": {
    "criterion": "entropy",
    "max_depth": 20,
    "min_samples_leaf": 1,
    "min_samples_split": 2
  },
  "best_cv_score": 0.9150526315789473,
  "test_metrics": {
    "accuracy": 0.8222811671087533,
    "precision": 0.45348837209302323,
    "recall": 0.6610169491525424,
    "f1_score": 0.5379310344827586
  },
  "timestamp": "2025-12-12T02:28:13.150945",
  "cv_folds": 10,
  "n_combinations_tested": 160,
  "total_fits": 1600,
  "time_seconds": 3.963526,
  "dataset_info": {
    "n_samples": 1506,
    "n_features": 20
  }
}