{
  "best_params": {
    "C": 100,
    "gamma": 1,
    "kernel": "rbf"
  },
  "best_cv_score": 0.9694385964912282,
  "test_metrics": {
    "accuracy": 0.8037135278514589,
    "precision": 0.43119266055045874,
    "recall": 0.7966101694915254,
    "f1_score": 0.5595238095238095
  },
  "timestamp": "2025-12-12T02:28:28.755112",
  "cv_folds": 10,
  "n_combinations_tested": 72,
  "total_fits": 720,
  "time_seconds": 19.56862,
  "dataset_info": {
    "n_samples": 1506,
    "n_features": 20
  }
}