{
  "TP": 34,
  "TN": 133,
  "FP": 35,
  "FN": 10,
  "P": 44,
  "N": 168,
  "Total": 212,
  "Error": 0.21226415094339623,
  "Exactitud": 0.7877358490566038,
  "TP_Rate": 0.7727272727272727,
  "FP_Rate": 0.20833333333333334,
  "Precision": 0.4927536231884058,
  "Recall": 0.7727272727272727,
  "Sensibilidad": 0.7727272727272727,
  "Especificidad": 0.7916666666666666,
  "F1_Score": 0.6017699115044248,
  "Accuracy_sklearn": 0.7877358490566038,
  "best_hyperparameters": {
    "criterion": "gini",
    "max_depth": 10,
    "min_samples_leaf": 1,
    "min_samples_split": 5
  },
  "cv_best_score": 0.850996677740864,
  "timestamp": "2025-12-12T02:35:44.915462",
  "confusion_matrix": [
    [
      133,
      35
    ],
    [
      10,
      34
    ]
  ]
}