{
  "TP": 41,
  "TN": 263,
  "FP": 55,
  "FN": 18,
  "P": 59,
  "N": 318,
  "Total": 377,
  "Error": 0.19363395225464192,
  "Exactitud": 0.8063660477453581,
  "TP_Rate": 0.6949152542372882,
  "FP_Rate": 0.17295597484276728,
  "Precision": 0.4270833333333333,
  "Recall": 0.6949152542372882,
  "Sensibilidad": 0.6949152542372882,
  "Especificidad": 0.8270440251572327,
  "F1_Score": 0.5290322580645161,
  "Accuracy_sklearn": 0.8063660477453581,
  "best_hyperparameters": {
    "C": 100,
    "gamma": 1,
    "kernel": "rbf"
  },
  "cv_best_score": 0.9508421052631579,
  "timestamp": "2025-12-12T02:28:29.521187",
  "confusion_matrix": [
    [
      263,
      55
    ],
    [
      18,
      41
    ]
  ]
}