{
  "dataset": "derby-10.5.1.1",
  "balancing_method": "unbalanced",
  "scaler_type": "standard",
  "models": {
    "svm": {
      "F1_Score": 0.39416058394160586,
      "F2_Score": 0.36684782608695654,
      "Exactitud": 0.8465804066543438,
      "Accuracy": 0.8465804066543438,
      "Balanced_Accuracy": 0.6397643304970891,
      "BER": 0.36023566950291086,
      "MCC": 0.3110158582452059,
      "Precision": 0.45,
      "Recall": 0.35064935064935066,
      "Sensibilidad": 0.35064935064935066,
      "Especificidad": 0.9288793103448276,
      "Error": 0.1534195933456562,
      "TP_Rate": 0.35064935064935066,
      "FP_Rate": 0.07112068965517242,
      "ROC_AUC": 0.6733934169278998,
      "confusion_matrix": [
        [
          431,
          33
        ],
        [
          50,
          27
        ]
      ]
    },
    "naive_bayes_gaussian": {
      "F1_Score": 0.41134751773049644,
      "F2_Score": 0.3897849462365591,
      "Exactitud": 0.8465804066543438,
      "Accuracy": 0.8465804066543438,
      "Balanced_Accuracy": 0.650596171070309,
      "BER": 0.349403828929691,
      "MCC": 0.325836027278147,
      "Precision": 0.453125,
      "Recall": 0.37662337662337664,
      "Sensibilidad": 0.37662337662337664,
      "Especificidad": 0.9245689655172413,
      "Error": 0.1534195933456562,
      "TP_Rate": 0.37662337662337664,
      "FP_Rate": 0.07543103448275862,
      "ROC_AUC": 0.7750923645320197,
      "confusion_matrix": [
        [
          429,
          35
        ],
        [
          48,
          29
        ]
      ]
    },
    "decision_tree": {
      "F1_Score": 0.44755244755244755,
      "F2_Score": 0.42780748663101603,
      "Exactitud": 0.8539741219963032,
      "Accuracy": 0.8539741219963032,
      "Balanced_Accuracy": 0.671154276757725,
      "BER": 0.328845723242275,
      "MCC": 0.3654292710456679,
      "Precision": 0.48484848484848486,
      "Recall": 0.4155844155844156,
      "Sensibilidad": 0.4155844155844156,
      "Especificidad": 0.9267241379310345,
      "Error": 0.14602587800369685,
      "TP_Rate": 0.4155844155844156,
      "FP_Rate": 0.07327586206896551,
      "ROC_AUC": 0.6748488580385132,
      "confusion_matrix": [
        [
          430,
          34
        ],
        [
          45,
          32
        ]
      ]
    }
  },
  "timestamp": "2025-12-11T09:13:14.222926"
}