{
  "dataset": "derby-10.5.1.1",
  "balancing_method": "unbalanced",
  "scaler_type": "standard",
  "models": {
    "svm": {
      "F1_Score": 0.3222748815165877,
      "Exactitud": 0.7356746765249538,
      "Precision": 0.2537313432835821,
      "Recall": 0.44155844155844154,
      "Sensibilidad": 0.44155844155844154,
      "Especificidad": 0.7844827586206896,
      "Error": 0.2643253234750462,
      "TP_Rate": 0.44155844155844154,
      "FP_Rate": 0.21551724137931033,
      "ROC_AUC": 0.6229847738468429,
      "confusion_matrix": [
        [
          364,
          100
        ],
        [
          43,
          34
        ]
      ]
    },
    "naive_bayes_gaussian": {
      "F1_Score": 0.41134751773049644,
      "Exactitud": 0.8465804066543438,
      "Precision": 0.453125,
      "Recall": 0.37662337662337664,
      "Sensibilidad": 0.37662337662337664,
      "Especificidad": 0.9245689655172413,
      "Error": 0.1534195933456562,
      "TP_Rate": 0.37662337662337664,
      "FP_Rate": 0.07543103448275862,
      "ROC_AUC": 0.7750923645320197,
      "confusion_matrix": [
        [
          429,
          35
        ],
        [
          48,
          29
        ]
      ]
    },
    "decision_tree": {
      "F1_Score": 0.40789473684210525,
      "Exactitud": 0.833641404805915,
      "Precision": 0.41333333333333333,
      "Recall": 0.4025974025974026,
      "Sensibilidad": 0.4025974025974026,
      "Especificidad": 0.9051724137931034,
      "Error": 0.16635859519408502,
      "TP_Rate": 0.4025974025974026,
      "FP_Rate": 0.09482758620689655,
      "ROC_AUC": 0.6629114420062696,
      "confusion_matrix": [
        [
          420,
          44
        ],
        [
          46,
          31
        ]
      ]
    }
  },
  "timestamp": "2025-11-28T13:30:04.368622"
}