{
  "TP": 31,
  "TN": 420,
  "FP": 44,
  "FN": 46,
  "P": 77,
  "N": 464,
  "Total": 541,
  "Error": 0.16635859519408502,
  "Exactitud": 0.833641404805915,
  "TP_Rate": 0.4025974025974026,
  "FP_Rate": 0.09482758620689655,
  "Precision": 0.41333333333333333,
  "Recall": 0.4025974025974026,
  "Sensibilidad": 0.4025974025974026,
  "Especificidad": 0.9051724137931034,
  "F1_Score": 0.40789473684210525,
  "Accuracy_sklearn": 0.833641404805915,
  "ROC_AUC": 0.6629114420062696,
  "PR_AUC": 0.4519996566296327,
  "classification_report": {
    "No-Buggy": {
      "precision": 0.9012875536480687,
      "recall": 0.9051724137931034,
      "f1-score": 0.9032258064516129,
      "support": 464.0
    },
    "Buggy": {
      "precision": 0.41333333333333333,
      "recall": 0.4025974025974026,
      "f1-score": 0.40789473684210525,
      "support": 77.0
    },
    "accuracy": 0.833641404805915,
    "macro avg": {
      "precision": 0.657310443490701,
      "recall": 0.653884908195253,
      "f1-score": 0.655560271646859,
      "support": 541.0
    },
    "weighted avg": {
      "precision": 0.8318375075034575,
      "recall": 0.833641404805915,
      "f1-score": 0.8327258205737347,
      "support": 541.0
    }
  },
  "confusion_matrix": [
    [
      420,
      44
    ],
    [
      46,
      31
    ]
  ],
  "training_time_seconds": 0.025901,
  "best_hyperparameters": {
    "criterion": "entropy",
    "max_depth": 20,
    "min_samples_leaf": 2,
    "min_samples_split": 2
  },
  "timestamp": "2025-11-28T13:30:04.106769"
}