{
  "TP": 32,
  "TN": 430,
  "FP": 34,
  "FN": 45,
  "P": 77,
  "N": 464,
  "Total": 541,
  "Error": 0.14602587800369685,
  "Exactitud": 0.8539741219963032,
  "TP_Rate": 0.4155844155844156,
  "FP_Rate": 0.07327586206896551,
  "Precision": 0.48484848484848486,
  "Recall": 0.4155844155844156,
  "Sensibilidad": 0.4155844155844156,
  "Especificidad": 0.9267241379310345,
  "F1_Score": 0.44755244755244755,
  "Accuracy_sklearn": 0.8539741219963032,
  "F2_Score": 0.42780748663101603,
  "Balanced_Accuracy": 0.671154276757725,
  "BER": 0.328845723242275,
  "MCC": 0.3654292710456679,
  "Accuracy": 0.8539741219963032,
  "ROC_AUC": 0.6748488580385132,
  "PR_AUC": 0.4580999788302361,
  "classification_report": {
    "No-Buggy": {
      "precision": 0.9052631578947369,
      "recall": 0.9267241379310345,
      "f1-score": 0.9158679446219382,
      "support": 464.0
    },
    "Buggy": {
      "precision": 0.48484848484848486,
      "recall": 0.4155844155844156,
      "f1-score": 0.44755244755244755,
      "support": 77.0
    },
    "accuracy": 0.8539741219963032,
    "macro avg": {
      "precision": 0.6950558213716109,
      "recall": 0.671154276757725,
      "f1-score": 0.6817101960871929,
      "support": 541.0
    },
    "weighted avg": {
      "precision": 0.8454259493465642,
      "recall": 0.8539741219963032,
      "f1-score": 0.8492130587174082,
      "support": 541.0
    }
  },
  "confusion_matrix": [
    [
      430,
      34
    ],
    [
      45,
      32
    ]
  ],
  "training_time_seconds": 0.031075,
  "best_hyperparameters": {
    "criterion": "gini",
    "max_depth": 20,
    "min_samples_leaf": 2,
    "min_samples_split": 5
  },
  "timestamp": "2025-12-11T09:13:13.996174"
}