{
  "TP": 29,
  "TN": 429,
  "FP": 35,
  "FN": 48,
  "P": 77,
  "N": 464,
  "Total": 541,
  "Error": 0.1534195933456562,
  "Exactitud": 0.8465804066543438,
  "TP_Rate": 0.37662337662337664,
  "FP_Rate": 0.07543103448275862,
  "Precision": 0.453125,
  "Recall": 0.37662337662337664,
  "Sensibilidad": 0.37662337662337664,
  "Especificidad": 0.9245689655172413,
  "F1_Score": 0.41134751773049644,
  "Accuracy_sklearn": 0.8465804066543438,
  "F2_Score": 0.3897849462365591,
  "Balanced_Accuracy": 0.650596171070309,
  "BER": 0.349403828929691,
  "MCC": 0.325836027278147,
  "Accuracy": 0.8465804066543438,
  "ROC_AUC": 0.7750923645320197,
  "PR_AUC": 0.4813699172774845,
  "classification_report": {
    "No-Buggy": {
      "precision": 0.89937106918239,
      "recall": 0.9245689655172413,
      "f1-score": 0.9117959617428267,
      "support": 464.0
    },
    "Buggy": {
      "precision": 0.453125,
      "recall": 0.37662337662337664,
      "f1-score": 0.41134751773049644,
      "support": 77.0
    },
    "accuracy": 0.8465804066543438,
    "macro avg": {
      "precision": 0.676248034591195,
      "recall": 0.650596171070309,
      "f1-score": 0.6615717397366616,
      "support": 541.0
    },
    "weighted avg": {
      "precision": 0.8358573033283344,
      "recall": 0.8465804066543438,
      "f1-score": 0.8405676249795191,
      "support": 541.0
    }
  },
  "confusion_matrix": [
    [
      429,
      35
    ],
    [
      48,
      29
    ]
  ],
  "training_time_seconds": 0.001094,
  "best_hyperparameters": {
    "var_smoothing": 1e-09
  },
  "timestamp": "2025-12-11T09:13:13.720407"
}