{
  "TP": 27,
  "TN": 431,
  "FP": 33,
  "FN": 50,
  "P": 77,
  "N": 464,
  "Total": 541,
  "Error": 0.1534195933456562,
  "Exactitud": 0.8465804066543438,
  "TP_Rate": 0.35064935064935066,
  "FP_Rate": 0.07112068965517242,
  "Precision": 0.45,
  "Recall": 0.35064935064935066,
  "Sensibilidad": 0.35064935064935066,
  "Especificidad": 0.9288793103448276,
  "F1_Score": 0.39416058394160586,
  "Accuracy_sklearn": 0.8465804066543438,
  "F2_Score": 0.36684782608695654,
  "Balanced_Accuracy": 0.6397643304970891,
  "BER": 0.36023566950291086,
  "MCC": 0.3110158582452059,
  "Accuracy": 0.8465804066543438,
  "ROC_AUC": 0.6733934169278998,
  "PR_AUC": 0.3442143984904761,
  "classification_report": {
    "No-Buggy": {
      "precision": 0.896049896049896,
      "recall": 0.9288793103448276,
      "f1-score": 0.9121693121693122,
      "support": 464.0
    },
    "Buggy": {
      "precision": 0.45,
      "recall": 0.35064935064935066,
      "f1-score": 0.39416058394160586,
      "support": 77.0
    },
    "accuracy": 0.8465804066543438,
    "macro avg": {
      "precision": 0.673024948024948,
      "recall": 0.6397643304970891,
      "f1-score": 0.653164948055459,
      "support": 541.0
    },
    "weighted avg": {
      "precision": 0.832564051325604,
      "recall": 0.8465804066543438,
      "f1-score": 0.8384416373568659,
      "support": 541.0
    }
  },
  "confusion_matrix": [
    [
      431,
      33
    ],
    [
      50,
      27
    ]
  ],
  "training_time_seconds": 0.066122,
  "best_hyperparameters": {
    "C": 1000,
    "gamma": 0.01,
    "kernel": "rbf"
  },
  "timestamp": "2025-12-11T09:13:13.471516"
}