{
  "TP": 34,
  "TN": 364,
  "FP": 100,
  "FN": 43,
  "P": 77,
  "N": 464,
  "Total": 541,
  "Error": 0.2643253234750462,
  "Exactitud": 0.7356746765249538,
  "TP_Rate": 0.44155844155844154,
  "FP_Rate": 0.21551724137931033,
  "Precision": 0.2537313432835821,
  "Recall": 0.44155844155844154,
  "Sensibilidad": 0.44155844155844154,
  "Especificidad": 0.7844827586206896,
  "F1_Score": 0.3222748815165877,
  "Accuracy_sklearn": 0.7356746765249538,
  "ROC_AUC": 0.6229847738468429,
  "PR_AUC": 0.33656565990096665,
  "classification_report": {
    "No-Buggy": {
      "precision": 0.8943488943488943,
      "recall": 0.7844827586206896,
      "f1-score": 0.835820895522388,
      "support": 464.0
    },
    "Buggy": {
      "precision": 0.2537313432835821,
      "recall": 0.44155844155844154,
      "f1-score": 0.3222748815165877,
      "support": 77.0
    },
    "accuracy": 0.7356746765249538,
    "macro avg": {
      "precision": 0.5740401188162382,
      "recall": 0.6130206000895656,
      "f1-score": 0.5790478885194879,
      "support": 541.0
    },
    "weighted avg": {
      "precision": 0.8031704258978241,
      "recall": 0.7356746765249538,
      "f1-score": 0.7627283944531706,
      "support": 541.0
    }
  },
  "confusion_matrix": [
    [
      364,
      100
    ],
    [
      43,
      34
    ]
  ],
  "training_time_seconds": 0.054584,
  "best_hyperparameters": {
    "C": 10,
    "gamma": 0.001,
    "kernel": "linear"
  },
  "timestamp": "2025-11-28T13:30:03.510747"
}