{
  "best_params": {
    "criterion": "gini",
    "max_depth": 10,
    "min_samples_leaf": 1,
    "min_samples_split": 2
  },
  "best_cv_score": 0.9249246090188653,
  "test_metrics": {
    "accuracy": 0.9047619047619048,
    "precision": 0.5882352941176471,
    "recall": 0.5882352941176471,
    "f1_score": 0.5882352941176471
  },
  "timestamp": "2025-11-28T13:34:03.461113"
}