{
  "best_params": {
    "criterion": "entropy",
    "max_depth": 20,
    "min_samples_leaf": 1,
    "min_samples_split": 2
  },
  "best_cv_score": 0.9214942528735633,
  "test_metrics": {
    "accuracy": 0.8843537414965986,
    "precision": 0.5,
    "recall": 0.5882352941176471,
    "f1_score": 0.5405405405405406
  },
  "timestamp": "2025-12-12T02:21:45.176978",
  "cv_folds": 10,
  "n_combinations_tested": 160,
  "total_fits": 1600,
  "time_seconds": 3.828392,
  "dataset_info": {
    "n_samples": 584,
    "n_features": 65
  }
}