{
  "best_params": {
    "criterion": "entropy",
    "max_depth": 20,
    "min_samples_leaf": 1,
    "min_samples_split": 2
  },
  "best_cv_score": 0.9085411630173889,
  "test_metrics": {
    "accuracy": 0.8843537414965986,
    "precision": 0.5,
    "recall": 0.5882352941176471,
    "f1_score": 0.5405405405405406,
    "f2_score": 0.5681818181818182
  },
  "timestamp": "2025-12-11T09:18:09.125704",
  "confusion_matrix": [
    [
      120,
      10
    ],
    [
      7,
      10
    ]
  ],
  "labels": [
    0,
    1
  ]
}