{
  "best_params": {
    "var_smoothing": 1e-09
  },
  "best_cv_score": 0.6233333333333333,
  "test_metrics": {
    "accuracy": 0.9183673469387755,
    "precision": 0.6470588235294118,
    "recall": 0.6470588235294118,
    "f1_score": 0.6470588235294118
  },
  "timestamp": "2025-12-12T02:21:44.091615",
  "cv_folds": 10,
  "n_combinations_tested": 6,
  "total_fits": 60,
  "time_seconds": 2.74327,
  "dataset_info": {
    "n_samples": 584,
    "n_features": 65
  }
}