{
  "best_params": {
    "var_smoothing": 1e-06
  },
  "best_cv_score": 0.6267269794515745,
  "test_metrics": {
    "accuracy": 0.9183673469387755,
    "precision": 0.6470588235294118,
    "recall": 0.6470588235294118,
    "f1_score": 0.6470588235294118
  },
  "timestamp": "2025-11-28T13:34:03.015707"
}