{
  "best_params": {
    "C": 10,
    "gamma": "scale",
    "kernel": "rbf"
  },
  "best_cv_score": 0.9473185461015273,
  "test_metrics": {
    "accuracy": 0.891156462585034,
    "precision": 0.5294117647058824,
    "recall": 0.5294117647058824,
    "f1_score": 0.5294117647058824,
    "f2_score": 0.5294117647058824
  },
  "timestamp": "2025-12-11T09:18:08.666952",
  "confusion_matrix": [
    [
      122,
      8
    ],
    [
      8,
      9
    ]
  ],
  "labels": [
    0,
    1
  ]
}