{
  "best_params": {
    "C": 1,
    "gamma": 0.1,
    "kernel": "rbf"
  },
  "best_cv_score": 0.9727540500736378,
  "test_metrics": {
    "accuracy": 0.891156462585034,
    "precision": 0.5384615384615384,
    "recall": 0.4117647058823529,
    "f1_score": 0.4666666666666667
  },
  "timestamp": "2025-11-28T13:34:03.300727"
}