{
  "best_params": {
    "C": 10,
    "gamma": "scale",
    "kernel": "rbf"
  },
  "best_cv_score": 0.9656321839080461,
  "test_metrics": {
    "accuracy": 0.891156462585034,
    "precision": 0.5294117647058824,
    "recall": 0.5294117647058824,
    "f1_score": 0.5294117647058824
  },
  "timestamp": "2025-12-12T02:21:48.646414",
  "cv_folds": 10,
  "n_combinations_tested": 72,
  "total_fits": 720,
  "time_seconds": 7.29881,
  "dataset_info": {
    "n_samples": 584,
    "n_features": 65
  }
}