{
  "best_params": {
    "C": 100,
    "gamma": 0.1,
    "kernel": "rbf"
  },
  "best_cv_score": 0.919691649134629,
  "test_metrics": {
    "accuracy": 0.9047619047619048,
    "precision": 0.6666666666666666,
    "recall": 0.35294117647058826,
    "f1_score": 0.46153846153846156
  },
  "timestamp": "2025-11-27T19:34:09.137331"
}