{
  "best_params": {
    "criterion": "entropy",
    "max_depth": 20,
    "min_samples_leaf": 1,
    "min_samples_split": 2
  },
  "best_cv_score": 0.8567403935944705,
  "test_metrics": {
    "accuracy": 0.7605633802816901,
    "precision": 0.44086021505376344,
    "recall": 0.7192982456140351,
    "f1_score": 0.5466666666666666,
    "f2_score": 0.6386292834890965
  },
  "timestamp": "2025-12-11T09:16:38.236497",
  "confusion_matrix": [
    [
      175,
      52
    ],
    [
      16,
      41
    ]
  ],
  "labels": [
    0,
    1
  ]
}