{
  "best_params": {
    "criterion": "entropy",
    "max_depth": 20,
    "min_samples_leaf": 1,
    "min_samples_split": 2
  },
  "best_cv_score": 0.8433897116646004,
  "test_metrics": {
    "accuracy": 0.7605633802816901,
    "precision": 0.44086021505376344,
    "recall": 0.7192982456140351,
    "f1_score": 0.5466666666666666
  },
  "timestamp": "2025-11-27T19:58:51.404715"
}