{
  "best_params": {
    "var_smoothing": 1e-05
  },
  "best_cv_score": 0.3426220596331272,
  "test_metrics": {
    "accuracy": 0.8345070422535211,
    "precision": 0.7777777777777778,
    "recall": 0.24561403508771928,
    "f1_score": 0.37333333333333335,
    "f2_score": 0.2845528455284553
  },
  "timestamp": "2025-12-11T09:16:34.873250",
  "confusion_matrix": [
    [
      223,
      4
    ],
    [
      43,
      14
    ]
  ],
  "labels": [
    0,
    1
  ]
}