{
  "best_params": {
    "var_smoothing": 1e-05
  },
  "best_cv_score": 0.4378998129539455,
  "test_metrics": {
    "accuracy": 0.8345070422535211,
    "precision": 0.7777777777777778,
    "recall": 0.24561403508771928,
    "f1_score": 0.37333333333333335
  },
  "timestamp": "2025-11-27T19:58:50.510579"
}