{
  "best_params": {
    "C": 10,
    "gamma": 0.1,
    "kernel": "rbf"
  },
  "best_cv_score": 0.8444600706860547,
  "test_metrics": {
    "accuracy": 0.8345070422535211,
    "precision": 0.6086956521739131,
    "recall": 0.49122807017543857,
    "f1_score": 0.5436893203883495
  },
  "timestamp": "2025-11-27T19:58:51.333678"
}