{
  "best_params": {
    "C": 1000,
    "gamma": 0.01,
    "kernel": "rbf"
  },
  "best_cv_score": 0.8887531328320802,
  "test_metrics": {
    "accuracy": 0.8098591549295775,
    "precision": 0.5272727272727272,
    "recall": 0.5087719298245614,
    "f1_score": 0.5178571428571429
  },
  "timestamp": "2025-12-12T02:19:42.105470",
  "cv_folds": 10,
  "n_combinations_tested": 72,
  "total_fits": 720,
  "time_seconds": 18.766495,
  "dataset_info": {
    "n_samples": 1132,
    "n_features": 65
  }
}