{
  "best_params": {
    "C": 1000,
    "gamma": 0.01,
    "kernel": "rbf"
  },
  "best_cv_score": 0.8780908763883517,
  "test_metrics": {
    "accuracy": 0.8098591549295775,
    "precision": 0.5272727272727272,
    "recall": 0.5087719298245614,
    "f1_score": 0.5178571428571429,
    "f2_score": 0.5123674911660777
  },
  "timestamp": "2025-12-11T09:16:38.225112",
  "confusion_matrix": [
    [
      201,
      26
    ],
    [
      28,
      29
    ]
  ],
  "labels": [
    0,
    1
  ]
}