{
  "best_params": {
    "C": 1000,
    "gamma": 0.01,
    "kernel": "rbf"
  },
  "best_cv_score": 0.8656985252729933,
  "test_metrics": {
    "accuracy": 0.8098591549295775,
    "precision": 0.5272727272727272,
    "recall": 0.5087719298245614,
    "f1_score": 0.5178571428571429
  },
  "timestamp": "2025-11-28T13:32:47.028294"
}