{
  "TP": 43,
  "TN": 179,
  "FP": 285,
  "FN": 34,
  "P": 77,
  "N": 464,
  "Total": 541,
  "Error": 0.589648798521257,
  "Exactitud": 0.41035120147874304,
  "TP_Rate": 0.5584415584415584,
  "FP_Rate": 0.6142241379310345,
  "Precision": 0.13109756097560976,
  "Recall": 0.5584415584415584,
  "Sensibilidad": 0.5584415584415584,
  "Especificidad": 0.3857758620689655,
  "F1_Score": 0.2123456790123457,
  "Accuracy_sklearn": 0.41035120147874304,
  "best_hyperparameters": {
    "C": 100,
    "gamma": 0.001,
    "kernel": "linear"
  },
  "cv_best_score": 0.6106451612903226,
  "timestamp": "2025-12-12T02:33:04.503432",
  "confusion_matrix": [
    [
      179,
      285
    ],
    [
      34,
      43
    ]
  ]
}