{
  "TP": 13,
  "TN": 196,
  "FP": 131,
  "FN": 13,
  "P": 26,
  "N": 327,
  "Total": 353,
  "Error": 0.40793201133144474,
  "Exactitud": 0.5920679886685553,
  "TP_Rate": 0.5,
  "FP_Rate": 0.40061162079510704,
  "Precision": 0.09027777777777778,
  "Recall": 0.5,
  "Sensibilidad": 0.5,
  "Especificidad": 0.599388379204893,
  "F1_Score": 0.15294117647058825,
  "Accuracy_sklearn": 0.5920679886685553,
  "best_hyperparameters": {
    "C": 1000,
    "gamma": 0.001,
    "kernel": "linear"
  },
  "cv_best_score": 0.49909090909090903,
  "timestamp": "2025-12-12T02:41:27.964424",
  "confusion_matrix": [
    [
      196,
      131
    ],
    [
      13,
      13
    ]
  ]
}