{
  "dataset": "jruby-1.1",
  "balancing_method": "hcbou",
  "scaler_type": "robust",
  "models": {
    "svm": {
      "F1_Score": 0.48,
      "F2_Score": 0.594059405940594,
      "Exactitud": 0.8231292517006803,
      "Accuracy": 0.8231292517006803,
      "Balanced_Accuracy": 0.7721719457013575,
      "BER": 0.2278280542986425,
      "MCC": 0.4172151736913274,
      "Precision": 0.36363636363636365,
      "Recall": 0.7058823529411765,
      "Sensibilidad": 0.7058823529411765,
      "Especificidad": 0.8384615384615385,
      "Error": 0.17687074829931973,
      "TP_Rate": 0.7058823529411765,
      "FP_Rate": 0.16153846153846155,
      "ROC_AUC": 0.7656108597285068,
      "confusion_matrix": [
        [
          109,
          21
        ],
        [
          5,
          12
        ]
      ]
    },
    "naive_bayes_gaussian": {
      "F1_Score": 0.1111111111111111,
      "F2_Score": 0.07246376811594203,
      "Exactitud": 0.891156462585034,
      "Accuracy": 0.891156462585034,
      "Balanced_Accuracy": 0.5294117647058824,
      "BER": 0.47058823529411764,
      "MCC": 0.2288604710946246,
      "Precision": 1.0,
      "Recall": 0.058823529411764705,
      "Sensibilidad": 0.058823529411764705,
      "Especificidad": 1.0,
      "Error": 0.10884353741496598,
      "TP_Rate": 0.058823529411764705,
      "FP_Rate": 0.0,
      "ROC_AUC": 0.8710407239819005,
      "confusion_matrix": [
        [
          130,
          0
        ],
        [
          16,
          1
        ]
      ]
    },
    "decision_tree": {
      "F1_Score": 0.4444444444444444,
      "F2_Score": 0.5208333333333334,
      "Exactitud": 0.8299319727891157,
      "Accuracy": 0.8299319727891157,
      "Balanced_Accuracy": 0.7248868778280544,
      "BER": 0.2751131221719456,
      "MCC": 0.366300702181171,
      "Precision": 0.35714285714285715,
      "Recall": 0.5882352941176471,
      "Sensibilidad": 0.5882352941176471,
      "Especificidad": 0.8615384615384616,
      "Error": 0.17006802721088435,
      "TP_Rate": 0.5882352941176471,
      "FP_Rate": 0.13846153846153847,
      "ROC_AUC": 0.7248868778280544,
      "confusion_matrix": [
        [
          112,
          18
        ],
        [
          7,
          10
        ]
      ]
    }
  },
  "timestamp": "2025-12-11T09:18:22.353284"
}