{
  "dataset": "jruby-1.1",
  "balancing_method": "hcbou",
  "scaler_type": "robust",
  "models": {
    "svm": {
      "F1_Score": 0.5128205128205128,
      "Exactitud": 0.8707482993197279,
      "Precision": 0.45454545454545453,
      "Recall": 0.5882352941176471,
      "Sensibilidad": 0.5882352941176471,
      "Especificidad": 0.9076923076923077,
      "Error": 0.1292517006802721,
      "TP_Rate": 0.5882352941176471,
      "FP_Rate": 0.09230769230769231,
      "ROC_AUC": 0.820814479638009,
      "confusion_matrix": [
        [
          118,
          12
        ],
        [
          7,
          10
        ]
      ]
    },
    "naive_bayes_gaussian": {
      "F1_Score": 0.1111111111111111,
      "Exactitud": 0.891156462585034,
      "Precision": 1.0,
      "Recall": 0.058823529411764705,
      "Sensibilidad": 0.058823529411764705,
      "Especificidad": 1.0,
      "Error": 0.10884353741496598,
      "TP_Rate": 0.058823529411764705,
      "FP_Rate": 0.0,
      "ROC_AUC": 0.8710407239819005,
      "confusion_matrix": [
        [
          130,
          0
        ],
        [
          16,
          1
        ]
      ]
    },
    "decision_tree": {
      "F1_Score": 0.5,
      "Exactitud": 0.8503401360544217,
      "Precision": 0.4074074074074074,
      "Recall": 0.6470588235294118,
      "Sensibilidad": 0.6470588235294118,
      "Especificidad": 0.8769230769230769,
      "Error": 0.14965986394557823,
      "TP_Rate": 0.6470588235294118,
      "FP_Rate": 0.12307692307692308,
      "ROC_AUC": 0.7619909502262443,
      "confusion_matrix": [
        [
          114,
          16
        ],
        [
          6,
          11
        ]
      ]
    }
  },
  "timestamp": "2025-11-28T13:34:15.951997"
}