{
  "TP": 10,
  "TN": 112,
  "FP": 18,
  "FN": 7,
  "P": 17,
  "N": 130,
  "Total": 147,
  "Error": 0.17006802721088435,
  "Exactitud": 0.8299319727891157,
  "TP_Rate": 0.5882352941176471,
  "FP_Rate": 0.13846153846153847,
  "Precision": 0.35714285714285715,
  "Recall": 0.5882352941176471,
  "Sensibilidad": 0.5882352941176471,
  "Especificidad": 0.8615384615384616,
  "F1_Score": 0.4444444444444444,
  "Accuracy_sklearn": 0.8299319727891157,
  "F2_Score": 0.5208333333333334,
  "Balanced_Accuracy": 0.7248868778280544,
  "BER": 0.2751131221719456,
  "MCC": 0.366300702181171,
  "Accuracy": 0.8299319727891157,
  "ROC_AUC": 0.7248868778280544,
  "PR_AUC": 0.4964985994397759,
  "classification_report": {
    "No-Buggy": {
      "precision": 0.9411764705882353,
      "recall": 0.8615384615384616,
      "f1-score": 0.8995983935742972,
      "support": 130.0
    },
    "Buggy": {
      "precision": 0.35714285714285715,
      "recall": 0.5882352941176471,
      "f1-score": 0.4444444444444444,
      "support": 17.0
    },
    "accuracy": 0.8299319727891157,
    "macro avg": {
      "precision": 0.6491596638655462,
      "recall": 0.7248868778280544,
      "f1-score": 0.6720214190093707,
      "support": 147.0
    },
    "weighted avg": {
      "precision": 0.8736351683530555,
      "recall": 0.8299319727891157,
      "f1-score": 0.8469615423143821,
      "support": 147.0
    }
  },
  "confusion_matrix": [
    [
      112,
      18
    ],
    [
      7,
      10
    ]
  ],
  "training_time_seconds": 0.006771,
  "best_hyperparameters": {
    "criterion": "gini",
    "max_depth": 20,
    "min_samples_leaf": 1,
    "min_samples_split": 2
  },
  "timestamp": "2025-12-11T09:18:22.124569"
}