{
  "TP": 11,
  "TN": 114,
  "FP": 16,
  "FN": 6,
  "P": 17,
  "N": 130,
  "Total": 147,
  "Error": 0.14965986394557823,
  "Exactitud": 0.8503401360544217,
  "TP_Rate": 0.6470588235294118,
  "FP_Rate": 0.12307692307692308,
  "Precision": 0.4074074074074074,
  "Recall": 0.6470588235294118,
  "Sensibilidad": 0.6470588235294118,
  "Especificidad": 0.8769230769230769,
  "F1_Score": 0.5,
  "Accuracy_sklearn": 0.8503401360544217,
  "ROC_AUC": 0.7619909502262443,
  "PR_AUC": 0.5476412787337157,
  "classification_report": {
    "No-Buggy": {
      "precision": 0.95,
      "recall": 0.8769230769230769,
      "f1-score": 0.912,
      "support": 130.0
    },
    "Buggy": {
      "precision": 0.4074074074074074,
      "recall": 0.6470588235294118,
      "f1-score": 0.5,
      "support": 17.0
    },
    "accuracy": 0.8503401360544217,
    "macro avg": {
      "precision": 0.6787037037037037,
      "recall": 0.7619909502262443,
      "f1-score": 0.706,
      "support": 147.0
    },
    "weighted avg": {
      "precision": 0.8872511967750063,
      "recall": 0.8503401360544217,
      "f1-score": 0.8643537414965986,
      "support": 147.0
    }
  },
  "confusion_matrix": [
    [
      114,
      16
    ],
    [
      6,
      11
    ]
  ],
  "training_time_seconds": 0.007006,
  "best_hyperparameters": {
    "criterion": "entropy",
    "max_depth": 20,
    "min_samples_leaf": 1,
    "min_samples_split": 2
  },
  "timestamp": "2025-11-27T19:34:19.764122"
}