{
  "TP": 12,
  "TN": 109,
  "FP": 21,
  "FN": 5,
  "P": 17,
  "N": 130,
  "Total": 147,
  "Error": 0.17687074829931973,
  "Exactitud": 0.8231292517006803,
  "TP_Rate": 0.7058823529411765,
  "FP_Rate": 0.16153846153846155,
  "Precision": 0.36363636363636365,
  "Recall": 0.7058823529411765,
  "Sensibilidad": 0.7058823529411765,
  "Especificidad": 0.8384615384615385,
  "F1_Score": 0.48,
  "Accuracy_sklearn": 0.8231292517006803,
  "F2_Score": 0.594059405940594,
  "Balanced_Accuracy": 0.7721719457013575,
  "BER": 0.2278280542986425,
  "MCC": 0.4172151736913274,
  "Accuracy": 0.8231292517006803,
  "ROC_AUC": 0.7656108597285068,
  "PR_AUC": 0.3203682494673551,
  "classification_report": {
    "No-Buggy": {
      "precision": 0.956140350877193,
      "recall": 0.8384615384615385,
      "f1-score": 0.8934426229508197,
      "support": 130.0
    },
    "Buggy": {
      "precision": 0.36363636363636365,
      "recall": 0.7058823529411765,
      "f1-score": 0.48,
      "support": 17.0
    },
    "accuracy": 0.8231292517006803,
    "macro avg": {
      "precision": 0.6598883572567783,
      "recall": 0.7721719457013575,
      "f1-score": 0.6867213114754098,
      "support": 147.0
    },
    "weighted avg": {
      "precision": 0.8876194816044439,
      "recall": 0.8231292517006803,
      "f1-score": 0.8456295305007249,
      "support": 147.0
    }
  },
  "confusion_matrix": [
    [
      109,
      21
    ],
    [
      5,
      12
    ]
  ],
  "training_time_seconds": 0.006677,
  "best_hyperparameters": {
    "C": 10,
    "gamma": 0.1,
    "kernel": "rbf"
  },
  "timestamp": "2025-12-11T09:18:21.650690"
}