{
  "TP": 10,
  "TN": 118,
  "FP": 12,
  "FN": 7,
  "P": 17,
  "N": 130,
  "Total": 147,
  "Error": 0.1292517006802721,
  "Exactitud": 0.8707482993197279,
  "TP_Rate": 0.5882352941176471,
  "FP_Rate": 0.09230769230769231,
  "Precision": 0.45454545454545453,
  "Recall": 0.5882352941176471,
  "Sensibilidad": 0.5882352941176471,
  "Especificidad": 0.9076923076923077,
  "F1_Score": 0.5128205128205128,
  "Accuracy_sklearn": 0.8707482993197279,
  "ROC_AUC": 0.820814479638009,
  "PR_AUC": 0.4227323413382955,
  "classification_report": {
    "No-Buggy": {
      "precision": 0.944,
      "recall": 0.9076923076923077,
      "f1-score": 0.9254901960784314,
      "support": 130.0
    },
    "Buggy": {
      "precision": 0.45454545454545453,
      "recall": 0.5882352941176471,
      "f1-score": 0.5128205128205128,
      "support": 17.0
    },
    "accuracy": 0.8707482993197279,
    "macro avg": {
      "precision": 0.6992727272727273,
      "recall": 0.7479638009049774,
      "f1-score": 0.7191553544494721,
      "support": 147.0
    },
    "weighted avg": {
      "precision": 0.8873964131106987,
      "recall": 0.8707482993197279,
      "f1-score": 0.8777664912118694,
      "support": 147.0
    }
  },
  "confusion_matrix": [
    [
      118,
      12
    ],
    [
      7,
      10
    ]
  ],
  "training_time_seconds": 0.022359,
  "best_hyperparameters": {
    "C": 10,
    "gamma": "auto",
    "kernel": "rbf"
  },
  "timestamp": "2025-11-27T20:00:00.771615"
}