{
  "best_params": {
    "criterion": "entropy",
    "max_depth": 10,
    "min_samples_leaf": 1,
    "min_samples_split": 2
  },
  "best_cv_score": 0.8512147468569488,
  "test_metrics": {
    "accuracy": 0.7208872458410351,
    "precision": 0.27710843373493976,
    "recall": 0.5974025974025974,
    "f1_score": 0.3786008230452675
  },
  "timestamp": "2025-12-12T02:31:58.012579",
  "cv_folds": 10,
  "n_combinations_tested": 160,
  "total_fits": 1600,
  "time_seconds": 4.785605,
  "dataset_info": {
    "n_samples": 2164,
    "n_features": 20
  }
}