{
  "TP": 8,
  "TN": 121,
  "FP": 9,
  "FN": 9,
  "P": 17,
  "N": 130,
  "Total": 147,
  "Error": 0.12244897959183673,
  "Exactitud": 0.8775510204081632,
  "TP_Rate": 0.47058823529411764,
  "FP_Rate": 0.06923076923076923,
  "Precision": 0.47058823529411764,
  "Recall": 0.47058823529411764,
  "Sensibilidad": 0.47058823529411764,
  "Especificidad": 0.9307692307692308,
  "F1_Score": 0.47058823529411764,
  "Accuracy_sklearn": 0.8775510204081632,
  "best_hyperparameters": {
    "C": 100,
    "gamma": 0.01,
    "kernel": "rbf"
  },
  "cv_best_score": 0.9519540229885057,
  "timestamp": "2025-12-12T02:21:58.760262",
  "confusion_matrix": [
    [
      121,
      9
    ],
    [
      9,
      8
    ]
  ]
}