{
  "TP": 23,
  "TN": 140,
  "FP": 187,
  "FN": 3,
  "P": 26,
  "N": 327,
  "Total": 353,
  "Error": 0.5382436260623229,
  "Exactitud": 0.46175637393767704,
  "TP_Rate": 0.8846153846153846,
  "FP_Rate": 0.5718654434250765,
  "Precision": 0.10952380952380952,
  "Recall": 0.8846153846153846,
  "Sensibilidad": 0.8846153846153846,
  "Especificidad": 0.42813455657492355,
  "F1_Score": 0.19491525423728814,
  "Accuracy_sklearn": 0.46175637393767704,
  "best_hyperparameters": {
    "C": 0.1,
    "gamma": 1,
    "kernel": "rbf"
  },
  "cv_best_score": 0.938913480885312,
  "timestamp": "2025-12-12T02:41:28.064585",
  "confusion_matrix": [
    [
      140,
      187
    ],
    [
      3,
      23
    ]
  ]
}