{
  "dataset": "groovy-1_6_BETA_1",
  "balancing_method": "smote",
  "scaler_type": "standard",
  "models": {
    "svm": {
      "F1_Score": 0.4,
      "Exactitud": 0.8909090909090909,
      "Precision": 0.375,
      "Recall": 0.42857142857142855,
      "Sensibilidad": 0.42857142857142855,
      "Especificidad": 0.9337748344370861,
      "Error": 0.10909090909090909,
      "TP_Rate": 0.42857142857142855,
      "FP_Rate": 0.06622516556291391,
      "ROC_AUC": 0.7989593188268685,
      "confusion_matrix": [
        [
          141,
          10
        ],
        [
          8,
          6
        ]
      ]
    },
    "naive_bayes_gaussian": {
      "F1_Score": 0.2702702702702703,
      "Exactitud": 0.8363636363636363,
      "Precision": 0.21739130434782608,
      "Recall": 0.35714285714285715,
      "Sensibilidad": 0.35714285714285715,
      "Especificidad": 0.8807947019867549,
      "Error": 0.16363636363636364,
      "TP_Rate": 0.35714285714285715,
      "FP_Rate": 0.11920529801324503,
      "ROC_AUC": 0.7015137180700095,
      "confusion_matrix": [
        [
          133,
          18
        ],
        [
          9,
          5
        ]
      ]
    },
    "decision_tree": {
      "F1_Score": 0.34285714285714286,
      "Exactitud": 0.8606060606060606,
      "Precision": 0.2857142857142857,
      "Recall": 0.42857142857142855,
      "Sensibilidad": 0.42857142857142855,
      "Especificidad": 0.9006622516556292,
      "Error": 0.1393939393939394,
      "TP_Rate": 0.42857142857142855,
      "FP_Rate": 0.09933774834437085,
      "ROC_AUC": 0.6603595080416272,
      "confusion_matrix": [
        [
          136,
          15
        ],
        [
          8,
          6
        ]
      ]
    }
  },
  "timestamp": "2025-11-27T19:57:43.112252"
}