{
  "dataset": "groovy-1_6_BETA_1",
  "balancing_method": "smote",
  "scaler_type": "standard",
  "models": {
    "svm": {
      "F1_Score": 0.34782608695652173,
      "F2_Score": 0.3076923076923077,
      "Exactitud": 0.9090909090909091,
      "Accuracy": 0.9090909090909091,
      "Balanced_Accuracy": 0.6263008514664143,
      "BER": 0.37369914853358566,
      "MCC": 0.3099596855577079,
      "Precision": 0.4444444444444444,
      "Recall": 0.2857142857142857,
      "Sensibilidad": 0.2857142857142857,
      "Especificidad": 0.9668874172185431,
      "Error": 0.09090909090909091,
      "TP_Rate": 0.2857142857142857,
      "FP_Rate": 0.033112582781456956,
      "ROC_AUC": 0.8174077578051088,
      "confusion_matrix": [
        [
          146,
          5
        ],
        [
          10,
          4
        ]
      ]
    },
    "naive_bayes_gaussian": {
      "F1_Score": 0.2631578947368421,
      "F2_Score": 0.3125,
      "Exactitud": 0.8303030303030303,
      "Accuracy": 0.8303030303030303,
      "Balanced_Accuracy": 0.6156575212866604,
      "BER": 0.3843424787133396,
      "MCC": 0.18282736096644084,
      "Precision": 0.20833333333333334,
      "Recall": 0.35714285714285715,
      "Sensibilidad": 0.35714285714285715,
      "Especificidad": 0.8741721854304636,
      "Error": 0.1696969696969697,
      "TP_Rate": 0.35714285714285715,
      "FP_Rate": 0.12582781456953643,
      "ROC_AUC": 0.7015137180700095,
      "confusion_matrix": [
        [
          132,
          19
        ],
        [
          9,
          5
        ]
      ]
    },
    "decision_tree": {
      "F1_Score": 0.34285714285714286,
      "F2_Score": 0.38961038961038963,
      "Exactitud": 0.8606060606060606,
      "Accuracy": 0.8606060606060606,
      "Balanced_Accuracy": 0.6646168401135288,
      "BER": 0.33538315988647116,
      "MCC": 0.27527441901953953,
      "Precision": 0.2857142857142857,
      "Recall": 0.42857142857142855,
      "Sensibilidad": 0.42857142857142855,
      "Especificidad": 0.9006622516556292,
      "Error": 0.1393939393939394,
      "TP_Rate": 0.42857142857142855,
      "FP_Rate": 0.09933774834437085,
      "ROC_AUC": 0.6603595080416272,
      "confusion_matrix": [
        [
          136,
          15
        ],
        [
          8,
          6
        ]
      ]
    }
  },
  "timestamp": "2025-12-11T09:14:29.359916"
}