{
  "dataset": "groovy-1_6_BETA_1",
  "balancing_method": "smote",
  "scaler_type": "standard",
  "models": {
    "svm": {
      "F1_Score": 0.4,
      "Exactitud": 0.8909090909090909,
      "Precision": 0.375,
      "Recall": 0.42857142857142855,
      "Sensibilidad": 0.42857142857142855,
      "Especificidad": 0.9337748344370861,
      "Error": 0.10909090909090909,
      "TP_Rate": 0.42857142857142855,
      "FP_Rate": 0.06622516556291391,
      "ROC_AUC": 0.7989593188268685,
      "confusion_matrix": [
        [
          141,
          10
        ],
        [
          8,
          6
        ]
      ]
    },
    "naive_bayes_gaussian": {
      "F1_Score": 0.2631578947368421,
      "Exactitud": 0.8303030303030303,
      "Precision": 0.20833333333333334,
      "Recall": 0.35714285714285715,
      "Sensibilidad": 0.35714285714285715,
      "Especificidad": 0.8741721854304636,
      "Error": 0.1696969696969697,
      "TP_Rate": 0.35714285714285715,
      "FP_Rate": 0.12582781456953643,
      "ROC_AUC": 0.7015137180700095,
      "confusion_matrix": [
        [
          132,
          19
        ],
        [
          9,
          5
        ]
      ]
    },
    "decision_tree": {
      "F1_Score": 0.3870967741935484,
      "Exactitud": 0.8848484848484849,
      "Precision": 0.35294117647058826,
      "Recall": 0.42857142857142855,
      "Sensibilidad": 0.42857142857142855,
      "Especificidad": 0.9271523178807947,
      "Error": 0.11515151515151516,
      "TP_Rate": 0.42857142857142855,
      "FP_Rate": 0.0728476821192053,
      "ROC_AUC": 0.6778618732261116,
      "confusion_matrix": [
        [
          140,
          11
        ],
        [
          8,
          6
        ]
      ]
    }
  },
  "timestamp": "2025-11-28T13:31:10.104720"
}