{
  "TP": 6,
  "TN": 136,
  "FP": 15,
  "FN": 8,
  "P": 14,
  "N": 151,
  "Total": 165,
  "Error": 0.1393939393939394,
  "Exactitud": 0.8606060606060606,
  "TP_Rate": 0.42857142857142855,
  "FP_Rate": 0.09933774834437085,
  "Precision": 0.2857142857142857,
  "Recall": 0.42857142857142855,
  "Sensibilidad": 0.42857142857142855,
  "Especificidad": 0.9006622516556292,
  "F1_Score": 0.34285714285714286,
  "Accuracy_sklearn": 0.8606060606060606,
  "ROC_AUC": 0.6603595080416272,
  "PR_AUC": 0.17016079158936298,
  "classification_report": {
    "No-Buggy": {
      "precision": 0.9444444444444444,
      "recall": 0.9006622516556292,
      "f1-score": 0.9220338983050848,
      "support": 151.0
    },
    "Buggy": {
      "precision": 0.2857142857142857,
      "recall": 0.42857142857142855,
      "f1-score": 0.34285714285714286,
      "support": 14.0
    },
    "accuracy": 0.8606060606060606,
    "macro avg": {
      "precision": 0.6150793650793651,
      "recall": 0.6646168401135288,
      "f1-score": 0.6324455205811138,
      "support": 165.0
    },
    "weighted avg": {
      "precision": 0.8885521885521885,
      "recall": 0.8606060606060606,
      "f1-score": 0.8728916281458654,
      "support": 165.0
    }
  },
  "confusion_matrix": [
    [
      136,
      15
    ],
    [
      8,
      6
    ]
  ],
  "training_time_seconds": 0.007643,
  "best_hyperparameters": {
    "criterion": "gini",
    "max_depth": 10,
    "min_samples_leaf": 1,
    "min_samples_split": 2
  },
  "timestamp": "2025-11-27T19:57:42.855378"
}