{
  "TP": 5,
  "TN": 132,
  "FP": 19,
  "FN": 9,
  "P": 14,
  "N": 151,
  "Total": 165,
  "Error": 0.1696969696969697,
  "Exactitud": 0.8303030303030303,
  "TP_Rate": 0.35714285714285715,
  "FP_Rate": 0.12582781456953643,
  "Precision": 0.20833333333333334,
  "Recall": 0.35714285714285715,
  "Sensibilidad": 0.35714285714285715,
  "Especificidad": 0.8741721854304636,
  "F1_Score": 0.2631578947368421,
  "Accuracy_sklearn": 0.8303030303030303,
  "ROC_AUC": 0.7015137180700095,
  "PR_AUC": 0.3144157742069353,
  "classification_report": {
    "No-Buggy": {
      "precision": 0.9361702127659575,
      "recall": 0.8741721854304636,
      "f1-score": 0.9041095890410958,
      "support": 151.0
    },
    "Buggy": {
      "precision": 0.20833333333333334,
      "recall": 0.35714285714285715,
      "f1-score": 0.2631578947368421,
      "support": 14.0
    },
    "accuracy": 0.8303030303030303,
    "macro avg": {
      "precision": 0.5722517730496454,
      "recall": 0.6156575212866604,
      "f1-score": 0.583633741888969,
      "support": 165.0
    },
    "weighted avg": {
      "precision": 0.8744143563292499,
      "recall": 0.8303030303030303,
      "f1-score": 0.8497258089183106,
      "support": 165.0
    }
  },
  "confusion_matrix": [
    [
      132,
      19
    ],
    [
      9,
      5
    ]
  ],
  "training_time_seconds": 0.000754,
  "best_hyperparameters": {
    "var_smoothing": 1e-09
  },
  "timestamp": "2025-11-28T13:31:09.571589"
}