{
  "TP": 5,
  "TN": 133,
  "FP": 18,
  "FN": 9,
  "P": 14,
  "N": 151,
  "Total": 165,
  "Error": 0.16363636363636364,
  "Exactitud": 0.8363636363636363,
  "TP_Rate": 0.35714285714285715,
  "FP_Rate": 0.11920529801324503,
  "Precision": 0.21739130434782608,
  "Recall": 0.35714285714285715,
  "Sensibilidad": 0.35714285714285715,
  "Especificidad": 0.8807947019867549,
  "F1_Score": 0.2702702702702703,
  "Accuracy_sklearn": 0.8363636363636363,
  "ROC_AUC": 0.7015137180700095,
  "PR_AUC": 0.3144157742069353,
  "classification_report": {
    "No-Buggy": {
      "precision": 0.9366197183098591,
      "recall": 0.8807947019867549,
      "f1-score": 0.9078498293515358,
      "support": 151.0
    },
    "Buggy": {
      "precision": 0.21739130434782608,
      "recall": 0.35714285714285715,
      "f1-score": 0.2702702702702703,
      "support": 14.0
    },
    "accuracy": 0.8363636363636363,
    "macro avg": {
      "precision": 0.5770055113288426,
      "recall": 0.618968779564806,
      "f1-score": 0.5890600498109031,
      "support": 165.0
    },
    "weighted avg": {
      "precision": 0.8755942771252018,
      "recall": 0.8363636363636363,
      "f1-score": 0.8537521697931254,
      "support": 165.0
    }
  },
  "confusion_matrix": [
    [
      133,
      18
    ],
    [
      9,
      5
    ]
  ],
  "training_time_seconds": 0.000755,
  "best_hyperparameters": {
    "var_smoothing": 1e-06
  },
  "timestamp": "2025-11-27T19:32:05.277653"
}