{
  "TP": 4,
  "TN": 146,
  "FP": 5,
  "FN": 10,
  "P": 14,
  "N": 151,
  "Total": 165,
  "Error": 0.09090909090909091,
  "Exactitud": 0.9090909090909091,
  "TP_Rate": 0.2857142857142857,
  "FP_Rate": 0.033112582781456956,
  "Precision": 0.4444444444444444,
  "Recall": 0.2857142857142857,
  "Sensibilidad": 0.2857142857142857,
  "Especificidad": 0.9668874172185431,
  "F1_Score": 0.34782608695652173,
  "Accuracy_sklearn": 0.9090909090909091,
  "F2_Score": 0.3076923076923077,
  "Balanced_Accuracy": 0.6263008514664143,
  "BER": 0.37369914853358566,
  "MCC": 0.3099596855577079,
  "Accuracy": 0.9090909090909091,
  "ROC_AUC": 0.8174077578051088,
  "PR_AUC": 0.44386637434396214,
  "classification_report": {
    "No-Buggy": {
      "precision": 0.9358974358974359,
      "recall": 0.9668874172185431,
      "f1-score": 0.9511400651465798,
      "support": 151.0
    },
    "Buggy": {
      "precision": 0.4444444444444444,
      "recall": 0.2857142857142857,
      "f1-score": 0.34782608695652173,
      "support": 14.0
    },
    "accuracy": 0.9090909090909091,
    "macro avg": {
      "precision": 0.6901709401709402,
      "recall": 0.6263008514664143,
      "f1-score": 0.6494830760515508,
      "support": 165.0
    },
    "weighted avg": {
      "precision": 0.8941983941983942,
      "recall": 0.9090909090909091,
      "f1-score": 0.8999497882092415,
      "support": 165.0
    }
  },
  "confusion_matrix": [
    [
      146,
      5
    ],
    [
      10,
      4
    ]
  ],
  "training_time_seconds": 0.005083,
  "best_hyperparameters": {
    "C": 100,
    "gamma": "scale",
    "kernel": "rbf"
  },
  "timestamp": "2025-12-11T09:14:28.596860"
}