{
  "best_params": {
    "criterion": "gini",
    "max_depth": 10,
    "min_samples_leaf": 1,
    "min_samples_split": 5
  },
  "best_cv_score": 0.850996677740864,
  "test_metrics": {
    "accuracy": 0.7924528301886793,
    "precision": 0.5,
    "recall": 0.7727272727272727,
    "f1_score": 0.6071428571428571
  },
  "timestamp": "2025-12-12T02:35:03.268798",
  "cv_folds": 10,
  "n_combinations_tested": 160,
  "total_fits": 1600,
  "time_seconds": 3.902369,
  "dataset_info": {
    "n_samples": 846,
    "n_features": 20
  }
}