{
  "best_params": {
    "C": 0.1,
    "gamma": 1,
    "kernel": "rbf"
  },
  "best_cv_score": 0.9219822812846068,
  "test_metrics": {
    "accuracy": 0.5660377358490566,
    "precision": 0.3153846153846154,
    "recall": 0.9318181818181818,
    "f1_score": 0.47126436781609193
  },
  "timestamp": "2025-12-12T02:35:09.119156",
  "cv_folds": 10,
  "n_combinations_tested": 72,
  "total_fits": 720,
  "time_seconds": 9.753562,
  "dataset_info": {
    "n_samples": 846,
    "n_features": 20
  }
}