{
  "TP": 72,
  "TN": 140,
  "FP": 324,
  "FN": 5,
  "P": 77,
  "N": 464,
  "Total": 541,
  "Error": 0.6081330868761553,
  "Exactitud": 0.39186691312384475,
  "TP_Rate": 0.935064935064935,
  "FP_Rate": 0.6982758620689655,
  "Precision": 0.18181818181818182,
  "Recall": 0.935064935064935,
  "Sensibilidad": 0.935064935064935,
  "Especificidad": 0.3017241379310345,
  "F1_Score": 0.3044397463002114,
  "Accuracy_sklearn": 0.39186691312384475,
  "best_hyperparameters": {
    "C": 0.01,
    "gamma": 1,
    "kernel": "rbf"
  },
  "cv_best_score": 0.9298419979612641,
  "timestamp": "2025-12-12T02:33:04.741128",
  "confusion_matrix": [
    [
      140,
      324
    ],
    [
      5,
      72
    ]
  ]
}