{
  "dataset": "activemq-5.0.0",
  "balancing_method": "smote",
  "scaler_type": "standard",
  "models": {
    "svm": {
      "F1_Score": 0.30179028132992325,
      "Exactitud": 0.27586206896551724,
      "Precision": 0.17771084337349397,
      "Recall": 1.0,
      "Sensibilidad": 1.0,
      "Especificidad": 0.14150943396226415,
      "Error": 0.7241379310344828,
      "TP_Rate": 1.0,
      "FP_Rate": 0.8584905660377359,
      "ROC_AUC": 0.8374906726361796,
      "confusion_matrix": [
        [
          45,
          273
        ],
        [
          0,
          59
        ]
      ]
    },
    "naive_bayes_gaussian": {
      "F1_Score": 0.5426356589147286,
      "Exactitud": 0.843501326259947,
      "Precision": 0.5,
      "Recall": 0.5932203389830508,
      "Sensibilidad": 0.5932203389830508,
      "Especificidad": 0.889937106918239,
      "Error": 0.15649867374005305,
      "TP_Rate": 0.5932203389830508,
      "FP_Rate": 0.11006289308176101,
      "ROC_AUC": 0.8330668372241765,
      "confusion_matrix": [
        [
          283,
          35
        ],
        [
          24,
          35
        ]
      ]
    },
    "decision_tree": {
      "F1_Score": 0.6081081081081081,
      "Exactitud": 0.8461538461538461,
      "Precision": 0.5056179775280899,
      "Recall": 0.7627118644067796,
      "Sensibilidad": 0.7627118644067796,
      "Especificidad": 0.8616352201257862,
      "Error": 0.15384615384615385,
      "TP_Rate": 0.7627118644067796,
      "FP_Rate": 0.13836477987421383,
      "ROC_AUC": 0.881835625199872,
      "confusion_matrix": [
        [
          274,
          44
        ],
        [
          14,
          45
        ]
      ]
    }
  },
  "timestamp": "2025-11-28T13:28:55.716564"
}