{
  "dataset": "activemq-5.0.0",
  "balancing_method": "smote",
  "scaler_type": "standard",
  "models": {
    "svm": {
      "F1_Score": 0.5526315789473685,
      "F2_Score": 0.6382978723404256,
      "Exactitud": 0.8196286472148541,
      "Accuracy": 0.8196286472148541,
      "Balanced_Accuracy": 0.7757435241445475,
      "BER": 0.2242564758554525,
      "MCC": 0.46480869000490554,
      "Precision": 0.45161290322580644,
      "Recall": 0.711864406779661,
      "Sensibilidad": 0.711864406779661,
      "Especificidad": 0.839622641509434,
      "Error": 0.18037135278514588,
      "TP_Rate": 0.711864406779661,
      "FP_Rate": 0.16037735849056603,
      "ROC_AUC": 0.8648864726574993,
      "confusion_matrix": [
        [
          267,
          51
        ],
        [
          17,
          42
        ]
      ]
    },
    "naive_bayes_gaussian": {
      "F1_Score": 0.5426356589147286,
      "F2_Score": 0.5718954248366013,
      "Exactitud": 0.843501326259947,
      "Accuracy": 0.843501326259947,
      "Balanced_Accuracy": 0.741578722950645,
      "BER": 0.258421277049355,
      "MCC": 0.4514503924259606,
      "Precision": 0.5,
      "Recall": 0.5932203389830508,
      "Sensibilidad": 0.5932203389830508,
      "Especificidad": 0.889937106918239,
      "Error": 0.15649867374005305,
      "TP_Rate": 0.5932203389830508,
      "FP_Rate": 0.11006289308176101,
      "ROC_AUC": 0.8330668372241765,
      "confusion_matrix": [
        [
          283,
          35
        ],
        [
          24,
          35
        ]
      ]
    },
    "decision_tree": {
      "F1_Score": 0.5827814569536424,
      "F2_Score": 0.6707317073170732,
      "Exactitud": 0.8328912466843501,
      "Accuracy": 0.8328912466843501,
      "Balanced_Accuracy": 0.7974096578189959,
      "BER": 0.20259034218100413,
      "MCC": 0.5031625218165526,
      "Precision": 0.4782608695652174,
      "Recall": 0.7457627118644068,
      "Sensibilidad": 0.7457627118644068,
      "Especificidad": 0.8490566037735849,
      "Error": 0.16710875331564987,
      "TP_Rate": 0.7457627118644068,
      "FP_Rate": 0.1509433962264151,
      "ROC_AUC": 0.7974096578189959,
      "confusion_matrix": [
        [
          270,
          48
        ],
        [
          15,
          44
        ]
      ]
    }
  },
  "timestamp": "2025-12-11T09:11:21.004161"
}