{
  "dataset": "activemq-5.0.0",
  "balancing_method": "smote",
  "scaler_type": "standard",
  "models": {
    "svm": {
      "F1_Score": 0.5538461538461539,
      "Exactitud": 0.8461538461538461,
      "Precision": 0.5070422535211268,
      "Recall": 0.6101694915254238,
      "Sensibilidad": 0.6101694915254238,
      "Especificidad": 0.889937106918239,
      "Error": 0.15384615384615385,
      "TP_Rate": 0.6101694915254238,
      "FP_Rate": 0.11006289308176101,
      "ROC_AUC": 0.8456454535763778,
      "confusion_matrix": [
        [
          283,
          35
        ],
        [
          23,
          36
        ]
      ]
    },
    "naive_bayes_gaussian": {
      "F1_Score": 0.5426356589147286,
      "Exactitud": 0.843501326259947,
      "Precision": 0.5,
      "Recall": 0.5932203389830508,
      "Sensibilidad": 0.5932203389830508,
      "Especificidad": 0.889937106918239,
      "Error": 0.15649867374005305,
      "TP_Rate": 0.5932203389830508,
      "FP_Rate": 0.11006289308176101,
      "ROC_AUC": 0.8330668372241765,
      "confusion_matrix": [
        [
          283,
          35
        ],
        [
          24,
          35
        ]
      ]
    },
    "decision_tree": {
      "F1_Score": 0.6323529411764706,
      "Exactitud": 0.8673740053050398,
      "Precision": 0.5584415584415584,
      "Recall": 0.7288135593220338,
      "Sensibilidad": 0.7288135593220338,
      "Especificidad": 0.8930817610062893,
      "Error": 0.13262599469496023,
      "TP_Rate": 0.7288135593220338,
      "FP_Rate": 0.1069182389937107,
      "ROC_AUC": 0.8621948619550154,
      "confusion_matrix": [
        [
          284,
          34
        ],
        [
          16,
          43
        ]
      ]
    }
  },
  "timestamp": "2025-11-27T19:55:58.735103"
}