{
  "TP": 44,
  "TN": 270,
  "FP": 48,
  "FN": 15,
  "P": 59,
  "N": 318,
  "Total": 377,
  "Error": 0.16710875331564987,
  "Exactitud": 0.8328912466843501,
  "TP_Rate": 0.7457627118644068,
  "FP_Rate": 0.1509433962264151,
  "Precision": 0.4782608695652174,
  "Recall": 0.7457627118644068,
  "Sensibilidad": 0.7457627118644068,
  "Especificidad": 0.8490566037735849,
  "F1_Score": 0.5827814569536424,
  "Accuracy_sklearn": 0.8328912466843501,
  "F2_Score": 0.6707317073170732,
  "Balanced_Accuracy": 0.7974096578189959,
  "BER": 0.20259034218100413,
  "MCC": 0.5031625218165526,
  "Accuracy": 0.8328912466843501,
  "ROC_AUC": 0.7974096578189959,
  "PR_AUC": 0.6319056899190562,
  "classification_report": {
    "No-Buggy": {
      "precision": 0.9473684210526315,
      "recall": 0.8490566037735849,
      "f1-score": 0.8955223880597015,
      "support": 318.0
    },
    "Buggy": {
      "precision": 0.4782608695652174,
      "recall": 0.7457627118644068,
      "f1-score": 0.5827814569536424,
      "support": 59.0
    },
    "accuracy": 0.8328912466843501,
    "macro avg": {
      "precision": 0.7128146453089245,
      "recall": 0.7974096578189959,
      "f1-score": 0.7391519225066719,
      "support": 377.0
    },
    "weighted avg": {
      "precision": 0.8739537114034075,
      "recall": 0.8328912466843501,
      "f1-score": 0.846578847117374,
      "support": 377.0
    }
  },
  "confusion_matrix": [
    [
      270,
      48
    ],
    [
      15,
      44
    ]
  ],
  "training_time_seconds": 0.016402,
  "best_hyperparameters": {
    "criterion": "entropy",
    "max_depth": 20,
    "min_samples_leaf": 1,
    "min_samples_split": 2
  },
  "timestamp": "2025-12-11T09:11:20.789809"
}