{
  "TP": 42,
  "TN": 267,
  "FP": 51,
  "FN": 17,
  "P": 59,
  "N": 318,
  "Total": 377,
  "Error": 0.18037135278514588,
  "Exactitud": 0.8196286472148541,
  "TP_Rate": 0.711864406779661,
  "FP_Rate": 0.16037735849056603,
  "Precision": 0.45161290322580644,
  "Recall": 0.711864406779661,
  "Sensibilidad": 0.711864406779661,
  "Especificidad": 0.839622641509434,
  "F1_Score": 0.5526315789473685,
  "Accuracy_sklearn": 0.8196286472148541,
  "F2_Score": 0.6382978723404256,
  "Balanced_Accuracy": 0.7757435241445475,
  "BER": 0.2242564758554525,
  "MCC": 0.46480869000490554,
  "Accuracy": 0.8196286472148541,
  "ROC_AUC": 0.8648864726574993,
  "PR_AUC": 0.5539940326425608,
  "classification_report": {
    "No-Buggy": {
      "precision": 0.9401408450704225,
      "recall": 0.839622641509434,
      "f1-score": 0.8870431893687708,
      "support": 318.0
    },
    "Buggy": {
      "precision": 0.45161290322580644,
      "recall": 0.711864406779661,
      "f1-score": 0.5526315789473685,
      "support": 59.0
    },
    "accuracy": 0.8196286472148541,
    "macro avg": {
      "precision": 0.6958768741481145,
      "recall": 0.7757435241445475,
      "f1-score": 0.7198373841580696,
      "support": 377.0
    },
    "weighted avg": {
      "precision": 0.8636868700867824,
      "recall": 0.8196286472148541,
      "f1-score": 0.8347082158545461,
      "support": 377.0
    }
  },
  "confusion_matrix": [
    [
      267,
      51
    ],
    [
      17,
      42
    ]
  ],
  "training_time_seconds": 0.034798,
  "best_hyperparameters": {
    "C": 100,
    "gamma": 0.1,
    "kernel": "rbf"
  },
  "timestamp": "2025-12-11T09:11:20.312638"
}