{
  "TP": 59,
  "TN": 45,
  "FP": 273,
  "FN": 0,
  "P": 59,
  "N": 318,
  "Total": 377,
  "Error": 0.7241379310344828,
  "Exactitud": 0.27586206896551724,
  "TP_Rate": 1.0,
  "FP_Rate": 0.8584905660377359,
  "Precision": 0.17771084337349397,
  "Recall": 1.0,
  "Sensibilidad": 1.0,
  "Especificidad": 0.14150943396226415,
  "F1_Score": 0.30179028132992325,
  "Accuracy_sklearn": 0.27586206896551724,
  "ROC_AUC": 0.8374906726361796,
  "PR_AUC": 0.4130047876762763,
  "classification_report": {
    "No-Buggy": {
      "precision": 1.0,
      "recall": 0.14150943396226415,
      "f1-score": 0.24793388429752067,
      "support": 318.0
    },
    "Buggy": {
      "precision": 0.17771084337349397,
      "recall": 1.0,
      "f1-score": 0.30179028132992325,
      "support": 59.0
    },
    "accuracy": 0.27586206896551724,
    "macro avg": {
      "precision": 0.588855421686747,
      "recall": 0.5707547169811321,
      "f1-score": 0.27486208281372193,
      "support": 377.0
    },
    "weighted avg": {
      "precision": 0.8713128375571251,
      "recall": 0.27586206896551724,
      "f1-score": 0.2563623390055094,
      "support": 377.0
    }
  },
  "confusion_matrix": [
    [
      45,
      273
    ],
    [
      0,
      59
    ]
  ],
  "training_time_seconds": 0.032667,
  "best_hyperparameters": {
    "C": 0.01,
    "gamma": 1,
    "kernel": "rbf"
  },
  "timestamp": "2025-11-28T13:28:54.905100"
}