{
  "best_params": {
    "criterion": "entropy",
    "max_depth": 10,
    "min_samples_leaf": 1,
    "min_samples_split": 2
  },
  "best_cv_score": 0.8484794427454979,
  "test_metrics": {
    "accuracy": 0.7652495378927912,
    "precision": 0.29838709677419356,
    "recall": 0.4805194805194805,
    "f1_score": 0.3681592039800995
  },
  "timestamp": "2025-12-12T02:29:31.049623",
  "cv_folds": 10,
  "n_combinations_tested": 160,
  "total_fits": 1600,
  "time_seconds": 4.879154,
  "dataset_info": {
    "n_samples": 2164,
    "n_features": 20
  }
}