{
  "best_params": {
    "var_smoothing": 1e-09
  },
  "best_cv_score": 0.3844971117906898,
  "test_metrics": {
    "accuracy": 0.8484288354898336,
    "precision": 0.46153846153846156,
    "recall": 0.38961038961038963,
    "f1_score": 0.4225352112676056
  },
  "timestamp": "2025-12-12T02:29:28.824512",
  "cv_folds": 10,
  "n_combinations_tested": 6,
  "total_fits": 60,
  "time_seconds": 2.654231,
  "dataset_info": {
    "n_samples": 2164,
    "n_features": 20
  }
}