{
  "best_params": {
    "C": 100,
    "gamma": 1,
    "kernel": "rbf"
  },
  "best_cv_score": 0.9380818892286783,
  "test_metrics": {
    "accuracy": 0.7375231053604436,
    "precision": 0.2847682119205298,
    "recall": 0.5584415584415584,
    "f1_score": 0.37719298245614036
  },
  "timestamp": "2025-12-12T02:30:02.425638",
  "cv_folds": 10,
  "n_combinations_tested": 72,
  "total_fits": 720,
  "time_seconds": 36.256195,
  "dataset_info": {
    "n_samples": 2164,
    "n_features": 20
  }
}