{
  "TP": 12,
  "TN": 109,
  "FP": 21,
  "FN": 5,
  "P": 17,
  "N": 130,
  "Total": 147,
  "Error": 0.17687074829931973,
  "Exactitud": 0.8231292517006803,
  "TP_Rate": 0.7058823529411765,
  "FP_Rate": 0.16153846153846155,
  "Precision": 0.36363636363636365,
  "Recall": 0.7058823529411765,
  "Sensibilidad": 0.7058823529411765,
  "Especificidad": 0.8384615384615385,
  "F1_Score": 0.48,
  "Accuracy_sklearn": 0.8231292517006803,
  "best_hyperparameters": {
    "C": 10,
    "gamma": 0.1,
    "kernel": "rbf"
  },
  "cv_best_score": 0.9828735632183907,
  "timestamp": "2025-12-12T02:21:58.780701",
  "confusion_matrix": [
    [
      109,
      21
    ],
    [
      5,
      12
    ]
  ]
}