{
  "dataset": "hbase-0.94.0",
  "balancing_method": "csbboost",
  "scaler_type": "robust",
  "models": {
    "svm": {
      "F1_Score": 0.3783783783783784,
      "F2_Score": 0.5932203389830508,
      "Exactitud": 0.3490566037735849,
      "Accuracy": 0.3490566037735849,
      "Balanced_Accuracy": 0.5725108225108225,
      "BER": 0.4274891774891775,
      "MCC": 0.1602744689496504,
      "Precision": 0.23595505617977527,
      "Recall": 0.9545454545454546,
      "Sensibilidad": 0.9545454545454546,
      "Especificidad": 0.19047619047619047,
      "Error": 0.6509433962264151,
      "TP_Rate": 0.9545454545454546,
      "FP_Rate": 0.8095238095238095,
      "ROC_AUC": 0.7164502164502164,
      "confusion_matrix": [
        [
          32,
          136
        ],
        [
          2,
          42
        ]
      ]
    },
    "naive_bayes_gaussian": {
      "F1_Score": 0.33992094861660077,
      "F2_Score": 0.5584415584415584,
      "Exactitud": 0.21226415094339623,
      "Accuracy": 0.21226415094339623,
      "Balanced_Accuracy": 0.4945887445887446,
      "BER": 0.5054112554112554,
      "MCC": -0.03715995996878581,
      "Precision": 0.20574162679425836,
      "Recall": 0.9772727272727273,
      "Sensibilidad": 0.9772727272727273,
      "Especificidad": 0.011904761904761904,
      "Error": 0.7877358490566038,
      "TP_Rate": 0.9772727272727273,
      "FP_Rate": 0.9880952380952381,
      "ROC_AUC": 0.7068452380952381,
      "confusion_matrix": [
        [
          2,
          166
        ],
        [
          1,
          43
        ]
      ]
    },
    "decision_tree": {
      "F1_Score": 0.6804123711340206,
      "F2_Score": 0.7205240174672489,
      "Exactitud": 0.8537735849056604,
      "Accuracy": 0.8537735849056604,
      "Balanced_Accuracy": 0.8154761904761905,
      "BER": 0.18452380952380953,
      "MCC": 0.5909368402852789,
      "Precision": 0.6226415094339622,
      "Recall": 0.75,
      "Sensibilidad": 0.75,
      "Especificidad": 0.8809523809523809,
      "Error": 0.14622641509433962,
      "TP_Rate": 0.75,
      "FP_Rate": 0.11904761904761904,
      "ROC_AUC": 0.8178436147186147,
      "confusion_matrix": [
        [
          148,
          20
        ],
        [
          11,
          33
        ]
      ]
    }
  },
  "timestamp": "2025-12-11T09:15:46.981494"
}