{
  "dataset": "hbase-0.94.0",
  "balancing_method": "csbboost",
  "scaler_type": "robust",
  "models": {
    "svm": {
      "F1_Score": 0.3783783783783784,
      "Exactitud": 0.3490566037735849,
      "Precision": 0.23595505617977527,
      "Recall": 0.9545454545454546,
      "Sensibilidad": 0.9545454545454546,
      "Especificidad": 0.19047619047619047,
      "Error": 0.6509433962264151,
      "TP_Rate": 0.9545454545454546,
      "FP_Rate": 0.8095238095238095,
      "ROC_AUC": 0.7164502164502164,
      "confusion_matrix": [
        [
          32,
          136
        ],
        [
          2,
          42
        ]
      ]
    },
    "naive_bayes_gaussian": {
      "F1_Score": 0.33992094861660077,
      "Exactitud": 0.21226415094339623,
      "Precision": 0.20574162679425836,
      "Recall": 0.9772727272727273,
      "Sensibilidad": 0.9772727272727273,
      "Especificidad": 0.011904761904761904,
      "Error": 0.7877358490566038,
      "TP_Rate": 0.9772727272727273,
      "FP_Rate": 0.9880952380952381,
      "ROC_AUC": 0.7068452380952381,
      "confusion_matrix": [
        [
          2,
          166
        ],
        [
          1,
          43
        ]
      ]
    },
    "decision_tree": {
      "F1_Score": 0.5777777777777777,
      "Exactitud": 0.8207547169811321,
      "Precision": 0.5652173913043478,
      "Recall": 0.5909090909090909,
      "Sensibilidad": 0.5909090909090909,
      "Especificidad": 0.8809523809523809,
      "Error": 0.1792452830188679,
      "TP_Rate": 0.5909090909090909,
      "FP_Rate": 0.11904761904761904,
      "ROC_AUC": 0.669439935064935,
      "confusion_matrix": [
        [
          148,
          20
        ],
        [
          18,
          26
        ]
      ]
    }
  },
  "timestamp": "2025-11-28T13:32:09.274152"
}