{
  "dataset": "hbase-0.94.0",
  "balancing_method": "csbboost",
  "scaler_type": "robust",
  "models": {
    "svm": {
      "F1_Score": 0.5806451612903226,
      "Exactitud": 0.8160377358490566,
      "Precision": 0.5510204081632653,
      "Recall": 0.6136363636363636,
      "Sensibilidad": 0.6136363636363636,
      "Especificidad": 0.8690476190476191,
      "Error": 0.18396226415094338,
      "TP_Rate": 0.6136363636363636,
      "FP_Rate": 0.13095238095238096,
      "ROC_AUC": 0.7890963203463205,
      "confusion_matrix": [
        [
          146,
          22
        ],
        [
          17,
          27
        ]
      ]
    },
    "naive_bayes_gaussian": {
      "F1_Score": 0.33992094861660077,
      "Exactitud": 0.21226415094339623,
      "Precision": 0.20574162679425836,
      "Recall": 0.9772727272727273,
      "Sensibilidad": 0.9772727272727273,
      "Especificidad": 0.011904761904761904,
      "Error": 0.7877358490566038,
      "TP_Rate": 0.9772727272727273,
      "FP_Rate": 0.9880952380952381,
      "ROC_AUC": 0.7068452380952381,
      "confusion_matrix": [
        [
          2,
          166
        ],
        [
          1,
          43
        ]
      ]
    },
    "decision_tree": {
      "F1_Score": 0.5918367346938775,
      "Exactitud": 0.8113207547169812,
      "Precision": 0.5370370370370371,
      "Recall": 0.6590909090909091,
      "Sensibilidad": 0.6590909090909091,
      "Especificidad": 0.8511904761904762,
      "Error": 0.18867924528301888,
      "TP_Rate": 0.6590909090909091,
      "FP_Rate": 0.1488095238095238,
      "ROC_AUC": 0.7857819264069265,
      "confusion_matrix": [
        [
          143,
          25
        ],
        [
          15,
          29
        ]
      ]
    }
  },
  "timestamp": "2025-11-27T19:32:48.136023"
}