{
  "TP": 26,
  "TN": 148,
  "FP": 20,
  "FN": 18,
  "P": 44,
  "N": 168,
  "Total": 212,
  "Error": 0.1792452830188679,
  "Exactitud": 0.8207547169811321,
  "TP_Rate": 0.5909090909090909,
  "FP_Rate": 0.11904761904761904,
  "Precision": 0.5652173913043478,
  "Recall": 0.5909090909090909,
  "Sensibilidad": 0.5909090909090909,
  "Especificidad": 0.8809523809523809,
  "F1_Score": 0.5777777777777777,
  "Accuracy_sklearn": 0.8207547169811321,
  "ROC_AUC": 0.669439935064935,
  "PR_AUC": 0.4595952450199323,
  "classification_report": {
    "No-Buggy": {
      "precision": 0.891566265060241,
      "recall": 0.8809523809523809,
      "f1-score": 0.8862275449101796,
      "support": 168.0
    },
    "Buggy": {
      "precision": 0.5652173913043478,
      "recall": 0.5909090909090909,
      "f1-score": 0.5777777777777777,
      "support": 44.0
    },
    "accuracy": 0.8207547169811321,
    "macro avg": {
      "precision": 0.7283918281822943,
      "recall": 0.7359307359307359,
      "f1-score": 0.7320026613439787,
      "support": 212.0
    },
    "weighted avg": {
      "precision": 0.8238334799410933,
      "recall": 0.8207547169811321,
      "f1-score": 0.8222096687128887,
      "support": 212.0
    }
  },
  "confusion_matrix": [
    [
      148,
      20
    ],
    [
      18,
      26
    ]
  ],
  "training_time_seconds": 0.009627,
  "best_hyperparameters": {
    "criterion": "entropy",
    "max_depth": 5,
    "min_samples_leaf": 1,
    "min_samples_split": 10
  },
  "timestamp": "2025-11-28T13:32:09.015857"
}