{
  "TP": 33,
  "TN": 148,
  "FP": 20,
  "FN": 11,
  "P": 44,
  "N": 168,
  "Total": 212,
  "Error": 0.14622641509433962,
  "Exactitud": 0.8537735849056604,
  "TP_Rate": 0.75,
  "FP_Rate": 0.11904761904761904,
  "Precision": 0.6226415094339622,
  "Recall": 0.75,
  "Sensibilidad": 0.75,
  "Especificidad": 0.8809523809523809,
  "F1_Score": 0.6804123711340206,
  "Accuracy_sklearn": 0.8537735849056604,
  "F2_Score": 0.7205240174672489,
  "Balanced_Accuracy": 0.8154761904761905,
  "BER": 0.18452380952380953,
  "MCC": 0.5909368402852789,
  "Accuracy": 0.8537735849056604,
  "ROC_AUC": 0.8178436147186147,
  "PR_AUC": 0.6671902107938193,
  "classification_report": {
    "No-Buggy": {
      "precision": 0.9308176100628931,
      "recall": 0.8809523809523809,
      "f1-score": 0.9051987767584098,
      "support": 168.0
    },
    "Buggy": {
      "precision": 0.6226415094339622,
      "recall": 0.75,
      "f1-score": 0.6804123711340206,
      "support": 44.0
    },
    "accuracy": 0.8537735849056604,
    "macro avg": {
      "precision": 0.7767295597484276,
      "recall": 0.8154761904761905,
      "f1-score": 0.7928055739462152,
      "support": 212.0
    },
    "weighted avg": {
      "precision": 0.8668565325738697,
      "recall": 0.8537735849056604,
      "f1-score": 0.8585449944590082,
      "support": 212.0
    }
  },
  "confusion_matrix": [
    [
      148,
      20
    ],
    [
      11,
      33
    ]
  ],
  "training_time_seconds": 0.00922,
  "best_hyperparameters": {
    "criterion": "gini",
    "max_depth": 5,
    "min_samples_leaf": 1,
    "min_samples_split": 2
  },
  "timestamp": "2025-12-11T09:15:46.755033"
}