{
  "TP": 29,
  "TN": 143,
  "FP": 25,
  "FN": 15,
  "P": 44,
  "N": 168,
  "Total": 212,
  "Error": 0.18867924528301888,
  "Exactitud": 0.8113207547169812,
  "TP_Rate": 0.6590909090909091,
  "FP_Rate": 0.1488095238095238,
  "Precision": 0.5370370370370371,
  "Recall": 0.6590909090909091,
  "Sensibilidad": 0.6590909090909091,
  "Especificidad": 0.8511904761904762,
  "F1_Score": 0.5918367346938775,
  "Accuracy_sklearn": 0.8113207547169812,
  "ROC_AUC": 0.7857819264069265,
  "PR_AUC": 0.5488970734889352,
  "classification_report": {
    "No-Buggy": {
      "precision": 0.9050632911392406,
      "recall": 0.8511904761904762,
      "f1-score": 0.8773006134969326,
      "support": 168.0
    },
    "Buggy": {
      "precision": 0.5370370370370371,
      "recall": 0.6590909090909091,
      "f1-score": 0.5918367346938775,
      "support": 44.0
    },
    "accuracy": 0.8113207547169812,
    "macro avg": {
      "precision": 0.7210501640881388,
      "recall": 0.7551406926406926,
      "f1-score": 0.734568674095405,
      "support": 212.0
    },
    "weighted avg": {
      "precision": 0.8286804836840662,
      "recall": 0.8113207547169812,
      "f1-score": 0.8180533933679967,
      "support": 212.0
    }
  },
  "confusion_matrix": [
    [
      143,
      25
    ],
    [
      15,
      29
    ]
  ],
  "training_time_seconds": 0.006332,
  "best_hyperparameters": {
    "criterion": "entropy",
    "max_depth": 3,
    "min_samples_leaf": 1,
    "min_samples_split": 2
  },
  "timestamp": "2025-11-27T19:58:26.683379"
}