{
  "TP": 43,
  "TN": 2,
  "FP": 166,
  "FN": 1,
  "P": 44,
  "N": 168,
  "Total": 212,
  "Error": 0.7877358490566038,
  "Exactitud": 0.21226415094339623,
  "TP_Rate": 0.9772727272727273,
  "FP_Rate": 0.9880952380952381,
  "Precision": 0.20574162679425836,
  "Recall": 0.9772727272727273,
  "Sensibilidad": 0.9772727272727273,
  "Especificidad": 0.011904761904761904,
  "F1_Score": 0.33992094861660077,
  "Accuracy_sklearn": 0.21226415094339623,
  "ROC_AUC": 0.7068452380952381,
  "PR_AUC": 0.36803828800223787,
  "classification_report": {
    "No-Buggy": {
      "precision": 0.6666666666666666,
      "recall": 0.011904761904761904,
      "f1-score": 0.023391812865497075,
      "support": 168.0
    },
    "Buggy": {
      "precision": 0.20574162679425836,
      "recall": 0.9772727272727273,
      "f1-score": 0.33992094861660077,
      "support": 44.0
    },
    "accuracy": 0.21226415094339623,
    "macro avg": {
      "precision": 0.4362041467304625,
      "recall": 0.4945887445887446,
      "f1-score": 0.18165638074104892,
      "support": 212.0
    },
    "weighted avg": {
      "precision": 0.5710029791459782,
      "recall": 0.21226415094339623,
      "f1-score": 0.089086539153462,
      "support": 212.0
    }
  },
  "confusion_matrix": [
    [
      2,
      166
    ],
    [
      1,
      43
    ]
  ],
  "training_time_seconds": 0.000795,
  "best_hyperparameters": {
    "var_smoothing": 1e-09
  },
  "timestamp": "2025-11-27T19:58:26.406729"
}