{
  "TP": 42,
  "TN": 32,
  "FP": 136,
  "FN": 2,
  "P": 44,
  "N": 168,
  "Total": 212,
  "Error": 0.6509433962264151,
  "Exactitud": 0.3490566037735849,
  "TP_Rate": 0.9545454545454546,
  "FP_Rate": 0.8095238095238095,
  "Precision": 0.23595505617977527,
  "Recall": 0.9545454545454546,
  "Sensibilidad": 0.9545454545454546,
  "Especificidad": 0.19047619047619047,
  "F1_Score": 0.3783783783783784,
  "Accuracy_sklearn": 0.3490566037735849,
  "F2_Score": 0.5932203389830508,
  "Balanced_Accuracy": 0.5725108225108225,
  "BER": 0.4274891774891775,
  "MCC": 0.1602744689496504,
  "Accuracy": 0.3490566037735849,
  "ROC_AUC": 0.7164502164502164,
  "PR_AUC": 0.39813607543548607,
  "classification_report": {
    "No-Buggy": {
      "precision": 0.9411764705882353,
      "recall": 0.19047619047619047,
      "f1-score": 0.31683168316831684,
      "support": 168.0
    },
    "Buggy": {
      "precision": 0.23595505617977527,
      "recall": 0.9545454545454546,
      "f1-score": 0.3783783783783784,
      "support": 44.0
    },
    "accuracy": 0.3490566037735849,
    "macro avg": {
      "precision": 0.5885657633840052,
      "recall": 0.5725108225108225,
      "f1-score": 0.3476050307733476,
      "support": 212.0
    },
    "weighted avg": {
      "precision": 0.7948097619374229,
      "recall": 0.3490566037735849,
      "f1-score": 0.32960552557040507,
      "support": 212.0
    }
  },
  "confusion_matrix": [
    [
      32,
      136
    ],
    [
      2,
      42
    ]
  ],
  "training_time_seconds": 0.012331,
  "best_hyperparameters": {
    "C": 0.1,
    "gamma": 0.1,
    "kernel": "rbf"
  },
  "timestamp": "2025-12-11T09:15:46.264430"
}