{
  "TP": 27,
  "TN": 146,
  "FP": 22,
  "FN": 17,
  "P": 44,
  "N": 168,
  "Total": 212,
  "Error": 0.18396226415094338,
  "Exactitud": 0.8160377358490566,
  "TP_Rate": 0.6136363636363636,
  "FP_Rate": 0.13095238095238096,
  "Precision": 0.5510204081632653,
  "Recall": 0.6136363636363636,
  "Sensibilidad": 0.6136363636363636,
  "Especificidad": 0.8690476190476191,
  "F1_Score": 0.5806451612903226,
  "Accuracy_sklearn": 0.8160377358490566,
  "ROC_AUC": 0.7890963203463205,
  "PR_AUC": 0.514663990826811,
  "classification_report": {
    "No-Buggy": {
      "precision": 0.8957055214723927,
      "recall": 0.8690476190476191,
      "f1-score": 0.8821752265861027,
      "support": 168.0
    },
    "Buggy": {
      "precision": 0.5510204081632653,
      "recall": 0.6136363636363636,
      "f1-score": 0.5806451612903226,
      "support": 44.0
    },
    "accuracy": 0.8160377358490566,
    "macro avg": {
      "precision": 0.723362964817829,
      "recall": 0.7413419913419914,
      "f1-score": 0.7314101939382127,
      "support": 212.0
    },
    "weighted avg": {
      "precision": 0.8241671017289889,
      "recall": 0.8160377358490566,
      "f1-score": 0.8195935149209409,
      "support": 212.0
    }
  },
  "confusion_matrix": [
    [
      146,
      22
    ],
    [
      17,
      27
    ]
  ],
  "training_time_seconds": 0.123715,
  "best_hyperparameters": {
    "C": 1000,
    "gamma": 0.001,
    "kernel": "rbf"
  },
  "timestamp": "2025-11-27T19:32:47.330481"
}