{
  "TP": 25,
  "TN": 135,
  "FP": 33,
  "FN": 19,
  "P": 44,
  "N": 168,
  "Total": 212,
  "Error": 0.24528301886792453,
  "Exactitud": 0.7547169811320755,
  "TP_Rate": 0.5681818181818182,
  "FP_Rate": 0.19642857142857142,
  "Precision": 0.43103448275862066,
  "Recall": 0.5681818181818182,
  "Sensibilidad": 0.5681818181818182,
  "Especificidad": 0.8035714285714286,
  "F1_Score": 0.49019607843137253,
  "Accuracy_sklearn": 0.7547169811320755,
  "best_hyperparameters": {
    "criterion": "gini",
    "max_depth": 10,
    "min_samples_leaf": 1,
    "min_samples_split": 2
  },
  "cv_best_score": 0.8745847176079735,
  "timestamp": "2025-12-12T02:18:03.137516",
  "confusion_matrix": [
    [
      135,
      33
    ],
    [
      19,
      25
    ]
  ]
}