{
  "TP": 3,
  "TN": 457,
  "FP": 7,
  "FN": 74,
  "P": 77,
  "N": 464,
  "Total": 541,
  "Error": 0.14972273567467653,
  "Exactitud": 0.8502772643253235,
  "TP_Rate": 0.03896103896103896,
  "FP_Rate": 0.015086206896551725,
  "Precision": 0.3,
  "Recall": 0.03896103896103896,
  "Sensibilidad": 0.03896103896103896,
  "Especificidad": 0.9849137931034483,
  "F1_Score": 0.06896551724137931,
  "Accuracy_sklearn": 0.8502772643253235,
  "best_hyperparameters": {
    "var_smoothing": 1e-09
  },
  "cv_best_score": 0.01956989247311828,
  "timestamp": "2025-12-12T02:14:43.475233",
  "confusion_matrix": [
    [
      457,
      7
    ],
    [
      74,
      3
    ]
  ]
}