{
  "TP": 33,
  "TN": 287,
  "FP": 31,
  "FN": 26,
  "P": 59,
  "N": 318,
  "Total": 377,
  "Error": 0.15119363395225463,
  "Exactitud": 0.8488063660477454,
  "TP_Rate": 0.559322033898305,
  "FP_Rate": 0.09748427672955975,
  "Precision": 0.515625,
  "Recall": 0.559322033898305,
  "Sensibilidad": 0.559322033898305,
  "Especificidad": 0.9025157232704403,
  "F1_Score": 0.5365853658536586,
  "Accuracy_sklearn": 0.8488063660477454,
  "best_hyperparameters": {
    "var_smoothing": 0.0001
  },
  "cv_best_score": 0.5563157894736841,
  "timestamp": "2025-12-12T02:08:40.538902",
  "confusion_matrix": [
    [
      287,
      31
    ],
    [
      26,
      33
    ]
  ]
}