{
  "TP": 42,
  "TN": 58,
  "FP": 110,
  "FN": 2,
  "P": 44,
  "N": 168,
  "Total": 212,
  "Error": 0.5283018867924528,
  "Exactitud": 0.4716981132075472,
  "TP_Rate": 0.9545454545454546,
  "FP_Rate": 0.6547619047619048,
  "Precision": 0.27631578947368424,
  "Recall": 0.9545454545454546,
  "Sensibilidad": 0.9545454545454546,
  "Especificidad": 0.34523809523809523,
  "F1_Score": 0.42857142857142855,
  "Accuracy_sklearn": 0.4716981132075472,
  "best_hyperparameters": {
    "C": 0.1,
    "gamma": 1,
    "kernel": "rbf"
  },
  "cv_best_score": 0.9501661129568106,
  "timestamp": "2025-12-12T02:35:44.845341",
  "confusion_matrix": [
    [
      58,
      110
    ],
    [
      2,
      42
    ]
  ]
}