{
  "TP": 15,
  "TN": 152,
  "FP": 16,
  "FN": 29,
  "P": 44,
  "N": 168,
  "Total": 212,
  "Error": 0.21226415094339623,
  "Exactitud": 0.7877358490566038,
  "TP_Rate": 0.3409090909090909,
  "FP_Rate": 0.09523809523809523,
  "Precision": 0.4838709677419355,
  "Recall": 0.3409090909090909,
  "Sensibilidad": 0.3409090909090909,
  "Especificidad": 0.9047619047619048,
  "F1_Score": 0.4,
  "Accuracy_sklearn": 0.7877358490566038,
  "best_hyperparameters": {
    "var_smoothing": 1e-09
  },
  "cv_best_score": 0.4356209150326797,
  "timestamp": "2025-12-12T02:35:44.810416",
  "confusion_matrix": [
    [
      152,
      16
    ],
    [
      29,
      15
    ]
  ]
}