{
  "TP": 52,
  "TN": 305,
  "FP": 159,
  "FN": 25,
  "P": 77,
  "N": 464,
  "Total": 541,
  "Error": 0.34011090573012936,
  "Exactitud": 0.6598890942698706,
  "TP_Rate": 0.6753246753246753,
  "FP_Rate": 0.3426724137931034,
  "Precision": 0.24644549763033174,
  "Recall": 0.6753246753246753,
  "Sensibilidad": 0.6753246753246753,
  "Especificidad": 0.6573275862068966,
  "F1_Score": 0.3611111111111111,
  "Accuracy_sklearn": 0.6598890942698706,
  "best_hyperparameters": {
    "C": 100,
    "gamma": 1,
    "kernel": "rbf"
  },
  "cv_best_score": 0.9417431192660551,
  "timestamp": "2025-12-12T02:33:04.694709",
  "confusion_matrix": [
    [
      305,
      159
    ],
    [
      25,
      52
    ]
  ]
}