{
  "dataset": "hbase-0.94.0",
  "balancing_method": "smote",
  "scaler_type": "robust",
  "models": {
    "svm": {
      "F1_Score": 0.3867924528301887,
      "Exactitud": 0.3867924528301887,
      "Precision": 0.24404761904761904,
      "Recall": 0.9318181818181818,
      "Sensibilidad": 0.9318181818181818,
      "Especificidad": 0.24404761904761904,
      "Error": 0.6132075471698113,
      "TP_Rate": 0.9318181818181818,
      "FP_Rate": 0.7559523809523809,
      "ROC_AUC": 0.7221996753246753,
      "confusion_matrix": [
        [
          41,
          127
        ],
        [
          3,
          41
        ]
      ]
    },
    "naive_bayes_gaussian": {
      "F1_Score": 0.34509803921568627,
      "Exactitud": 0.21226415094339623,
      "Precision": 0.20853080568720378,
      "Recall": 1.0,
      "Sensibilidad": 1.0,
      "Especificidad": 0.005952380952380952,
      "Error": 0.7877358490566038,
      "TP_Rate": 1.0,
      "FP_Rate": 0.9940476190476191,
      "ROC_AUC": 0.7165854978354979,
      "confusion_matrix": [
        [
          1,
          167
        ],
        [
          0,
          44
        ]
      ]
    },
    "decision_tree": {
      "F1_Score": 0.6111111111111112,
      "Exactitud": 0.8018867924528302,
      "Precision": 0.515625,
      "Recall": 0.75,
      "Sensibilidad": 0.75,
      "Especificidad": 0.8154761904761905,
      "Error": 0.19811320754716982,
      "TP_Rate": 0.75,
      "FP_Rate": 0.18452380952380953,
      "ROC_AUC": 0.7755681818181819,
      "confusion_matrix": [
        [
          137,
          31
        ],
        [
          11,
          33
        ]
      ]
    }
  },
  "timestamp": "2025-11-28T13:32:12.682359"
}