{
  "dataset": "hbase-0.94.0",
  "balancing_method": "smote",
  "scaler_type": "robust",
  "models": {
    "svm": {
      "F1_Score": 0.5147058823529411,
      "F2_Score": 0.6529850746268657,
      "Exactitud": 0.6886792452830188,
      "Accuracy": 0.6886792452830188,
      "Balanced_Accuracy": 0.7280844155844155,
      "BER": 0.2719155844155845,
      "MCC": 0.3732691090633067,
      "Precision": 0.3804347826086957,
      "Recall": 0.7954545454545454,
      "Sensibilidad": 0.7954545454545454,
      "Especificidad": 0.6607142857142857,
      "Error": 0.3113207547169811,
      "TP_Rate": 0.7954545454545454,
      "FP_Rate": 0.3392857142857143,
      "ROC_AUC": 0.7935606060606061,
      "confusion_matrix": [
        [
          111,
          57
        ],
        [
          9,
          35
        ]
      ]
    },
    "naive_bayes_gaussian": {
      "F1_Score": 0.34509803921568627,
      "F2_Score": 0.5684754521963824,
      "Exactitud": 0.21226415094339623,
      "Accuracy": 0.21226415094339623,
      "Balanced_Accuracy": 0.5029761904761905,
      "BER": 0.49702380952380953,
      "MCC": 0.03523144612071956,
      "Precision": 0.20853080568720378,
      "Recall": 1.0,
      "Sensibilidad": 1.0,
      "Especificidad": 0.005952380952380952,
      "Error": 0.7877358490566038,
      "TP_Rate": 1.0,
      "FP_Rate": 0.9940476190476191,
      "ROC_AUC": 0.7165854978354979,
      "confusion_matrix": [
        [
          1,
          167
        ],
        [
          0,
          44
        ]
      ]
    },
    "decision_tree": {
      "F1_Score": 0.6111111111111112,
      "F2_Score": 0.6875,
      "Exactitud": 0.8018867924528302,
      "Accuracy": 0.8018867924528302,
      "Balanced_Accuracy": 0.7827380952380952,
      "BER": 0.21726190476190477,
      "MCC": 0.49954481774476445,
      "Precision": 0.515625,
      "Recall": 0.75,
      "Sensibilidad": 0.75,
      "Especificidad": 0.8154761904761905,
      "Error": 0.19811320754716982,
      "TP_Rate": 0.75,
      "FP_Rate": 0.18452380952380953,
      "ROC_AUC": 0.7755681818181819,
      "confusion_matrix": [
        [
          137,
          31
        ],
        [
          11,
          33
        ]
      ]
    }
  },
  "timestamp": "2025-12-11T09:15:50.045621"
}