{
  "TP": 35,
  "TN": 111,
  "FP": 57,
  "FN": 9,
  "P": 44,
  "N": 168,
  "Total": 212,
  "Error": 0.3113207547169811,
  "Exactitud": 0.6886792452830188,
  "TP_Rate": 0.7954545454545454,
  "FP_Rate": 0.3392857142857143,
  "Precision": 0.3804347826086957,
  "Recall": 0.7954545454545454,
  "Sensibilidad": 0.7954545454545454,
  "Especificidad": 0.6607142857142857,
  "F1_Score": 0.5147058823529411,
  "Accuracy_sklearn": 0.6886792452830188,
  "F2_Score": 0.6529850746268657,
  "Balanced_Accuracy": 0.7280844155844155,
  "BER": 0.2719155844155845,
  "MCC": 0.3732691090633067,
  "Accuracy": 0.6886792452830188,
  "ROC_AUC": 0.7935606060606061,
  "PR_AUC": 0.5220725148455506,
  "classification_report": {
    "No-Buggy": {
      "precision": 0.925,
      "recall": 0.6607142857142857,
      "f1-score": 0.7708333333333334,
      "support": 168.0
    },
    "Buggy": {
      "precision": 0.3804347826086957,
      "recall": 0.7954545454545454,
      "f1-score": 0.5147058823529411,
      "support": 44.0
    },
    "accuracy": 0.6886792452830188,
    "macro avg": {
      "precision": 0.6527173913043478,
      "recall": 0.7280844155844155,
      "f1-score": 0.6427696078431373,
      "support": 212.0
    },
    "weighted avg": {
      "precision": 0.8119770303527482,
      "recall": 0.6886792452830188,
      "f1-score": 0.7176748057713652,
      "support": 212.0
    }
  },
  "confusion_matrix": [
    [
      111,
      57
    ],
    [
      9,
      35
    ]
  ],
  "training_time_seconds": 0.01321,
  "best_hyperparameters": {
    "C": 10,
    "gamma": 0.1,
    "kernel": "rbf"
  },
  "timestamp": "2025-12-11T09:15:49.327027"
}