{
  "TP": 41,
  "TN": 41,
  "FP": 127,
  "FN": 3,
  "P": 44,
  "N": 168,
  "Total": 212,
  "Error": 0.6132075471698113,
  "Exactitud": 0.3867924528301887,
  "TP_Rate": 0.9318181818181818,
  "FP_Rate": 0.7559523809523809,
  "Precision": 0.24404761904761904,
  "Recall": 0.9318181818181818,
  "Sensibilidad": 0.9318181818181818,
  "Especificidad": 0.24404761904761904,
  "F1_Score": 0.3867924528301887,
  "Accuracy_sklearn": 0.3867924528301887,
  "ROC_AUC": 0.7221996753246753,
  "PR_AUC": 0.4589762362509314,
  "classification_report": {
    "No-Buggy": {
      "precision": 0.9318181818181818,
      "recall": 0.24404761904761904,
      "f1-score": 0.3867924528301887,
      "support": 168.0
    },
    "Buggy": {
      "precision": 0.24404761904761904,
      "recall": 0.9318181818181818,
      "f1-score": 0.3867924528301887,
      "support": 44.0
    },
    "accuracy": 0.3867924528301887,
    "macro avg": {
      "precision": 0.5879329004329004,
      "recall": 0.5879329004329004,
      "f1-score": 0.3867924528301887,
      "support": 212.0
    },
    "weighted avg": {
      "precision": 0.7890733480356121,
      "recall": 0.3867924528301887,
      "f1-score": 0.3867924528301887,
      "support": 212.0
    }
  },
  "confusion_matrix": [
    [
      41,
      127
    ],
    [
      3,
      41
    ]
  ],
  "training_time_seconds": 0.011757,
  "best_hyperparameters": {
    "C": 0.01,
    "gamma": 0.1,
    "kernel": "rbf"
  },
  "timestamp": "2025-11-28T13:32:11.882424"
}