{
  "TP": 27,
  "TN": 129,
  "FP": 39,
  "FN": 17,
  "P": 44,
  "N": 168,
  "Total": 212,
  "Error": 0.2641509433962264,
  "Exactitud": 0.7358490566037735,
  "TP_Rate": 0.6136363636363636,
  "FP_Rate": 0.23214285714285715,
  "Precision": 0.4090909090909091,
  "Recall": 0.6136363636363636,
  "Sensibilidad": 0.6136363636363636,
  "Especificidad": 0.7678571428571429,
  "F1_Score": 0.4909090909090909,
  "Accuracy_sklearn": 0.7358490566037735,
  "ROC_AUC": 0.7981601731601732,
  "PR_AUC": 0.5539301411163617,
  "classification_report": {
    "No-Buggy": {
      "precision": 0.8835616438356164,
      "recall": 0.7678571428571429,
      "f1-score": 0.821656050955414,
      "support": 168.0
    },
    "Buggy": {
      "precision": 0.4090909090909091,
      "recall": 0.6136363636363636,
      "f1-score": 0.4909090909090909,
      "support": 44.0
    },
    "accuracy": 0.7358490566037735,
    "macro avg": {
      "precision": 0.6463262764632628,
      "recall": 0.6907467532467533,
      "f1-score": 0.6562825709322525,
      "support": 212.0
    },
    "weighted avg": {
      "precision": 0.7850865856810545,
      "recall": 0.7358490566037735,
      "f1-score": 0.7530104554741017,
      "support": 212.0
    }
  },
  "confusion_matrix": [
    [
      129,
      39
    ],
    [
      17,
      27
    ]
  ],
  "training_time_seconds": 0.063484,
  "best_hyperparameters": {
    "C": 10,
    "gamma": "auto",
    "kernel": "rbf"
  },
  "timestamp": "2025-11-27T19:58:29.716634"
}