{
  "dataset": "groovy-1_6_BETA_1",
  "balancing_method": "hcbou",
  "scaler_type": "robust",
  "models": {
    "svm": {
      "F1_Score": 0.1564245810055866,
      "Exactitud": 0.08484848484848485,
      "Precision": 0.08484848484848485,
      "Recall": 1.0,
      "Sensibilidad": 1.0,
      "Especificidad": 0.0,
      "Error": 0.9151515151515152,
      "TP_Rate": 1.0,
      "FP_Rate": 1.0,
      "ROC_AUC": 0.7663197729422896,
      "confusion_matrix": [
        [
          0,
          151
        ],
        [
          0,
          14
        ]
      ]
    },
    "naive_bayes_gaussian": {
      "F1_Score": 0.14606741573033707,
      "Exactitud": 0.07878787878787878,
      "Precision": 0.07926829268292683,
      "Recall": 0.9285714285714286,
      "Sensibilidad": 0.9285714285714286,
      "Especificidad": 0.0,
      "Error": 0.9212121212121213,
      "TP_Rate": 0.9285714285714286,
      "FP_Rate": 1.0,
      "ROC_AUC": 0.6395458845789973,
      "confusion_matrix": [
        [
          0,
          151
        ],
        [
          1,
          13
        ]
      ]
    },
    "decision_tree": {
      "F1_Score": 0.391304347826087,
      "Exactitud": 0.8303030303030303,
      "Precision": 0.28125,
      "Recall": 0.6428571428571429,
      "Sensibilidad": 0.6428571428571429,
      "Especificidad": 0.847682119205298,
      "Error": 0.1696969696969697,
      "TP_Rate": 0.6428571428571429,
      "FP_Rate": 0.152317880794702,
      "ROC_AUC": 0.7478713339640491,
      "confusion_matrix": [
        [
          128,
          23
        ],
        [
          5,
          9
        ]
      ]
    }
  },
  "timestamp": "2025-11-28T13:31:09.285027"
}