{
  "dataset": "groovy-1_6_BETA_1",
  "balancing_method": "hcbou",
  "scaler_type": "robust",
  "models": {
    "svm": {
      "F1_Score": 0.35,
      "F2_Score": 0.4268292682926829,
      "Exactitud": 0.8424242424242424,
      "Accuracy": 0.8424242424242424,
      "Balanced_Accuracy": 0.6870860927152318,
      "BER": 0.3129139072847682,
      "MCC": 0.2861738313077781,
      "Precision": 0.2692307692307692,
      "Recall": 0.5,
      "Sensibilidad": 0.5,
      "Especificidad": 0.8741721854304636,
      "Error": 0.15757575757575756,
      "TP_Rate": 0.5,
      "FP_Rate": 0.12582781456953643,
      "ROC_AUC": 0.7549668874172186,
      "confusion_matrix": [
        [
          132,
          19
        ],
        [
          7,
          7
        ]
      ]
    },
    "naive_bayes_gaussian": {
      "F1_Score": 0.14606741573033707,
      "F2_Score": 0.29545454545454547,
      "Exactitud": 0.07878787878787878,
      "Accuracy": 0.07878787878787878,
      "Balanced_Accuracy": 0.4642857142857143,
      "BER": 0.5357142857142857,
      "MCC": -0.25644989865985146,
      "Precision": 0.07926829268292683,
      "Recall": 0.9285714285714286,
      "Sensibilidad": 0.9285714285714286,
      "Especificidad": 0.0,
      "Error": 0.9212121212121213,
      "TP_Rate": 0.9285714285714286,
      "FP_Rate": 1.0,
      "ROC_AUC": 0.2954115421002838,
      "confusion_matrix": [
        [
          0,
          151
        ],
        [
          1,
          13
        ]
      ]
    },
    "decision_tree": {
      "F1_Score": 0.3157894736842105,
      "F2_Score": 0.375,
      "Exactitud": 0.8424242424242424,
      "Accuracy": 0.8424242424242424,
      "Balanced_Accuracy": 0.6546830652790917,
      "BER": 0.3453169347209083,
      "MCC": 0.24451757478947303,
      "Precision": 0.25,
      "Recall": 0.42857142857142855,
      "Sensibilidad": 0.42857142857142855,
      "Especificidad": 0.8807947019867549,
      "Error": 0.15757575757575756,
      "TP_Rate": 0.42857142857142855,
      "FP_Rate": 0.11920529801324503,
      "ROC_AUC": 0.6561021759697258,
      "confusion_matrix": [
        [
          133,
          18
        ],
        [
          8,
          6
        ]
      ]
    }
  },
  "timestamp": "2025-12-11T09:14:28.576659"
}