{
  "dataset": "groovy-1_6_BETA_1",
  "balancing_method": "hcbou",
  "scaler_type": "robust",
  "models": {
    "svm": {
      "F1_Score": 0.42424242424242425,
      "Exactitud": 0.8848484848484849,
      "Precision": 0.3684210526315789,
      "Recall": 0.5,
      "Sensibilidad": 0.5,
      "Especificidad": 0.9205298013245033,
      "Error": 0.11515151515151516,
      "TP_Rate": 0.5,
      "FP_Rate": 0.07947019867549669,
      "ROC_AUC": 0.8609271523178808,
      "confusion_matrix": [
        [
          139,
          12
        ],
        [
          7,
          7
        ]
      ]
    },
    "naive_bayes_gaussian": {
      "F1_Score": 0.14606741573033707,
      "Exactitud": 0.07878787878787878,
      "Precision": 0.07926829268292683,
      "Recall": 0.9285714285714286,
      "Sensibilidad": 0.9285714285714286,
      "Especificidad": 0.0,
      "Error": 0.9212121212121213,
      "TP_Rate": 0.9285714285714286,
      "FP_Rate": 1.0,
      "ROC_AUC": 0.6395458845789973,
      "confusion_matrix": [
        [
          0,
          151
        ],
        [
          1,
          13
        ]
      ]
    },
    "decision_tree": {
      "F1_Score": 0.2857142857142857,
      "Exactitud": 0.8484848484848485,
      "Precision": 0.23809523809523808,
      "Recall": 0.35714285714285715,
      "Sensibilidad": 0.35714285714285715,
      "Especificidad": 0.8940397350993378,
      "Error": 0.15151515151515152,
      "TP_Rate": 0.35714285714285715,
      "FP_Rate": 0.10596026490066225,
      "ROC_AUC": 0.6038315988647115,
      "confusion_matrix": [
        [
          135,
          16
        ],
        [
          9,
          5
        ]
      ]
    }
  },
  "timestamp": "2025-11-27T19:57:42.271244"
}