{
  "TP": 7,
  "TN": 132,
  "FP": 19,
  "FN": 7,
  "P": 14,
  "N": 151,
  "Total": 165,
  "Error": 0.15757575757575756,
  "Exactitud": 0.8424242424242424,
  "TP_Rate": 0.5,
  "FP_Rate": 0.12582781456953643,
  "Precision": 0.2692307692307692,
  "Recall": 0.5,
  "Sensibilidad": 0.5,
  "Especificidad": 0.8741721854304636,
  "F1_Score": 0.35,
  "Accuracy_sklearn": 0.8424242424242424,
  "F2_Score": 0.4268292682926829,
  "Balanced_Accuracy": 0.6870860927152318,
  "BER": 0.3129139072847682,
  "MCC": 0.2861738313077781,
  "Accuracy": 0.8424242424242424,
  "ROC_AUC": 0.7549668874172186,
  "PR_AUC": 0.3719037054423332,
  "classification_report": {
    "No-Buggy": {
      "precision": 0.9496402877697842,
      "recall": 0.8741721854304636,
      "f1-score": 0.9103448275862069,
      "support": 151.0
    },
    "Buggy": {
      "precision": 0.2692307692307692,
      "recall": 0.5,
      "f1-score": 0.35,
      "support": 14.0
    },
    "accuracy": 0.8424242424242424,
    "macro avg": {
      "precision": 0.6094355285002767,
      "recall": 0.6870860927152318,
      "f1-score": 0.6301724137931035,
      "support": 165.0
    },
    "weighted avg": {
      "precision": 0.8919085710452617,
      "recall": 0.8424242424242424,
      "f1-score": 0.8628004179728319,
      "support": 165.0
    }
  },
  "confusion_matrix": [
    [
      132,
      19
    ],
    [
      7,
      7
    ]
  ],
  "training_time_seconds": 0.004973,
  "best_hyperparameters": {
    "C": 100,
    "gamma": 0.001,
    "kernel": "rbf"
  },
  "timestamp": "2025-12-11T09:14:27.851662"
}