{
  "TP": 14,
  "TN": 0,
  "FP": 151,
  "FN": 0,
  "P": 14,
  "N": 151,
  "Total": 165,
  "Error": 0.9151515151515152,
  "Exactitud": 0.08484848484848485,
  "TP_Rate": 1.0,
  "FP_Rate": 1.0,
  "Precision": 0.08484848484848485,
  "Recall": 1.0,
  "Sensibilidad": 1.0,
  "Especificidad": 0.0,
  "F1_Score": 0.1564245810055866,
  "Accuracy_sklearn": 0.08484848484848485,
  "ROC_AUC": 0.7663197729422896,
  "PR_AUC": 0.38978766304005524,
  "classification_report": {
    "No-Buggy": {
      "precision": 0.0,
      "recall": 0.0,
      "f1-score": 0.0,
      "support": 151.0
    },
    "Buggy": {
      "precision": 0.08484848484848485,
      "recall": 1.0,
      "f1-score": 0.1564245810055866,
      "support": 14.0
    },
    "accuracy": 0.08484848484848485,
    "macro avg": {
      "precision": 0.04242424242424243,
      "recall": 0.5,
      "f1-score": 0.0782122905027933,
      "support": 165.0
    },
    "weighted avg": {
      "precision": 0.007199265381083564,
      "recall": 0.08484848484848485,
      "f1-score": 0.013272388691383105,
      "support": 165.0
    }
  },
  "confusion_matrix": [
    [
      0,
      151
    ],
    [
      0,
      14
    ]
  ],
  "training_time_seconds": 0.013637,
  "best_hyperparameters": {
    "C": 1,
    "gamma": 0.001,
    "kernel": "linear"
  },
  "timestamp": "2025-11-28T13:31:08.481926"
}