{
  "TP": 3,
  "TN": 284,
  "FP": 43,
  "FN": 23,
  "P": 26,
  "N": 327,
  "Total": 353,
  "Error": 0.18696883852691218,
  "Exactitud": 0.8130311614730878,
  "TP_Rate": 0.11538461538461539,
  "FP_Rate": 0.13149847094801223,
  "Precision": 0.06521739130434782,
  "Recall": 0.11538461538461539,
  "Sensibilidad": 0.11538461538461539,
  "Especificidad": 0.8685015290519877,
  "F1_Score": 0.08333333333333333,
  "Accuracy_sklearn": 0.8130311614730878,
  "best_hyperparameters": {
    "C": 10,
    "gamma": 0.001,
    "kernel": "linear"
  },
  "cv_best_score": 0.30636363636363634,
  "timestamp": "2025-12-12T02:25:06.779292",
  "confusion_matrix": [
    [
      284,
      43
    ],
    [
      23,
      3
    ]
  ]
}