{
  "dataset": "derby-10.5.1.1",
  "balancing_method": "unbalanced",
  "scaler_type": "robust",
  "models": {
    "svm": {
      "F1_Score": 0.07142857142857142,
      "Exactitud": 0.8558225508317929,
      "Precision": 0.42857142857142855,
      "Recall": 0.03896103896103896,
      "Sensibilidad": 0.03896103896103896,
      "Especificidad": 0.9913793103448276,
      "Error": 0.14417744916820702,
      "TP_Rate": 0.03896103896103896,
      "FP_Rate": 0.008620689655172414,
      "ROC_AUC": 0.42333743842364524,
      "confusion_matrix": [
        [
          460,
          4
        ],
        [
          74,
          3
        ]
      ]
    },
    "naive_bayes_gaussian": {
      "F1_Score": 0.06896551724137931,
      "Exactitud": 0.8502772643253235,
      "Precision": 0.3,
      "Recall": 0.03896103896103896,
      "Sensibilidad": 0.03896103896103896,
      "Especificidad": 0.9849137931034483,
      "Error": 0.14972273567467653,
      "TP_Rate": 0.03896103896103896,
      "FP_Rate": 0.015086206896551725,
      "ROC_AUC": 0.7672973578145993,
      "confusion_matrix": [
        [
          457,
          7
        ],
        [
          74,
          3
        ]
      ]
    },
    "decision_tree": {
      "F1_Score": 0.40789473684210525,
      "Exactitud": 0.833641404805915,
      "Precision": 0.41333333333333333,
      "Recall": 0.4025974025974026,
      "Sensibilidad": 0.4025974025974026,
      "Especificidad": 0.9051724137931034,
      "Error": 0.16635859519408502,
      "TP_Rate": 0.4025974025974026,
      "FP_Rate": 0.09482758620689655,
      "ROC_AUC": 0.6629114420062696,
      "confusion_matrix": [
        [
          420,
          44
        ],
        [
          46,
          31
        ]
      ]
    }
  },
  "timestamp": "2025-11-28T13:30:05.253912"
}