{
  "dataset": "derby-10.5.1.1",
  "balancing_method": "unbalanced",
  "scaler_type": "robust",
  "models": {
    "svm": {
      "F1_Score": 0.2542372881355932,
      "F2_Score": 0.2148997134670487,
      "Exactitud": 0.8373382624768947,
      "Accuracy": 0.8373382624768947,
      "Balanced_Accuracy": 0.5693853560232871,
      "BER": 0.4306146439767129,
      "MCC": 0.18319990285529889,
      "Precision": 0.36585365853658536,
      "Recall": 0.19480519480519481,
      "Sensibilidad": 0.19480519480519481,
      "Especificidad": 0.9439655172413793,
      "Error": 0.16266173752310537,
      "TP_Rate": 0.19480519480519481,
      "FP_Rate": 0.05603448275862069,
      "ROC_AUC": 0.6193181818181818,
      "confusion_matrix": [
        [
          438,
          26
        ],
        [
          62,
          15
        ]
      ]
    },
    "naive_bayes_gaussian": {
      "F1_Score": 0.06896551724137931,
      "F2_Score": 0.04716981132075472,
      "Exactitud": 0.8502772643253235,
      "Accuracy": 0.8502772643253235,
      "Balanced_Accuracy": 0.5119374160322436,
      "BER": 0.48806258396775637,
      "MCC": 0.06192947776917114,
      "Precision": 0.3,
      "Recall": 0.03896103896103896,
      "Sensibilidad": 0.03896103896103896,
      "Especificidad": 0.9849137931034483,
      "Error": 0.14972273567467653,
      "TP_Rate": 0.03896103896103896,
      "FP_Rate": 0.015086206896551725,
      "ROC_AUC": 0.7672973578145993,
      "confusion_matrix": [
        [
          457,
          7
        ],
        [
          74,
          3
        ]
      ]
    },
    "decision_tree": {
      "F1_Score": 0.352112676056338,
      "F2_Score": 0.3351206434316354,
      "Exactitud": 0.8299445471349353,
      "Accuracy": 0.8299445471349353,
      "Balanced_Accuracy": 0.6192342140618003,
      "BER": 0.38076578593819965,
      "MCC": 0.2562566162680674,
      "Precision": 0.38461538461538464,
      "Recall": 0.3246753246753247,
      "Sensibilidad": 0.3246753246753247,
      "Especificidad": 0.9137931034482759,
      "Error": 0.17005545286506468,
      "TP_Rate": 0.3246753246753247,
      "FP_Rate": 0.08620689655172414,
      "ROC_AUC": 0.6832596283027318,
      "confusion_matrix": [
        [
          424,
          40
        ],
        [
          52,
          25
        ]
      ]
    }
  },
  "timestamp": "2025-12-11T09:13:15.077030"
}