{
  "TP": 25,
  "TN": 424,
  "FP": 40,
  "FN": 52,
  "P": 77,
  "N": 464,
  "Total": 541,
  "Error": 0.17005545286506468,
  "Exactitud": 0.8299445471349353,
  "TP_Rate": 0.3246753246753247,
  "FP_Rate": 0.08620689655172414,
  "Precision": 0.38461538461538464,
  "Recall": 0.3246753246753247,
  "Sensibilidad": 0.3246753246753247,
  "Especificidad": 0.9137931034482759,
  "F1_Score": 0.352112676056338,
  "Accuracy_sklearn": 0.8299445471349353,
  "F2_Score": 0.3351206434316354,
  "Balanced_Accuracy": 0.6192342140618003,
  "BER": 0.38076578593819965,
  "MCC": 0.2562566162680674,
  "Accuracy": 0.8299445471349353,
  "ROC_AUC": 0.6832596283027318,
  "PR_AUC": 0.3918582009285723,
  "classification_report": {
    "No-Buggy": {
      "precision": 0.8907563025210085,
      "recall": 0.9137931034482759,
      "f1-score": 0.902127659574468,
      "support": 464.0
    },
    "Buggy": {
      "precision": 0.38461538461538464,
      "recall": 0.3246753246753247,
      "f1-score": 0.352112676056338,
      "support": 77.0
    },
    "accuracy": 0.8299445471349353,
    "macro avg": {
      "precision": 0.6376858435681966,
      "recall": 0.6192342140618003,
      "f1-score": 0.627120167815403,
      "support": 541.0
    },
    "weighted avg": {
      "precision": 0.8187177615251988,
      "recall": 0.8299445471349353,
      "f1-score": 0.823844565802017,
      "support": 541.0
    }
  },
  "confusion_matrix": [
    [
      424,
      40
    ],
    [
      52,
      25
    ]
  ],
  "training_time_seconds": 0.024258,
  "best_hyperparameters": {
    "criterion": "entropy",
    "max_depth": 20,
    "min_samples_leaf": 4,
    "min_samples_split": 2
  },
  "timestamp": "2025-12-11T09:13:14.852064"
}