{
  "TP": 3,
  "TN": 457,
  "FP": 7,
  "FN": 74,
  "P": 77,
  "N": 464,
  "Total": 541,
  "Error": 0.14972273567467653,
  "Exactitud": 0.8502772643253235,
  "TP_Rate": 0.03896103896103896,
  "FP_Rate": 0.015086206896551725,
  "Precision": 0.3,
  "Recall": 0.03896103896103896,
  "Sensibilidad": 0.03896103896103896,
  "Especificidad": 0.9849137931034483,
  "F1_Score": 0.06896551724137931,
  "Accuracy_sklearn": 0.8502772643253235,
  "ROC_AUC": 0.7672973578145993,
  "PR_AUC": 0.3138941411773921,
  "classification_report": {
    "No-Buggy": {
      "precision": 0.8606403013182674,
      "recall": 0.9849137931034483,
      "f1-score": 0.9185929648241206,
      "support": 464.0
    },
    "Buggy": {
      "precision": 0.3,
      "recall": 0.03896103896103896,
      "f1-score": 0.06896551724137931,
      "support": 77.0
    },
    "accuracy": 0.8502772643253235,
    "macro avg": {
      "precision": 0.5803201506591337,
      "recall": 0.5119374160322436,
      "f1-score": 0.49377924103274995,
      "support": 541.0
    },
    "weighted avg": {
      "precision": 0.780844916472599,
      "recall": 0.8502772643253235,
      "f1-score": 0.7976663225618821,
      "support": 541.0
    }
  },
  "confusion_matrix": [
    [
      457,
      7
    ],
    [
      74,
      3
    ]
  ],
  "training_time_seconds": 0.001019,
  "best_hyperparameters": {
    "var_smoothing": 1e-09
  },
  "timestamp": "2025-11-28T13:30:04.694015"
}