{
  "TP": 15,
  "TN": 438,
  "FP": 26,
  "FN": 62,
  "P": 77,
  "N": 464,
  "Total": 541,
  "Error": 0.16266173752310537,
  "Exactitud": 0.8373382624768947,
  "TP_Rate": 0.19480519480519481,
  "FP_Rate": 0.05603448275862069,
  "Precision": 0.36585365853658536,
  "Recall": 0.19480519480519481,
  "Sensibilidad": 0.19480519480519481,
  "Especificidad": 0.9439655172413793,
  "F1_Score": 0.2542372881355932,
  "Accuracy_sklearn": 0.8373382624768947,
  "F2_Score": 0.2148997134670487,
  "Balanced_Accuracy": 0.5693853560232871,
  "BER": 0.4306146439767129,
  "MCC": 0.18319990285529889,
  "Accuracy": 0.8373382624768947,
  "ROC_AUC": 0.6193181818181818,
  "PR_AUC": 0.2720367991667334,
  "classification_report": {
    "No-Buggy": {
      "precision": 0.876,
      "recall": 0.9439655172413793,
      "f1-score": 0.9087136929460581,
      "support": 464.0
    },
    "Buggy": {
      "precision": 0.36585365853658536,
      "recall": 0.19480519480519481,
      "f1-score": 0.2542372881355932,
      "support": 77.0
    },
    "accuracy": 0.8373382624768947,
    "macro avg": {
      "precision": 0.6209268292682927,
      "recall": 0.5693853560232871,
      "f1-score": 0.5814754905408257,
      "support": 541.0
    },
    "weighted avg": {
      "precision": 0.8033913709931924,
      "recall": 0.8373382624768947,
      "f1-score": 0.8155627074185058,
      "support": 541.0
    }
  },
  "confusion_matrix": [
    [
      438,
      26
    ],
    [
      62,
      15
    ]
  ],
  "training_time_seconds": 0.066177,
  "best_hyperparameters": {
    "C": 1000,
    "gamma": 0.001,
    "kernel": "rbf"
  },
  "timestamp": "2025-12-11T09:13:14.340518"
}