{
  "best_params": {
    "criterion": "gini",
    "max_depth": 5,
    "min_samples_leaf": 1,
    "min_samples_split": 2
  },
  "best_cv_score": 0.8525668974099958,
  "test_metrics": {
    "accuracy": 0.8443396226415094,
    "precision": 0.6,
    "recall": 0.75,
    "f1_score": 0.6666666666666666,
    "f2_score": 0.7142857142857143
  },
  "timestamp": "2025-12-11T09:14:57.054523",
  "confusion_matrix": [
    [
      146,
      22
    ],
    [
      11,
      33
    ]
  ],
  "labels": [
    0,
    1
  ]
}