{
  "best_params": {
    "criterion": "entropy",
    "max_depth": 5,
    "min_samples_leaf": 1,
    "min_samples_split": 10
  },
  "best_cv_score": 0.8649273893954744,
  "test_metrics": {
    "accuracy": 0.8160377358490566,
    "precision": 0.5531914893617021,
    "recall": 0.5909090909090909,
    "f1_score": 0.5714285714285714
  },
  "timestamp": "2025-11-28T13:31:30.817414"
}