{
  "best_params": {
    "var_smoothing": 0.0001
  },
  "best_cv_score": 0.5493355481727574,
  "test_metrics": {
    "accuracy": 0.7405660377358491,
    "precision": 0.39622641509433965,
    "recall": 0.4772727272727273,
    "f1_score": 0.4329896907216495
  },
  "timestamp": "2025-12-12T02:16:38.030310",
  "cv_folds": 10,
  "n_combinations_tested": 6,
  "total_fits": 60,
  "time_seconds": 2.568748,
  "dataset_info": {
    "n_samples": 846,
    "n_features": 65
  }
}