{
  "best_params": {
    "var_smoothing": 0.0001
  },
  "best_cv_score": 0.6398765733412364,
  "test_metrics": {
    "accuracy": 0.7405660377358491,
    "precision": 0.39622641509433965,
    "recall": 0.4772727272727273,
    "f1_score": 0.4329896907216495
  },
  "timestamp": "2025-11-27T19:32:12.182874"
}