{
  "best_params": {
    "var_smoothing": 0.0001
  },
  "best_cv_score": 0.5848695261022256,
  "test_metrics": {
    "accuracy": 0.7405660377358491,
    "precision": 0.39622641509433965,
    "recall": 0.4772727272727273,
    "f1_score": 0.4329896907216495,
    "f2_score": 0.4585152838427948
  },
  "timestamp": "2025-12-11T09:14:54.266199",
  "confusion_matrix": [
    [
      136,
      32
    ],
    [
      23,
      21
    ]
  ],
  "labels": [
    0,
    1
  ]
}