{
  "best_params": {
    "C": 100,
    "gamma": 0.01,
    "kernel": "rbf"
  },
  "best_cv_score": 0.8375765414292413,
  "test_metrics": {
    "accuracy": 0.7783018867924528,
    "precision": 0.46511627906976744,
    "recall": 0.45454545454545453,
    "f1_score": 0.45977011494252873
  },
  "timestamp": "2025-11-27T19:57:50.274388"
}