{
  "best_params": {
    "C": 0.1,
    "gamma": 0.1,
    "kernel": "rbf"
  },
  "best_cv_score": 0.9096899224806203,
  "test_metrics": {
    "accuracy": 0.5424528301886793,
    "precision": 0.29133858267716534,
    "recall": 0.8409090909090909,
    "f1_score": 0.4327485380116959
  },
  "timestamp": "2025-12-12T02:16:48.471203",
  "cv_folds": 10,
  "n_combinations_tested": 72,
  "total_fits": 720,
  "time_seconds": 13.01005,
  "dataset_info": {
    "n_samples": 846,
    "n_features": 65
  }
}