{
  "best_params": {
    "C": 100,
    "gamma": "auto",
    "kernel": "rbf"
  },
  "best_cv_score": 0.8764230559868986,
  "test_metrics": {
    "accuracy": 0.7830188679245284,
    "precision": 0.475,
    "recall": 0.4318181818181818,
    "f1_score": 0.4523809523809524,
    "f2_score": 0.4398148148148148
  },
  "timestamp": "2025-12-11T09:14:56.352746",
  "confusion_matrix": [
    [
      147,
      21
    ],
    [
      25,
      19
    ]
  ],
  "labels": [
    0,
    1
  ]
}