{
  "best_params": {
    "C": 0.1,
    "gamma": 0.1,
    "kernel": "rbf"
  },
  "best_cv_score": 0.9099290780141844,
  "test_metrics": {
    "accuracy": 0.5424528301886793,
    "precision": 0.29133858267716534,
    "recall": 0.8409090909090909,
    "f1_score": 0.4327485380116959
  },
  "timestamp": "2025-11-28T13:31:30.653906"
}