{
  "TP": 17,
  "TN": 218,
  "FP": 9,
  "FN": 40,
  "P": 57,
  "N": 227,
  "Total": 284,
  "Error": 0.17253521126760563,
  "Exactitud": 0.8274647887323944,
  "TP_Rate": 0.2982456140350877,
  "FP_Rate": 0.039647577092511016,
  "Precision": 0.6538461538461539,
  "Recall": 0.2982456140350877,
  "Sensibilidad": 0.2982456140350877,
  "Especificidad": 0.960352422907489,
  "F1_Score": 0.40963855421686746,
  "Accuracy_sklearn": 0.8274647887323944,
  "best_hyperparameters": {
    "var_smoothing": 0.0001
  },
  "cv_best_score": 0.3516290726817043,
  "timestamp": "2025-12-12T02:20:44.566169",
  "confusion_matrix": [
    [
      218,
      9
    ],
    [
      40,
      17
    ]
  ]
}