{
  "dataset": "activemq-5.0.0",
  "balancing_method": "hcbou",
  "scaler_type": "standard",
  "models": {
    "svm": {
      "F1_Score": 0.5637583892617449,
      "Exactitud": 0.8275862068965517,
      "Precision": 0.4666666666666667,
      "Recall": 0.711864406779661,
      "Sensibilidad": 0.711864406779661,
      "Especificidad": 0.8490566037735849,
      "Error": 0.1724137931034483,
      "TP_Rate": 0.711864406779661,
      "FP_Rate": 0.1509433962264151,
      "ROC_AUC": 0.8843406886259461,
      "confusion_matrix": [
        [
          270,
          48
        ],
        [
          17,
          42
        ]
      ]
    },
    "naive_bayes_gaussian": {
      "F1_Score": 0.5365853658536586,
      "Exactitud": 0.8488063660477454,
      "Precision": 0.515625,
      "Recall": 0.559322033898305,
      "Sensibilidad": 0.559322033898305,
      "Especificidad": 0.9025157232704403,
      "Error": 0.15119363395225463,
      "TP_Rate": 0.559322033898305,
      "FP_Rate": 0.09748427672955975,
      "ROC_AUC": 0.8145720072486943,
      "confusion_matrix": [
        [
          287,
          31
        ],
        [
          26,
          33
        ]
      ]
    },
    "decision_tree": {
      "F1_Score": 0.5714285714285714,
      "Exactitud": 0.8408488063660478,
      "Precision": 0.49382716049382713,
      "Recall": 0.6779661016949152,
      "Sensibilidad": 0.6779661016949152,
      "Especificidad": 0.8710691823899371,
      "Error": 0.15915119363395225,
      "TP_Rate": 0.6779661016949152,
      "FP_Rate": 0.1289308176100629,
      "ROC_AUC": 0.7724123227800874,
      "confusion_matrix": [
        [
          277,
          41
        ],
        [
          19,
          40
        ]
      ]
    }
  },
  "timestamp": "2025-11-27T19:30:22.809333"
}