{
  "dataset": "activemq-5.0.0",
  "balancing_method": "hcbou",
  "scaler_type": "standard",
  "models": {
    "svm": {
      "F1_Score": 0.5637583892617449,
      "F2_Score": 0.6441717791411042,
      "Exactitud": 0.8275862068965517,
      "Accuracy": 0.8275862068965517,
      "Balanced_Accuracy": 0.7804605052766229,
      "BER": 0.21953949472337708,
      "MCC": 0.47805632714021323,
      "Precision": 0.4666666666666667,
      "Recall": 0.711864406779661,
      "Sensibilidad": 0.711864406779661,
      "Especificidad": 0.8490566037735849,
      "Error": 0.1724137931034483,
      "TP_Rate": 0.711864406779661,
      "FP_Rate": 0.1509433962264151,
      "ROC_AUC": 0.8843406886259461,
      "confusion_matrix": [
        [
          270,
          48
        ],
        [
          17,
          42
        ]
      ]
    },
    "naive_bayes_gaussian": {
      "F1_Score": 0.5365853658536586,
      "F2_Score": 0.55,
      "Exactitud": 0.8488063660477454,
      "Accuracy": 0.8488063660477454,
      "Balanced_Accuracy": 0.7309188785843727,
      "BER": 0.26908112141562734,
      "MCC": 0.44695813425344255,
      "Precision": 0.515625,
      "Recall": 0.559322033898305,
      "Sensibilidad": 0.559322033898305,
      "Especificidad": 0.9025157232704403,
      "Error": 0.15119363395225463,
      "TP_Rate": 0.559322033898305,
      "FP_Rate": 0.09748427672955975,
      "ROC_AUC": 0.8145720072486943,
      "confusion_matrix": [
        [
          287,
          31
        ],
        [
          26,
          33
        ]
      ]
    },
    "decision_tree": {
      "F1_Score": 0.5714285714285714,
      "F2_Score": 0.6481481481481481,
      "Exactitud": 0.8328912466843501,
      "Accuracy": 0.8328912466843501,
      "Balanced_Accuracy": 0.7836051593646733,
      "BER": 0.21639484063532666,
      "MCC": 0.4871844649521945,
      "Precision": 0.4772727272727273,
      "Recall": 0.711864406779661,
      "Sensibilidad": 0.711864406779661,
      "Especificidad": 0.8553459119496856,
      "Error": 0.16710875331564987,
      "TP_Rate": 0.711864406779661,
      "FP_Rate": 0.14465408805031446,
      "ROC_AUC": 0.7836051593646732,
      "confusion_matrix": [
        [
          272,
          46
        ],
        [
          17,
          42
        ]
      ]
    }
  },
  "timestamp": "2025-12-11T09:11:19.471856"
}