{
  "TP": 40,
  "TN": 277,
  "FP": 41,
  "FN": 19,
  "P": 59,
  "N": 318,
  "Total": 377,
  "Error": 0.15915119363395225,
  "Exactitud": 0.8408488063660478,
  "TP_Rate": 0.6779661016949152,
  "FP_Rate": 0.1289308176100629,
  "Precision": 0.49382716049382713,
  "Recall": 0.6779661016949152,
  "Sensibilidad": 0.6779661016949152,
  "Especificidad": 0.8710691823899371,
  "F1_Score": 0.5714285714285714,
  "Accuracy_sklearn": 0.8408488063660478,
  "ROC_AUC": 0.7724123227800874,
  "PR_AUC": 0.4354063698316061,
  "classification_report": {
    "No-Buggy": {
      "precision": 0.9358108108108109,
      "recall": 0.8710691823899371,
      "f1-score": 0.9022801302931596,
      "support": 318.0
    },
    "Buggy": {
      "precision": 0.49382716049382713,
      "recall": 0.6779661016949152,
      "f1-score": 0.5714285714285714,
      "support": 59.0
    },
    "accuracy": 0.8408488063660478,
    "macro avg": {
      "precision": 0.714818985652319,
      "recall": 0.7745176420424262,
      "f1-score": 0.7368543508608655,
      "support": 377.0
    },
    "weighted avg": {
      "precision": 0.8666409557214155,
      "recall": 0.8408488063660478,
      "f1-score": 0.8505023001260225,
      "support": 377.0
    }
  },
  "confusion_matrix": [
    [
      277,
      41
    ],
    [
      19,
      40
    ]
  ],
  "training_time_seconds": 0.018271,
  "best_hyperparameters": {
    "criterion": "gini",
    "max_depth": 10,
    "min_samples_leaf": 1,
    "min_samples_split": 2
  },
  "timestamp": "2025-11-27T19:55:56.510586"
}