{
  "TP": 40,
  "TN": 279,
  "FP": 39,
  "FN": 19,
  "P": 59,
  "N": 318,
  "Total": 377,
  "Error": 0.15384615384615385,
  "Exactitud": 0.8461538461538461,
  "TP_Rate": 0.6779661016949152,
  "FP_Rate": 0.12264150943396226,
  "Precision": 0.5063291139240507,
  "Recall": 0.6779661016949152,
  "Sensibilidad": 0.6779661016949152,
  "Especificidad": 0.8773584905660378,
  "F1_Score": 0.5797101449275363,
  "Accuracy_sklearn": 0.8461538461538461,
  "ROC_AUC": 0.7776622961304764,
  "PR_AUC": 0.6173465468015255,
  "classification_report": {
    "No-Buggy": {
      "precision": 0.9362416107382551,
      "recall": 0.8773584905660378,
      "f1-score": 0.9058441558441559,
      "support": 318.0
    },
    "Buggy": {
      "precision": 0.5063291139240507,
      "recall": 0.6779661016949152,
      "f1-score": 0.5797101449275363,
      "support": 59.0
    },
    "accuracy": 0.8461538461538461,
    "macro avg": {
      "precision": 0.7212853623311528,
      "recall": 0.7776622961304764,
      "f1-score": 0.742777150385846,
      "support": 377.0
    },
    "weighted avg": {
      "precision": 0.8689608751625573,
      "recall": 0.8461538461538461,
      "f1-score": 0.854804615674181,
      "support": 377.0
    }
  },
  "confusion_matrix": [
    [
      279,
      39
    ],
    [
      19,
      40
    ]
  ],
  "training_time_seconds": 0.020187,
  "best_hyperparameters": {
    "criterion": "gini",
    "max_depth": 20,
    "min_samples_leaf": 1,
    "min_samples_split": 2
  },
  "timestamp": "2025-11-28T13:28:53.694220"
}