{
  "TP": 42,
  "TN": 270,
  "FP": 48,
  "FN": 17,
  "P": 59,
  "N": 318,
  "Total": 377,
  "Error": 0.1724137931034483,
  "Exactitud": 0.8275862068965517,
  "TP_Rate": 0.711864406779661,
  "FP_Rate": 0.1509433962264151,
  "Precision": 0.4666666666666667,
  "Recall": 0.711864406779661,
  "Sensibilidad": 0.711864406779661,
  "Especificidad": 0.8490566037735849,
  "F1_Score": 0.5637583892617449,
  "Accuracy_sklearn": 0.8275862068965517,
  "F2_Score": 0.6441717791411042,
  "Balanced_Accuracy": 0.7804605052766229,
  "BER": 0.21953949472337708,
  "MCC": 0.47805632714021323,
  "Accuracy": 0.8275862068965517,
  "ROC_AUC": 0.8843406886259461,
  "PR_AUC": 0.5404839679755697,
  "classification_report": {
    "No-Buggy": {
      "precision": 0.9407665505226481,
      "recall": 0.8490566037735849,
      "f1-score": 0.8925619834710744,
      "support": 318.0
    },
    "Buggy": {
      "precision": 0.4666666666666667,
      "recall": 0.711864406779661,
      "f1-score": 0.5637583892617449,
      "support": 59.0
    },
    "accuracy": 0.8275862068965517,
    "macro avg": {
      "precision": 0.7037166085946573,
      "recall": 0.7804605052766229,
      "f1-score": 0.7281601863664097,
      "support": 377.0
    },
    "weighted avg": {
      "precision": 0.8665705474788739,
      "recall": 0.8275862068965517,
      "f1-score": 0.8411046570563518,
      "support": 377.0
    }
  },
  "confusion_matrix": [
    [
      270,
      48
    ],
    [
      17,
      42
    ]
  ],
  "training_time_seconds": 0.03549,
  "best_hyperparameters": {
    "C": 10,
    "gamma": 0.1,
    "kernel": "rbf"
  },
  "timestamp": "2025-12-11T09:11:18.775362"
}