{
  "TP": 6,
  "TN": 144,
  "FP": 7,
  "FN": 8,
  "P": 14,
  "N": 151,
  "Total": 165,
  "Error": 0.09090909090909091,
  "Exactitud": 0.9090909090909091,
  "TP_Rate": 0.42857142857142855,
  "FP_Rate": 0.046357615894039736,
  "Precision": 0.46153846153846156,
  "Recall": 0.42857142857142855,
  "Sensibilidad": 0.42857142857142855,
  "Especificidad": 0.9536423841059603,
  "F1_Score": 0.4444444444444444,
  "Accuracy_sklearn": 0.9090909090909091,
  "best_hyperparameters": {
    "C": 100,
    "gamma": 0.1,
    "kernel": "rbf"
  },
  "cv_best_score": 0.9695075757575757,
  "timestamp": "2025-12-12T02:34:14.337390",
  "confusion_matrix": [
    [
      144,
      7
    ],
    [
      8,
      6
    ]
  ]
}