{
  "TP": 15,
  "TN": 80,
  "FP": 50,
  "FN": 2,
  "P": 17,
  "N": 130,
  "Total": 147,
  "Error": 0.35374149659863946,
  "Exactitud": 0.6462585034013606,
  "TP_Rate": 0.8823529411764706,
  "FP_Rate": 0.38461538461538464,
  "Precision": 0.23076923076923078,
  "Recall": 0.8823529411764706,
  "Sensibilidad": 0.8823529411764706,
  "Especificidad": 0.6153846153846154,
  "F1_Score": 0.36585365853658536,
  "Accuracy_sklearn": 0.6462585034013606,
  "best_hyperparameters": {
    "C": 0.1,
    "gamma": 1,
    "kernel": "rbf"
  },
  "cv_best_score": 0.9932183908045976,
  "timestamp": "2025-12-12T02:38:53.786311",
  "confusion_matrix": [
    [
      80,
      50
    ],
    [
      2,
      15
    ]
  ]
}