{
  "best_params": {
    "var_smoothing": 1e-09
  },
  "best_cv_score": 0.6142857142857143,
  "test_metrics": {
    "accuracy": 0.9115646258503401,
    "precision": 0.6,
    "recall": 0.7058823529411765,
    "f1_score": 0.6486486486486487
  },
  "timestamp": "2025-12-12T02:37:55.414595",
  "cv_folds": 10,
  "n_combinations_tested": 6,
  "total_fits": 60,
  "time_seconds": 2.82427,
  "dataset_info": {
    "n_samples": 584,
    "n_features": 20
  }
}