{
  "best_params": {
    "C": 1,
    "gamma": 0.1,
    "kernel": "rbf"
  },
  "best_cv_score": 0.5571428571428572,
  "test_metrics": {
    "accuracy": 0.9319727891156463,
    "precision": 0.7692307692307693,
    "recall": 0.5882352941176471,
    "f1_score": 0.6666666666666666
  },
  "timestamp": "2025-12-12T02:37:57.950981",
  "cv_folds": 10,
  "n_combinations_tested": 72,
  "total_fits": 720,
  "time_seconds": 5.361501,
  "dataset_info": {
    "n_samples": 584,
    "n_features": 20
  }
}