{
  "best_params": {
    "criterion": "entropy",
    "max_depth": 20,
    "min_samples_leaf": 1,
    "min_samples_split": 2
  },
  "best_cv_score": 0.8977192982456141,
  "test_metrics": {
    "accuracy": 0.8328912466843501,
    "precision": 0.4782608695652174,
    "recall": 0.7457627118644068,
    "f1_score": 0.5827814569536424
  },
  "timestamp": "2025-12-12T02:08:18.527003",
  "cv_folds": 10,
  "n_combinations_tested": 160,
  "total_fits": 1600,
  "time_seconds": 4.879212,
  "dataset_info": {
    "n_samples": 1506,
    "n_features": 65
  }
}