{
  "best_params": {
    "var_smoothing": 1e-05
  },
  "best_cv_score": 0.7916971616784251,
  "test_metrics": {
    "accuracy": 0.493368700265252,
    "precision": 0.22268907563025211,
    "recall": 0.8983050847457628,
    "f1_score": 0.3569023569023569,
    "f2_score": 0.5590717299578059
  },
  "timestamp": "2025-12-11T09:11:10.206585",
  "confusion_matrix": [
    [
      133,
      185
    ],
    [
      6,
      53
    ]
  ],
  "labels": [
    0,
    1
  ]
}