{
  "best_params": {
    "var_smoothing": 1e-05
  },
  "best_cv_score": 0.8260292164674635,
  "test_metrics": {
    "accuracy": 0.493368700265252,
    "precision": 0.22268907563025211,
    "recall": 0.8983050847457628,
    "f1_score": 0.3569023569023569
  },
  "timestamp": "2025-11-28T13:28:47.156385"
}