{
  "best_params": {
    "var_smoothing": 1e-09
  },
  "best_cv_score": 0.6566111408061102,
  "test_metrics": {
    "accuracy": 0.8408488063660478,
    "precision": 0.49295774647887325,
    "recall": 0.5932203389830508,
    "f1_score": 0.5384615384615384
  },
  "timestamp": "2025-11-27T19:55:51.460313"
}