{
  "best_params": {
    "C": 100,
    "gamma": 0.1,
    "kernel": "rbf"
  },
  "best_cv_score": 0.938748774428525,
  "test_metrics": {
    "accuracy": 0.7877984084880637,
    "precision": 0.4,
    "recall": 0.711864406779661,
    "f1_score": 0.5121951219512195,
    "f2_score": 0.6158357771260997
  },
  "timestamp": "2025-12-11T09:11:14.531809",
  "confusion_matrix": [
    [
      255,
      63
    ],
    [
      17,
      42
    ]
  ],
  "labels": [
    0,
    1
  ]
}