{
  "best_params": {
    "C": 0.01,
    "gamma": 1,
    "kernel": "rbf"
  },
  "best_cv_score": 1.0,
  "test_metrics": {
    "accuracy": 0.2917771883289125,
    "precision": 0.18098159509202455,
    "recall": 1.0,
    "f1_score": 0.3064935064935065
  },
  "timestamp": "2025-11-28T13:28:48.378270"
}