{
  "best_params": {
    "C": 10,
    "gamma": 0.01,
    "kernel": "rbf"
  },
  "best_cv_score": 0.8824054951553473,
  "test_metrics": {
    "accuracy": 0.8541114058355438,
    "precision": 0.5285714285714286,
    "recall": 0.6271186440677966,
    "f1_score": 0.5736434108527132
  },
  "timestamp": "2025-11-27T19:55:52.639202"
}