{
  "TP": 13,
  "TN": 100,
  "FP": 30,
  "FN": 4,
  "P": 17,
  "N": 130,
  "Total": 147,
  "Error": 0.23129251700680273,
  "Exactitud": 0.7687074829931972,
  "TP_Rate": 0.7647058823529411,
  "FP_Rate": 0.23076923076923078,
  "Precision": 0.3023255813953488,
  "Recall": 0.7647058823529411,
  "Sensibilidad": 0.7647058823529411,
  "Especificidad": 0.7692307692307693,
  "F1_Score": 0.43333333333333335,
  "Accuracy_sklearn": 0.7687074829931972,
  "best_hyperparameters": {
    "C": 1,
    "gamma": 0.1,
    "kernel": "rbf"
  },
  "cv_best_score": 0.9863218390804598,
  "timestamp": "2025-12-12T02:21:58.821422",
  "confusion_matrix": [
    [
      100,
      30
    ],
    [
      4,
      13
    ]
  ]
}