{
  "best_params": {
    "criterion": "gini",
    "max_depth": 10,
    "min_samples_leaf": 4,
    "min_samples_split": 2
  },
  "best_cv_score": 0.8900678903696253,
  "test_metrics": {
    "accuracy": 0.8775510204081632,
    "precision": 0.47619047619047616,
    "recall": 0.5882352941176471,
    "f1_score": 0.5263157894736842
  },
  "timestamp": "2025-11-27T19:33:44.039504"
}