{
  "best_params": {
    "criterion": "gini",
    "max_depth": 3,
    "min_samples_leaf": 8,
    "min_samples_split": 2
  },
  "best_cv_score": 0.9146153306683499,
  "test_metrics": {
    "accuracy": 0.8639455782312925,
    "precision": 0.4444444444444444,
    "recall": 0.7058823529411765,
    "f1_score": 0.5454545454545454
  },
  "timestamp": "2025-11-28T13:33:37.604753"
}