{
  "best_params": {
    "var_smoothing": 1e-09
  },
  "best_cv_score": 0.679187635134469,
  "test_metrics": {
    "accuracy": 0.9115646258503401,
    "precision": 0.6111111111111112,
    "recall": 0.6470588235294118,
    "f1_score": 0.6285714285714286,
    "f2_score": 0.6395348837209303
  },
  "timestamp": "2025-12-11T09:17:35.515119",
  "confusion_matrix": [
    [
      123,
      7
    ],
    [
      6,
      11
    ]
  ],
  "labels": [
    0,
    1
  ]
}