{
  "best_params": {
    "var_smoothing": 1e-09
  },
  "best_cv_score": 0.6371264367816092,
  "test_metrics": {
    "accuracy": 0.9115646258503401,
    "precision": 0.6111111111111112,
    "recall": 0.6470588235294118,
    "f1_score": 0.6285714285714286
  },
  "timestamp": "2025-12-12T02:21:05.798638",
  "cv_folds": 10,
  "n_combinations_tested": 6,
  "total_fits": 60,
  "time_seconds": 2.640127,
  "dataset_info": {
    "n_samples": 584,
    "n_features": 65
  }
}