{
  "best_params": {
    "var_smoothing": 1e-09
  },
  "best_cv_score": 0.7487800059481464,
  "test_metrics": {
    "accuracy": 0.9115646258503401,
    "precision": 0.6111111111111112,
    "recall": 0.6470588235294118,
    "f1_score": 0.6285714285714286
  },
  "timestamp": "2025-11-27T19:33:43.518845"
}