{
  "best_params": {
    "var_smoothing": 0.0001
  },
  "best_cv_score": 0.633494634967389,
  "test_metrics": {
    "accuracy": 0.9047619047619048,
    "precision": 0.5789473684210527,
    "recall": 0.6470588235294118,
    "f1_score": 0.6111111111111112
  },
  "timestamp": "2025-11-28T13:33:37.098160"
}