{
  "best_params": {
    "C": 10,
    "gamma": 0.1,
    "kernel": "rbf"
  },
  "best_cv_score": 0.9250656351660282,
  "test_metrics": {
    "accuracy": 0.8979591836734694,
    "precision": 0.6,
    "recall": 0.35294117647058826,
    "f1_score": 0.4444444444444444
  },
  "timestamp": "2025-11-27T19:33:43.847475"
}