{
  "best_params": {
    "C": 10,
    "gamma": 0.1,
    "kernel": "rbf"
  },
  "best_cv_score": 0.96323167672385,
  "test_metrics": {
    "accuracy": 0.8979591836734694,
    "precision": 0.6,
    "recall": 0.35294117647058826,
    "f1_score": 0.4444444444444444,
    "f2_score": 0.38461538461538464
  },
  "timestamp": "2025-12-11T09:17:36.767682",
  "confusion_matrix": [
    [
      126,
      4
    ],
    [
      11,
      6
    ]
  ],
  "labels": [
    0,
    1
  ]
}