{
  "best_params": {
    "C": 1,
    "gamma": 0.1,
    "kernel": "rbf"
  },
  "best_cv_score": 0.9725787222105337,
  "test_metrics": {
    "accuracy": 0.8707482993197279,
    "precision": 0.4583333333333333,
    "recall": 0.6470588235294118,
    "f1_score": 0.5365853658536586
  },
  "timestamp": "2025-11-28T13:33:37.487987"
}