{
  "best_params": {
    "C": 1,
    "gamma": 0.1,
    "kernel": "rbf"
  },
  "best_cv_score": 0.9760919540229885,
  "test_metrics": {
    "accuracy": 0.8707482993197279,
    "precision": 0.4583333333333333,
    "recall": 0.6470588235294118,
    "f1_score": 0.5365853658536586
  },
  "timestamp": "2025-12-12T02:21:10.780205",
  "cv_folds": 10,
  "n_combinations_tested": 72,
  "total_fits": 720,
  "time_seconds": 7.622436,
  "dataset_info": {
    "n_samples": 584,
    "n_features": 65
  }
}