{
  "TP": 14,
  "TN": 257,
  "FP": 70,
  "FN": 12,
  "P": 26,
  "N": 327,
  "Total": 353,
  "Error": 0.23229461756373937,
  "Exactitud": 0.7677053824362606,
  "TP_Rate": 0.5384615384615384,
  "FP_Rate": 0.21406727828746178,
  "Precision": 0.16666666666666666,
  "Recall": 0.5384615384615384,
  "Sensibilidad": 0.5384615384615384,
  "Especificidad": 0.7859327217125383,
  "F1_Score": 0.2545454545454545,
  "Accuracy_sklearn": 0.7677053824362606,
  "best_hyperparameters": {
    "criterion": "gini",
    "max_depth": 5,
    "min_samples_leaf": 1,
    "min_samples_split": 2
  },
  "cv_best_score": 0.9318913480885312,
  "timestamp": "2025-12-12T02:41:28.102462",
  "confusion_matrix": [
    [
      257,
      70
    ],
    [
      12,
      14
    ]
  ]
}