{
  "TP": 42,
  "TN": 259,
  "FP": 59,
  "FN": 17,
  "P": 59,
  "N": 318,
  "Total": 377,
  "Error": 0.20159151193633953,
  "Exactitud": 0.7984084880636605,
  "TP_Rate": 0.711864406779661,
  "FP_Rate": 0.18553459119496854,
  "Precision": 0.4158415841584158,
  "Recall": 0.711864406779661,
  "Sensibilidad": 0.711864406779661,
  "Especificidad": 0.8144654088050315,
  "F1_Score": 0.525,
  "Accuracy_sklearn": 0.7984084880636605,
  "best_hyperparameters": {
    "C": 100,
    "gamma": 1,
    "kernel": "rbf"
  },
  "cv_best_score": 0.9441403508771931,
  "timestamp": "2025-12-12T02:28:29.468515",
  "confusion_matrix": [
    [
      259,
      59
    ],
    [
      17,
      42
    ]
  ]
}