{
  "TP": 7,
  "TN": 114,
  "FP": 37,
  "FN": 7,
  "P": 14,
  "N": 151,
  "Total": 165,
  "Error": 0.26666666666666666,
  "Exactitud": 0.7333333333333333,
  "TP_Rate": 0.5,
  "FP_Rate": 0.24503311258278146,
  "Precision": 0.1590909090909091,
  "Recall": 0.5,
  "Sensibilidad": 0.5,
  "Especificidad": 0.7549668874172185,
  "F1_Score": 0.2413793103448276,
  "Accuracy_sklearn": 0.7333333333333333,
  "best_hyperparameters": {
    "C": 100,
    "gamma": 1,
    "kernel": "rbf"
  },
  "cv_best_score": 0.990814393939394,
  "timestamp": "2025-12-12T02:34:14.355142",
  "confusion_matrix": [
    [
      114,
      37
    ],
    [
      7,
      7
    ]
  ]
}