{
  "TP": 5,
  "TN": 118,
  "FP": 33,
  "FN": 9,
  "P": 14,
  "N": 151,
  "Total": 165,
  "Error": 0.2545454545454545,
  "Exactitud": 0.7454545454545455,
  "TP_Rate": 0.35714285714285715,
  "FP_Rate": 0.2185430463576159,
  "Precision": 0.13157894736842105,
  "Recall": 0.35714285714285715,
  "Sensibilidad": 0.35714285714285715,
  "Especificidad": 0.7814569536423841,
  "F1_Score": 0.19230769230769232,
  "Accuracy_sklearn": 0.7454545454545455,
  "best_hyperparameters": {
    "C": 1000,
    "gamma": 0.001,
    "kernel": "linear"
  },
  "cv_best_score": 0.4800000000000001,
  "timestamp": "2025-12-12T02:34:14.234494",
  "confusion_matrix": [
    [
      118,
      33
    ],
    [
      9,
      5
    ]
  ]
}