{
  "TP": 41,
  "TN": 79,
  "FP": 89,
  "FN": 3,
  "P": 44,
  "N": 168,
  "Total": 212,
  "Error": 0.4339622641509434,
  "Exactitud": 0.5660377358490566,
  "TP_Rate": 0.9318181818181818,
  "FP_Rate": 0.5297619047619048,
  "Precision": 0.3153846153846154,
  "Recall": 0.9318181818181818,
  "Sensibilidad": 0.9318181818181818,
  "Especificidad": 0.47023809523809523,
  "F1_Score": 0.47126436781609193,
  "Accuracy_sklearn": 0.5660377358490566,
  "best_hyperparameters": {
    "C": 0.1,
    "gamma": 1,
    "kernel": "rbf"
  },
  "cv_best_score": 0.9219822812846068,
  "timestamp": "2025-12-12T02:35:44.887176",
  "confusion_matrix": [
    [
      79,
      89
    ],
    [
      3,
      41
    ]
  ]
}