{
  "TP": 31,
  "TN": 154,
  "FP": 73,
  "FN": 26,
  "P": 57,
  "N": 227,
  "Total": 284,
  "Error": 0.3485915492957746,
  "Exactitud": 0.6514084507042254,
  "TP_Rate": 0.543859649122807,
  "FP_Rate": 0.32158590308370044,
  "Precision": 0.2980769230769231,
  "Recall": 0.543859649122807,
  "Sensibilidad": 0.543859649122807,
  "Especificidad": 0.6784140969162996,
  "F1_Score": 0.38509316770186336,
  "Accuracy_sklearn": 0.6514084507042254,
  "best_hyperparameters": {
    "C": 1000,
    "gamma": 0.001,
    "kernel": "linear"
  },
  "cv_best_score": 0.6144268774703557,
  "timestamp": "2025-12-12T02:37:50.316282",
  "confusion_matrix": [
    [
      154,
      73
    ],
    [
      26,
      31
    ]
  ]
}