{
  "TP": 27,
  "TN": 284,
  "FP": 34,
  "FN": 32,
  "P": 59,
  "N": 318,
  "Total": 377,
  "Error": 0.17506631299734748,
  "Exactitud": 0.8249336870026526,
  "TP_Rate": 0.4576271186440678,
  "FP_Rate": 0.1069182389937107,
  "Precision": 0.4426229508196721,
  "Recall": 0.4576271186440678,
  "Sensibilidad": 0.4576271186440678,
  "Especificidad": 0.8930817610062893,
  "F1_Score": 0.45,
  "Accuracy_sklearn": 0.8249336870026526,
  "best_hyperparameters": {
    "C": 10,
    "gamma": 0.001,
    "kernel": "linear"
  },
  "cv_best_score": 0.9782608695652174,
  "timestamp": "2025-12-12T02:08:40.404942",
  "confusion_matrix": [
    [
      284,
      34
    ],
    [
      32,
      27
    ]
  ]
}