{
  "dataset": "jruby-1.1",
  "selected_model": {
    "model_name": "decision_tree",
    "balancing_method": "csbboost",
    "scaler_type": "standard"
  },
  "selection_criteria": {
    "description": "Modelo seleccionado maximizando Recall (clase defectuosa / Buggy), luego MCC, luego minimizando BER, y en caso de empate usando Precision y Exactitud como criterios secundarios.",
    "priority_order": [
      "Recall (Buggy) \u2013 prioridad m\u00e1xima (no dejar pasar defectuosos reales)",
      "MCC \u2013 calidad global del clasificador considerando ambas clases",
      "BER \u2013 menor es mejor; balance de errores en No-Buggy y Buggy",
      "Precision (Buggy) \u2013 evitar excesivos falsos positivos",
      "Exactitud (Accuracy) \u2013 criterio de desempate adicional"
    ]
  },
  "metrics": {
    "TP": 15,
    "TN": 104,
    "FP": 26,
    "FN": 2,
    "P": 17,
    "N": 130,
    "Total": 147,
    "Error": 0.19047619047619047,
    "Exactitud": 0.8095238095238095,
    "TP_Rate": 0.8823529411764706,
    "FP_Rate": 0.2,
    "Precision": 0.36585365853658536,
    "Recall": 0.8823529411764706,
    "Sensibilidad": 0.8823529411764706,
    "Especificidad": 0.8,
    "F1_Score": 0.5172413793103449,
    "Accuracy_sklearn": 0.8095238095238095,
    "F2_Score": 0.6880733944954128,
    "Balanced_Accuracy": 0.8411764705882353,
    "BER": 0.1588235294117647,
    "MCC": 0.48658682282489807,
    "Accuracy": 0.8095238095238095,
    "ROC_AUC": 0.9083710407239819,
    "PR_AUC": 0.7258698205217772,
    "classification_report": {
      "No-Buggy": {
        "precision": 0.9811320754716981,
        "recall": 0.8,
        "f1-score": 0.8813559322033898,
        "support": 130.0
      },
      "Buggy": {
        "precision": 0.36585365853658536,
        "recall": 0.8823529411764706,
        "f1-score": 0.5172413793103449,
        "support": 17.0
      },
      "accuracy": 0.8095238095238095,
      "macro avg": {
        "precision": 0.6734928670041418,
        "recall": 0.8411764705882353,
        "f1-score": 0.6992986557568673,
        "support": 147.0
      },
      "weighted avg": {
        "precision": 0.9099774286152567,
        "recall": 0.8095238095238095,
        "f1-score": 0.8392474464946703,
        "support": 147.0
      }
    },
    "confusion_matrix": [
      [
        104,
        26
      ],
      [
        2,
        15
      ]
    ],
    "training_time_seconds": 0.004718,
    "best_hyperparameters": {
      "criterion": "entropy",
      "max_depth": 3,
      "min_samples_leaf": 4,
      "min_samples_split": 2
    },
    "timestamp": "2025-12-11T09:18:19.893147"
  },
  "timestamp": "2025-12-11T09:20:35.316306"
}