{
  "best_params": {
    "var_smoothing": 1e-09
  },
  "best_cv_score": 0.12208646616541355,
  "test_metrics": {
    "accuracy": 0.8098591549295775,
    "precision": 0.6666666666666666,
    "recall": 0.10526315789473684,
    "f1_score": 0.18181818181818182
  },
  "timestamp": "2025-12-12T02:36:31.114661",
  "cv_folds": 10,
  "n_combinations_tested": 6,
  "total_fits": 60,
  "time_seconds": 2.759948,
  "dataset_info": {
    "n_samples": 1131,
    "n_features": 20
  }
}