{
  "best_params": {
    "C": 100,
    "gamma": 1,
    "kernel": "rbf"
  },
  "best_cv_score": 0.9574561403508772,
  "test_metrics": {
    "accuracy": 0.7394366197183099,
    "precision": 0.4105263157894737,
    "recall": 0.6842105263157895,
    "f1_score": 0.5131578947368421
  },
  "timestamp": "2025-12-12T02:36:44.329039",
  "cv_folds": 10,
  "n_combinations_tested": 72,
  "total_fits": 720,
  "time_seconds": 15.97499,
  "dataset_info": {
    "n_samples": 1131,
    "n_features": 20
  }
}