{
  "TP": 8,
  "TN": 307,
  "FP": 20,
  "FN": 18,
  "P": 26,
  "N": 327,
  "Total": 353,
  "Error": 0.10764872521246459,
  "Exactitud": 0.8923512747875354,
  "TP_Rate": 0.3076923076923077,
  "FP_Rate": 0.06116207951070336,
  "Precision": 0.2857142857142857,
  "Recall": 0.3076923076923077,
  "Sensibilidad": 0.3076923076923077,
  "Especificidad": 0.9388379204892966,
  "F1_Score": 0.2962962962962963,
  "Accuracy_sklearn": 0.8923512747875354,
  "best_hyperparameters": {
    "C": 100,
    "gamma": "auto",
    "kernel": "rbf"
  },
  "cv_best_score": 0.9459959758551308,
  "timestamp": "2025-12-12T02:25:06.926852",
  "confusion_matrix": [
    [
      307,
      20
    ],
    [
      18,
      8
    ]
  ]
}