{
  "TP": 4,
  "TN": 138,
  "FP": 13,
  "FN": 10,
  "P": 14,
  "N": 151,
  "Total": 165,
  "Error": 0.1393939393939394,
  "Exactitud": 0.8606060606060606,
  "TP_Rate": 0.2857142857142857,
  "FP_Rate": 0.08609271523178808,
  "Precision": 0.23529411764705882,
  "Recall": 0.2857142857142857,
  "Sensibilidad": 0.2857142857142857,
  "Especificidad": 0.9139072847682119,
  "F1_Score": 0.25806451612903225,
  "Accuracy_sklearn": 0.8606060606060606,
  "best_hyperparameters": {
    "criterion": "entropy",
    "max_depth": 10,
    "min_samples_leaf": 1,
    "min_samples_split": 2
  },
  "cv_best_score": 0.5900000000000001,
  "timestamp": "2025-12-12T02:16:07.062582",
  "confusion_matrix": [
    [
      138,
      13
    ],
    [
      10,
      4
    ]
  ]
}