{
  "best_params": {
    "criterion": "entropy",
    "max_depth": 10,
    "min_samples_leaf": 1,
    "min_samples_split": 5
  },
  "best_cv_score": 0.61,
  "test_metrics": {
    "accuracy": 0.8909090909090909,
    "precision": 0.35714285714285715,
    "recall": 0.35714285714285715,
    "f1_score": 0.35714285714285715
  },
  "timestamp": "2025-12-12T02:33:17.298168",
  "cv_folds": 10,
  "n_combinations_tested": 160,
  "total_fits": 1600,
  "time_seconds": 3.346809,
  "dataset_info": {
    "n_samples": 656,
    "n_features": 20
  }
}