{
  "best_params": {
    "C": 10,
    "gamma": 0.001,
    "kernel": "linear"
  },
  "best_cv_score": 0.7833333333333333,
  "test_metrics": {
    "accuracy": 0.8303030303030303,
    "precision": 0.20833333333333334,
    "recall": 0.35714285714285715,
    "f1_score": 0.2631578947368421
  },
  "timestamp": "2025-12-12T02:33:20.233069",
  "cv_folds": 10,
  "n_combinations_tested": 72,
  "total_fits": 720,
  "time_seconds": 6.282679,
  "dataset_info": {
    "n_samples": 656,
    "n_features": 20
  }
}