{
  "TP": 30,
  "TN": 193,
  "FP": 34,
  "FN": 27,
  "P": 57,
  "N": 227,
  "Total": 284,
  "Error": 0.2147887323943662,
  "Exactitud": 0.7852112676056338,
  "TP_Rate": 0.5263157894736842,
  "FP_Rate": 0.14977973568281938,
  "Precision": 0.46875,
  "Recall": 0.5263157894736842,
  "Sensibilidad": 0.5263157894736842,
  "Especificidad": 0.8502202643171806,
  "F1_Score": 0.49586776859504134,
  "Accuracy_sklearn": 0.7852112676056338,
  "best_hyperparameters": {
    "C": 1000,
    "gamma": 0.01,
    "kernel": "rbf"
  },
  "cv_best_score": 0.8884711779448621,
  "timestamp": "2025-12-12T02:20:44.435971",
  "confusion_matrix": [
    [
      193,
      34
    ],
    [
      27,
      30
    ]
  ]
}