{
  "best_params": {
    "criterion": "gini",
    "max_depth": null,
    "min_samples_leaf": 1,
    "min_samples_split": 2
  },
  "best_cv_score": 0.86203007518797,
  "test_metrics": {
    "accuracy": 0.7605633802816901,
    "precision": 0.43529411764705883,
    "recall": 0.6491228070175439,
    "f1_score": 0.5211267605633803
  },
  "timestamp": "2025-12-12T02:19:48.273409",
  "cv_folds": 10,
  "n_combinations_tested": 160,
  "total_fits": 1600,
  "time_seconds": 4.531041,
  "dataset_info": {
    "n_samples": 1132,
    "n_features": 65
  }
}