{
  "best_params": {
    "criterion": "entropy",
    "max_depth": 20,
    "min_samples_leaf": 1,
    "min_samples_split": 5
  },
  "best_cv_score": 0.8745168674246688,
  "test_metrics": {
    "accuracy": 0.7640845070422535,
    "precision": 0.44680851063829785,
    "recall": 0.7368421052631579,
    "f1_score": 0.5562913907284768
  },
  "timestamp": "2025-11-28T13:32:55.673494"
}