{
  "best_params": {
    "var_smoothing": 1e-09
  },
  "best_cv_score": 0.18367248558631427,
  "test_metrics": {
    "accuracy": 0.8169014084507042,
    "precision": 0.7272727272727273,
    "recall": 0.14035087719298245,
    "f1_score": 0.23529411764705882,
    "f2_score": 0.16736401673640167
  },
  "timestamp": "2025-12-11T09:16:44.541373",
  "confusion_matrix": [
    [
      224,
      3
    ],
    [
      49,
      8
    ]
  ],
  "labels": [
    0,
    1
  ]
}