{
  "best_params": {
    "C": 100,
    "gamma": 0.1,
    "kernel": "rbf"
  },
  "best_cv_score": 0.915990577121424,
  "test_metrics": {
    "accuracy": 0.8063380281690141,
    "precision": 0.5113636363636364,
    "recall": 0.7894736842105263,
    "f1_score": 0.6206896551724138,
    "f2_score": 0.7120253164556962
  },
  "timestamp": "2025-12-11T09:16:48.082542",
  "confusion_matrix": [
    [
      184,
      43
    ],
    [
      12,
      45
    ]
  ],
  "labels": [
    0,
    1
  ]
}