{
  "best_params": {
    "C": 100,
    "gamma": 0.1,
    "kernel": "rbf"
  },
  "best_cv_score": 0.9593358395989975,
  "test_metrics": {
    "accuracy": 0.8063380281690141,
    "precision": 0.5113636363636364,
    "recall": 0.7894736842105263,
    "f1_score": 0.6206896551724138
  },
  "timestamp": "2025-12-12T02:20:04.037243",
  "cv_folds": 10,
  "n_combinations_tested": 72,
  "total_fits": 720,
  "time_seconds": 20.296086,
  "dataset_info": {
    "n_samples": 1132,
    "n_features": 65
  }
}