{
  "best_params": {
    "C": 1,
    "gamma": 0.1,
    "kernel": "rbf"
  },
  "best_cv_score": 0.9187211527637059,
  "test_metrics": {
    "accuracy": 0.7535211267605634,
    "precision": 0.43564356435643564,
    "recall": 0.7719298245614035,
    "f1_score": 0.5569620253164557
  },
  "timestamp": "2025-11-28T13:32:55.606536"
}