{
  "best_params": {
    "C": 100,
    "gamma": 0.01,
    "kernel": "rbf"
  },
  "best_cv_score": 0.8450330071189561,
  "test_metrics": {
    "accuracy": 0.8063380281690141,
    "precision": 0.5135135135135135,
    "recall": 0.6666666666666666,
    "f1_score": 0.5801526717557252
  },
  "timestamp": "2025-11-27T19:58:58.192167"
}