{
  "TP": 42,
  "TN": 382,
  "FP": 82,
  "FN": 35,
  "P": 77,
  "N": 464,
  "Total": 541,
  "Error": 0.21626617375231053,
  "Exactitud": 0.7837338262476895,
  "TP_Rate": 0.5454545454545454,
  "FP_Rate": 0.17672413793103448,
  "Precision": 0.3387096774193548,
  "Recall": 0.5454545454545454,
  "Sensibilidad": 0.5454545454545454,
  "Especificidad": 0.8232758620689655,
  "F1_Score": 0.417910447761194,
  "Accuracy_sklearn": 0.7837338262476895,
  "best_hyperparameters": {
    "criterion": "entropy",
    "max_depth": 20,
    "min_samples_leaf": 1,
    "min_samples_split": 2
  },
  "cv_best_score": 0.8512317363234795,
  "timestamp": "2025-12-12T02:14:43.531249",
  "confusion_matrix": [
    [
      382,
      82
    ],
    [
      35,
      42
    ]
  ]
}