{
  "best_params": {
    "criterion": "entropy",
    "max_depth": 3,
    "min_samples_leaf": 1,
    "min_samples_split": 2
  },
  "best_cv_score": 0.9479166666666666,
  "test_metrics": {
    "accuracy": 0.7757575757575758,
    "precision": 0.23255813953488372,
    "recall": 0.7142857142857143,
    "f1_score": 0.3508771929824561
  },
  "timestamp": "2025-12-12T02:33:25.374411",
  "cv_folds": 10,
  "n_combinations_tested": 160,
  "total_fits": 1600,
  "time_seconds": 3.593148,
  "dataset_info": {
    "n_samples": 656,
    "n_features": 20
  }
}