{
  "best_params": {
    "var_smoothing": 1e-09
  },
  "best_cv_score": 0.9332386363636364,
  "test_metrics": {
    "accuracy": 0.24242424242424243,
    "precision": 0.0948905109489051,
    "recall": 0.9285714285714286,
    "f1_score": 0.17218543046357615
  },
  "timestamp": "2025-12-12T02:33:24.447819",
  "cv_folds": 10,
  "n_combinations_tested": 6,
  "total_fits": 60,
  "time_seconds": 2.666706,
  "dataset_info": {
    "n_samples": 656,
    "n_features": 20
  }
}