{
  "best_params": {
    "C": 0.1,
    "gamma": 1,
    "kernel": "rbf"
  },
  "best_cv_score": 0.9725378787878789,
  "test_metrics": {
    "accuracy": 0.6242424242424243,
    "precision": 0.14705882352941177,
    "recall": 0.7142857142857143,
    "f1_score": 0.24390243902439024
  },
  "timestamp": "2025-12-12T02:33:28.895993",
  "cv_folds": 10,
  "n_combinations_tested": 72,
  "total_fits": 720,
  "time_seconds": 7.115592,
  "dataset_info": {
    "n_samples": 656,
    "n_features": 20
  }
}