{
  "dataset": "groovy-1_6_BETA_1",
  "balancing_method": "smote",
  "scaler_type": "robust",
  "models": {
    "svm": {
      "F1_Score": 0.36363636363636365,
      "F2_Score": 0.4,
      "Exactitud": 0.8727272727272727,
      "Accuracy": 0.8727272727272727,
      "Balanced_Accuracy": 0.6712393566698203,
      "BER": 0.32876064333017974,
      "MCC": 0.298973603748304,
      "Precision": 0.3157894736842105,
      "Recall": 0.42857142857142855,
      "Sensibilidad": 0.42857142857142855,
      "Especificidad": 0.9139072847682119,
      "Error": 0.12727272727272726,
      "TP_Rate": 0.42857142857142855,
      "FP_Rate": 0.08609271523178808,
      "ROC_AUC": 0.8372753074739829,
      "confusion_matrix": [
        [
          138,
          13
        ],
        [
          8,
          6
        ]
      ]
    },
    "naive_bayes_gaussian": {
      "F1_Score": 0.14606741573033707,
      "F2_Score": 0.29545454545454547,
      "Exactitud": 0.07878787878787878,
      "Accuracy": 0.07878787878787878,
      "Balanced_Accuracy": 0.4642857142857143,
      "BER": 0.5357142857142857,
      "MCC": -0.25644989865985146,
      "Precision": 0.07926829268292683,
      "Recall": 0.9285714285714286,
      "Sensibilidad": 0.9285714285714286,
      "Especificidad": 0.0,
      "Error": 0.9212121212121213,
      "TP_Rate": 0.9285714285714286,
      "FP_Rate": 1.0,
      "ROC_AUC": 0.6892147587511825,
      "confusion_matrix": [
        [
          0,
          151
        ],
        [
          1,
          13
        ]
      ]
    },
    "decision_tree": {
      "F1_Score": 0.34285714285714286,
      "F2_Score": 0.38961038961038963,
      "Exactitud": 0.8606060606060606,
      "Accuracy": 0.8606060606060606,
      "Balanced_Accuracy": 0.6646168401135288,
      "BER": 0.33538315988647116,
      "MCC": 0.27527441901953953,
      "Precision": 0.2857142857142857,
      "Recall": 0.42857142857142855,
      "Sensibilidad": 0.42857142857142855,
      "Especificidad": 0.9006622516556292,
      "Error": 0.1393939393939394,
      "TP_Rate": 0.42857142857142855,
      "FP_Rate": 0.09933774834437085,
      "ROC_AUC": 0.6603595080416272,
      "confusion_matrix": [
        [
          136,
          15
        ],
        [
          8,
          6
        ]
      ]
    }
  },
  "timestamp": "2025-12-11T09:14:30.115151"
}