{
  "dataset": "groovy-1_6_BETA_1",
  "balancing_method": "smote",
  "scaler_type": "robust",
  "models": {
    "svm": {
      "F1_Score": 0.21782178217821782,
      "Exactitud": 0.5212121212121212,
      "Precision": 0.12643678160919541,
      "Recall": 0.7857142857142857,
      "Sensibilidad": 0.7857142857142857,
      "Especificidad": 0.4966887417218543,
      "Error": 0.47878787878787876,
      "TP_Rate": 0.7857142857142857,
      "FP_Rate": 0.5033112582781457,
      "ROC_AUC": 0.7776726584673606,
      "confusion_matrix": [
        [
          75,
          76
        ],
        [
          3,
          11
        ]
      ]
    },
    "naive_bayes_gaussian": {
      "F1_Score": 0.14606741573033707,
      "Exactitud": 0.07878787878787878,
      "Precision": 0.07926829268292683,
      "Recall": 0.9285714285714286,
      "Sensibilidad": 0.9285714285714286,
      "Especificidad": 0.0,
      "Error": 0.9212121212121213,
      "TP_Rate": 0.9285714285714286,
      "FP_Rate": 1.0,
      "ROC_AUC": 0.6613055818353831,
      "confusion_matrix": [
        [
          0,
          151
        ],
        [
          1,
          13
        ]
      ]
    },
    "decision_tree": {
      "F1_Score": 0.3870967741935484,
      "Exactitud": 0.8848484848484849,
      "Precision": 0.35294117647058826,
      "Recall": 0.42857142857142855,
      "Sensibilidad": 0.42857142857142855,
      "Especificidad": 0.9271523178807947,
      "Error": 0.11515151515151516,
      "TP_Rate": 0.42857142857142855,
      "FP_Rate": 0.0728476821192053,
      "ROC_AUC": 0.6778618732261116,
      "confusion_matrix": [
        [
          140,
          11
        ],
        [
          8,
          6
        ]
      ]
    }
  },
  "timestamp": "2025-11-28T13:31:10.928040"
}