{
  "TP": 6,
  "TN": 140,
  "FP": 11,
  "FN": 8,
  "P": 14,
  "N": 151,
  "Total": 165,
  "Error": 0.11515151515151516,
  "Exactitud": 0.8848484848484849,
  "TP_Rate": 0.42857142857142855,
  "FP_Rate": 0.0728476821192053,
  "Precision": 0.35294117647058826,
  "Recall": 0.42857142857142855,
  "Sensibilidad": 0.42857142857142855,
  "Especificidad": 0.9271523178807947,
  "F1_Score": 0.3870967741935484,
  "Accuracy_sklearn": 0.8848484848484849,
  "ROC_AUC": 0.6778618732261116,
  "PR_AUC": 0.41499872676343263,
  "classification_report": {
    "No-Buggy": {
      "precision": 0.9459459459459459,
      "recall": 0.9271523178807947,
      "f1-score": 0.9364548494983278,
      "support": 151.0
    },
    "Buggy": {
      "precision": 0.35294117647058826,
      "recall": 0.42857142857142855,
      "f1-score": 0.3870967741935484,
      "support": 14.0
    },
    "accuracy": 0.8848484848484849,
    "macro avg": {
      "precision": 0.6494435612082671,
      "recall": 0.6778618732261116,
      "f1-score": 0.661775811845938,
      "support": 165.0
    },
    "weighted avg": {
      "precision": 0.8956303897480368,
      "recall": 0.8848484848484849,
      "f1-score": 0.8898426491694374,
      "support": 165.0
    }
  },
  "confusion_matrix": [
    [
      140,
      11
    ],
    [
      8,
      6
    ]
  ],
  "training_time_seconds": 0.008397,
  "best_hyperparameters": {
    "criterion": "entropy",
    "max_depth": 20,
    "min_samples_leaf": 1,
    "min_samples_split": 2
  },
  "timestamp": "2025-11-28T13:31:10.672404"
}