{
  "TP": 6,
  "TN": 137,
  "FP": 14,
  "FN": 8,
  "P": 14,
  "N": 151,
  "Total": 165,
  "Error": 0.13333333333333333,
  "Exactitud": 0.8666666666666667,
  "TP_Rate": 0.42857142857142855,
  "FP_Rate": 0.09271523178807947,
  "Precision": 0.3,
  "Recall": 0.42857142857142855,
  "Sensibilidad": 0.42857142857142855,
  "Especificidad": 0.9072847682119205,
  "F1_Score": 0.35294117647058826,
  "Accuracy_sklearn": 0.8666666666666667,
  "ROC_AUC": 0.6665089877010407,
  "PR_AUC": 0.30768398268398267,
  "classification_report": {
    "No-Buggy": {
      "precision": 0.9448275862068966,
      "recall": 0.9072847682119205,
      "f1-score": 0.9256756756756757,
      "support": 151.0
    },
    "Buggy": {
      "precision": 0.3,
      "recall": 0.42857142857142855,
      "f1-score": 0.35294117647058826,
      "support": 14.0
    },
    "accuracy": 0.8666666666666667,
    "macro avg": {
      "precision": 0.6224137931034482,
      "recall": 0.6679280983916746,
      "f1-score": 0.639308426073132,
      "support": 165.0
    },
    "weighted avg": {
      "precision": 0.8901149425287356,
      "recall": 0.8666666666666667,
      "f1-score": 0.8770800211976683,
      "support": 165.0
    }
  },
  "confusion_matrix": [
    [
      137,
      14
    ],
    [
      8,
      6
    ]
  ],
  "training_time_seconds": 0.007466,
  "best_hyperparameters": {
    "criterion": "entropy",
    "max_depth": 10,
    "min_samples_leaf": 1,
    "min_samples_split": 2
  },
  "timestamp": "2025-11-27T19:32:06.427142"
}