{
  "TP": 11,
  "TN": 75,
  "FP": 76,
  "FN": 3,
  "P": 14,
  "N": 151,
  "Total": 165,
  "Error": 0.47878787878787876,
  "Exactitud": 0.5212121212121212,
  "TP_Rate": 0.7857142857142857,
  "FP_Rate": 0.5033112582781457,
  "Precision": 0.12643678160919541,
  "Recall": 0.7857142857142857,
  "Sensibilidad": 0.7857142857142857,
  "Especificidad": 0.4966887417218543,
  "F1_Score": 0.21782178217821782,
  "Accuracy_sklearn": 0.5212121212121212,
  "ROC_AUC": 0.7776726584673606,
  "PR_AUC": 0.4069576772838863,
  "classification_report": {
    "No-Buggy": {
      "precision": 0.9615384615384616,
      "recall": 0.4966887417218543,
      "f1-score": 0.6550218340611353,
      "support": 151.0
    },
    "Buggy": {
      "precision": 0.12643678160919541,
      "recall": 0.7857142857142857,
      "f1-score": 0.21782178217821782,
      "support": 14.0
    },
    "accuracy": 0.5212121212121212,
    "macro avg": {
      "precision": 0.5439876215738285,
      "recall": 0.64120151371807,
      "f1-score": 0.43642180811967657,
      "support": 165.0
    },
    "weighted avg": {
      "precision": 0.8906813493020391,
      "recall": 0.5212121212121212,
      "f1-score": 0.6179260720831908,
      "support": 165.0
    }
  },
  "confusion_matrix": [
    [
      75,
      76
    ],
    [
      3,
      11
    ]
  ],
  "training_time_seconds": 0.007007,
  "best_hyperparameters": {
    "C": 0.1,
    "gamma": 0.1,
    "kernel": "rbf"
  },
  "timestamp": "2025-11-28T13:31:10.129189"
}