{
  "TP": 6,
  "TN": 138,
  "FP": 13,
  "FN": 8,
  "P": 14,
  "N": 151,
  "Total": 165,
  "Error": 0.12727272727272726,
  "Exactitud": 0.8727272727272727,
  "TP_Rate": 0.42857142857142855,
  "FP_Rate": 0.08609271523178808,
  "Precision": 0.3157894736842105,
  "Recall": 0.42857142857142855,
  "Sensibilidad": 0.42857142857142855,
  "Especificidad": 0.9139072847682119,
  "F1_Score": 0.36363636363636365,
  "Accuracy_sklearn": 0.8727272727272727,
  "ROC_AUC": 0.8372753074739829,
  "PR_AUC": 0.2379507456691588,
  "classification_report": {
    "No-Buggy": {
      "precision": 0.9452054794520548,
      "recall": 0.9139072847682119,
      "f1-score": 0.9292929292929293,
      "support": 151.0
    },
    "Buggy": {
      "precision": 0.3157894736842105,
      "recall": 0.42857142857142855,
      "f1-score": 0.36363636363636365,
      "support": 14.0
    },
    "accuracy": 0.8727272727272727,
    "macro avg": {
      "precision": 0.6304974765681326,
      "recall": 0.6712393566698203,
      "f1-score": 0.6464646464646464,
      "support": 165.0
    },
    "weighted avg": {
      "precision": 0.8918004850232681,
      "recall": 0.8727272727272727,
      "f1-score": 0.8812978267523722,
      "support": 165.0
    }
  },
  "confusion_matrix": [
    [
      138,
      13
    ],
    [
      8,
      6
    ]
  ],
  "training_time_seconds": 0.026048,
  "best_hyperparameters": {
    "C": 100,
    "gamma": "auto",
    "kernel": "rbf"
  },
  "timestamp": "2025-11-27T19:57:43.151441"
}