{
  "TP": 25,
  "TN": 432,
  "FP": 32,
  "FN": 52,
  "P": 77,
  "N": 464,
  "Total": 541,
  "Error": 0.15526802218114602,
  "Exactitud": 0.844731977818854,
  "TP_Rate": 0.3246753246753247,
  "FP_Rate": 0.06896551724137931,
  "Precision": 0.43859649122807015,
  "Recall": 0.3246753246753247,
  "Sensibilidad": 0.3246753246753247,
  "Especificidad": 0.9310344827586207,
  "F1_Score": 0.373134328358209,
  "Accuracy_sklearn": 0.844731977818854,
  "best_hyperparameters": {
    "var_smoothing": 1e-09
  },
  "cv_best_score": 0.37252803261977574,
  "timestamp": "2025-12-12T02:33:04.746465",
  "confusion_matrix": [
    [
      432,
      32
    ],
    [
      52,
      25
    ]
  ]
}