{
  "best_params": {
    "C": 100,
    "gamma": 0.001,
    "kernel": "linear"
  },
  "best_cv_score": 0.6541935483870968,
  "test_metrics": {
    "accuracy": 0.6561922365988909,
    "precision": 0.2233502538071066,
    "recall": 0.5714285714285714,
    "f1_score": 0.32116788321167883
  },
  "timestamp": "2025-12-12T02:29:24.409182",
  "cv_folds": 10,
  "n_combinations_tested": 72,
  "total_fits": 720,
  "time_seconds": 26.046464,
  "dataset_info": {
    "n_samples": 2164,
    "n_features": 20
  }
}