{
  "TP": 10,
  "TN": 251,
  "FP": 76,
  "FN": 16,
  "P": 26,
  "N": 327,
  "Total": 353,
  "Error": 0.26062322946175637,
  "Exactitud": 0.7393767705382436,
  "TP_Rate": 0.38461538461538464,
  "FP_Rate": 0.2324159021406728,
  "Precision": 0.11627906976744186,
  "Recall": 0.38461538461538464,
  "Sensibilidad": 0.38461538461538464,
  "Especificidad": 0.7675840978593272,
  "F1_Score": 0.17857142857142858,
  "Accuracy_sklearn": 0.7393767705382436,
  "best_hyperparameters": {
    "C": 10,
    "gamma": 0.001,
    "kernel": "linear"
  },
  "cv_best_score": 0.619090909090909,
  "timestamp": "2025-12-12T02:25:06.804651",
  "confusion_matrix": [
    [
      251,
      76
    ],
    [
      16,
      10
    ]
  ]
}