{
  "dataset": "derby-10.5.1.1",
  "balancing_method": "hcbou",
  "scaler_type": "standard",
  "models": {
    "svm": {
      "F1_Score": 0.45248868778280543,
      "Exactitud": 0.7763401109057301,
      "Precision": 0.3472222222222222,
      "Recall": 0.6493506493506493,
      "Sensibilidad": 0.6493506493506493,
      "Especificidad": 0.7974137931034483,
      "Error": 0.22365988909426987,
      "TP_Rate": 0.6493506493506493,
      "FP_Rate": 0.2025862068965517,
      "ROC_AUC": 0.7619514106583072,
      "confusion_matrix": [
        [
          370,
          94
        ],
        [
          27,
          50
        ]
      ]
    },
    "naive_bayes_gaussian": {
      "F1_Score": 0.45454545454545453,
      "Exactitud": 0.844731977818854,
      "Precision": 0.45454545454545453,
      "Recall": 0.45454545454545453,
      "Sensibilidad": 0.45454545454545453,
      "Especificidad": 0.9094827586206896,
      "Error": 0.15526802218114602,
      "TP_Rate": 0.45454545454545453,
      "FP_Rate": 0.09051724137931035,
      "ROC_AUC": 0.7688647559337214,
      "confusion_matrix": [
        [
          422,
          42
        ],
        [
          42,
          35
        ]
      ]
    },
    "decision_tree": {
      "F1_Score": 0.4,
      "Exactitud": 0.7504621072088724,
      "Precision": 0.30405405405405406,
      "Recall": 0.5844155844155844,
      "Sensibilidad": 0.5844155844155844,
      "Especificidad": 0.7780172413793104,
      "Error": 0.24953789279112754,
      "TP_Rate": 0.5844155844155844,
      "FP_Rate": 0.22198275862068967,
      "ROC_AUC": 0.6812164128974473,
      "confusion_matrix": [
        [
          361,
          103
        ],
        [
          32,
          45
        ]
      ]
    }
  },
  "timestamp": "2025-11-27T19:31:18.980504"
}