{
  "dataset": "derby-10.5.1.1",
  "balancing_method": "hcbou",
  "scaler_type": "standard",
  "models": {
    "svm": {
      "F1_Score": 0.36923076923076925,
      "Exactitud": 0.5452865064695009,
      "Precision": 0.23003194888178913,
      "Recall": 0.935064935064935,
      "Sensibilidad": 0.935064935064935,
      "Especificidad": 0.48060344827586204,
      "Error": 0.45471349353049906,
      "TP_Rate": 0.935064935064935,
      "FP_Rate": 0.5193965517241379,
      "ROC_AUC": 0.7574731303179579,
      "confusion_matrix": [
        [
          223,
          241
        ],
        [
          5,
          72
        ]
      ]
    },
    "naive_bayes_gaussian": {
      "F1_Score": 0.45454545454545453,
      "Exactitud": 0.844731977818854,
      "Precision": 0.45454545454545453,
      "Recall": 0.45454545454545453,
      "Sensibilidad": 0.45454545454545453,
      "Especificidad": 0.9094827586206896,
      "Error": 0.15526802218114602,
      "TP_Rate": 0.45454545454545453,
      "FP_Rate": 0.09051724137931035,
      "ROC_AUC": 0.7688647559337214,
      "confusion_matrix": [
        [
          422,
          42
        ],
        [
          42,
          35
        ]
      ]
    },
    "decision_tree": {
      "F1_Score": 0.4244604316546763,
      "Exactitud": 0.7042513863216266,
      "Precision": 0.2935323383084577,
      "Recall": 0.7662337662337663,
      "Sensibilidad": 0.7662337662337663,
      "Especificidad": 0.6939655172413793,
      "Error": 0.2957486136783734,
      "TP_Rate": 0.7662337662337663,
      "FP_Rate": 0.30603448275862066,
      "ROC_AUC": 0.7430586654724588,
      "confusion_matrix": [
        [
          322,
          142
        ],
        [
          18,
          59
        ]
      ]
    }
  },
  "timestamp": "2025-11-28T13:30:08.312756"
}