{
  "dataset": "derby-10.5.1.1",
  "balancing_method": "hcbou",
  "scaler_type": "standard",
  "models": {
    "svm": {
      "F1_Score": 0.4247787610619469,
      "F2_Score": 0.5251641137855579,
      "Exactitud": 0.7597042513863216,
      "Accuracy": 0.7597042513863216,
      "Balanced_Accuracy": 0.70285210479176,
      "BER": 0.29714789520824003,
      "MCC": 0.3173055724210207,
      "Precision": 0.3221476510067114,
      "Recall": 0.6233766233766234,
      "Sensibilidad": 0.6233766233766234,
      "Especificidad": 0.7823275862068966,
      "Error": 0.24029574861367836,
      "TP_Rate": 0.6233766233766234,
      "FP_Rate": 0.21767241379310345,
      "ROC_AUC": 0.7309393193013883,
      "confusion_matrix": [
        [
          363,
          101
        ],
        [
          29,
          48
        ]
      ]
    },
    "naive_bayes_gaussian": {
      "F1_Score": 0.45454545454545453,
      "F2_Score": 0.45454545454545453,
      "Exactitud": 0.844731977818854,
      "Accuracy": 0.844731977818854,
      "Balanced_Accuracy": 0.682014106583072,
      "BER": 0.31798589341692796,
      "MCC": 0.3640282131661442,
      "Precision": 0.45454545454545453,
      "Recall": 0.45454545454545453,
      "Sensibilidad": 0.45454545454545453,
      "Especificidad": 0.9094827586206896,
      "Error": 0.15526802218114602,
      "TP_Rate": 0.45454545454545453,
      "FP_Rate": 0.09051724137931035,
      "ROC_AUC": 0.7688647559337214,
      "confusion_matrix": [
        [
          422,
          42
        ],
        [
          42,
          35
        ]
      ]
    },
    "decision_tree": {
      "F1_Score": 0.379746835443038,
      "F2_Score": 0.4807692307692308,
      "Exactitud": 0.7282809611829945,
      "Accuracy": 0.7282809611829945,
      "Balanced_Accuracy": 0.6682853784146887,
      "BER": 0.3317146215853113,
      "MCC": 0.257666674864732,
      "Precision": 0.28125,
      "Recall": 0.5844155844155844,
      "Sensibilidad": 0.5844155844155844,
      "Especificidad": 0.7521551724137931,
      "Error": 0.27171903881700554,
      "TP_Rate": 0.5844155844155844,
      "FP_Rate": 0.2478448275862069,
      "ROC_AUC": 0.6682853784146887,
      "confusion_matrix": [
        [
          349,
          115
        ],
        [
          32,
          45
        ]
      ]
    }
  },
  "timestamp": "2025-12-11T09:13:17.829965"
}