{
  "TP": 59,
  "TN": 322,
  "FP": 142,
  "FN": 18,
  "P": 77,
  "N": 464,
  "Total": 541,
  "Error": 0.2957486136783734,
  "Exactitud": 0.7042513863216266,
  "TP_Rate": 0.7662337662337663,
  "FP_Rate": 0.30603448275862066,
  "Precision": 0.2935323383084577,
  "Recall": 0.7662337662337663,
  "Sensibilidad": 0.7662337662337663,
  "Especificidad": 0.6939655172413793,
  "F1_Score": 0.4244604316546763,
  "Accuracy_sklearn": 0.7042513863216266,
  "ROC_AUC": 0.7430586654724588,
  "PR_AUC": 0.34924829449940364,
  "classification_report": {
    "No-Buggy": {
      "precision": 0.9470588235294117,
      "recall": 0.6939655172413793,
      "f1-score": 0.8009950248756219,
      "support": 464.0
    },
    "Buggy": {
      "precision": 0.2935323383084577,
      "recall": 0.7662337662337663,
      "f1-score": 0.4244604316546763,
      "support": 77.0
    },
    "accuracy": 0.7042513863216266,
    "macro avg": {
      "precision": 0.6202955809189348,
      "recall": 0.7300996417375728,
      "f1-score": 0.6127277282651491,
      "support": 541.0
    },
    "weighted avg": {
      "precision": 0.8540430391264294,
      "recall": 0.7042513863216266,
      "f1-score": 0.7474032251011066,
      "support": 541.0
    }
  },
  "confusion_matrix": [
    [
      322,
      142
    ],
    [
      18,
      59
    ]
  ],
  "training_time_seconds": 0.016433,
  "best_hyperparameters": {
    "criterion": "gini",
    "max_depth": 5,
    "min_samples_leaf": 1,
    "min_samples_split": 10
  },
  "timestamp": "2025-11-28T13:30:08.057490"
}