{
  "TP": 45,
  "TN": 349,
  "FP": 115,
  "FN": 32,
  "P": 77,
  "N": 464,
  "Total": 541,
  "Error": 0.27171903881700554,
  "Exactitud": 0.7282809611829945,
  "TP_Rate": 0.5844155844155844,
  "FP_Rate": 0.2478448275862069,
  "Precision": 0.28125,
  "Recall": 0.5844155844155844,
  "Sensibilidad": 0.5844155844155844,
  "Especificidad": 0.7521551724137931,
  "F1_Score": 0.379746835443038,
  "Accuracy_sklearn": 0.7282809611829945,
  "F2_Score": 0.4807692307692308,
  "Balanced_Accuracy": 0.6682853784146887,
  "BER": 0.3317146215853113,
  "MCC": 0.257666674864732,
  "Accuracy": 0.7282809611829945,
  "ROC_AUC": 0.6682853784146887,
  "PR_AUC": 0.4624076535756295,
  "classification_report": {
    "No-Buggy": {
      "precision": 0.916010498687664,
      "recall": 0.7521551724137931,
      "f1-score": 0.8260355029585799,
      "support": 464.0
    },
    "Buggy": {
      "precision": 0.28125,
      "recall": 0.5844155844155844,
      "f1-score": 0.379746835443038,
      "support": 77.0
    },
    "accuracy": 0.7282809611829945,
    "macro avg": {
      "precision": 0.598630249343832,
      "recall": 0.6682853784146887,
      "f1-score": 0.602891169200809,
      "support": 541.0
    },
    "weighted avg": {
      "precision": 0.8256656587635418,
      "recall": 0.7282809611829945,
      "f1-score": 0.762515674125499,
      "support": 541.0
    }
  },
  "confusion_matrix": [
    [
      349,
      115
    ],
    [
      32,
      45
    ]
  ],
  "training_time_seconds": 0.03417,
  "best_hyperparameters": {
    "criterion": "gini",
    "max_depth": 20,
    "min_samples_leaf": 1,
    "min_samples_split": 2
  },
  "timestamp": "2025-12-11T09:13:17.605192"
}