{
  "TP": 48,
  "TN": 363,
  "FP": 101,
  "FN": 29,
  "P": 77,
  "N": 464,
  "Total": 541,
  "Error": 0.24029574861367836,
  "Exactitud": 0.7597042513863216,
  "TP_Rate": 0.6233766233766234,
  "FP_Rate": 0.21767241379310345,
  "Precision": 0.3221476510067114,
  "Recall": 0.6233766233766234,
  "Sensibilidad": 0.6233766233766234,
  "Especificidad": 0.7823275862068966,
  "F1_Score": 0.4247787610619469,
  "Accuracy_sklearn": 0.7597042513863216,
  "F2_Score": 0.5251641137855579,
  "Balanced_Accuracy": 0.70285210479176,
  "BER": 0.29714789520824003,
  "MCC": 0.3173055724210207,
  "Accuracy": 0.7597042513863216,
  "ROC_AUC": 0.7309393193013883,
  "PR_AUC": 0.2803879455231627,
  "classification_report": {
    "No-Buggy": {
      "precision": 0.9260204081632653,
      "recall": 0.7823275862068966,
      "f1-score": 0.8481308411214953,
      "support": 464.0
    },
    "Buggy": {
      "precision": 0.3221476510067114,
      "recall": 0.6233766233766234,
      "f1-score": 0.4247787610619469,
      "support": 77.0
    },
    "accuracy": 0.7597042513863216,
    "macro avg": {
      "precision": 0.6240840295849883,
      "recall": 0.70285210479176,
      "f1-score": 0.636454801091721,
      "support": 541.0
    },
    "weighted avg": {
      "precision": 0.8400717902315561,
      "recall": 0.7597042513863216,
      "f1-score": 0.7878755543108017,
      "support": 541.0
    }
  },
  "confusion_matrix": [
    [
      363,
      101
    ],
    [
      29,
      48
    ]
  ],
  "training_time_seconds": 0.087607,
  "best_hyperparameters": {
    "C": 100,
    "gamma": 0.1,
    "kernel": "rbf"
  },
  "timestamp": "2025-12-11T09:13:17.088984"
}