{
  "TP": 72,
  "TN": 223,
  "FP": 241,
  "FN": 5,
  "P": 77,
  "N": 464,
  "Total": 541,
  "Error": 0.45471349353049906,
  "Exactitud": 0.5452865064695009,
  "TP_Rate": 0.935064935064935,
  "FP_Rate": 0.5193965517241379,
  "Precision": 0.23003194888178913,
  "Recall": 0.935064935064935,
  "Sensibilidad": 0.935064935064935,
  "Especificidad": 0.48060344827586204,
  "F1_Score": 0.36923076923076925,
  "Accuracy_sklearn": 0.5452865064695009,
  "ROC_AUC": 0.7574731303179579,
  "PR_AUC": 0.2664552362948311,
  "classification_report": {
    "No-Buggy": {
      "precision": 0.9780701754385965,
      "recall": 0.48060344827586204,
      "f1-score": 0.6445086705202312,
      "support": 464.0
    },
    "Buggy": {
      "precision": 0.23003194888178913,
      "recall": 0.935064935064935,
      "f1-score": 0.36923076923076925,
      "support": 77.0
    },
    "accuracy": 0.5452865064695009,
    "macro avg": {
      "precision": 0.6040510621601929,
      "recall": 0.7078341916703985,
      "f1-score": 0.5068697198755002,
      "support": 541.0
    },
    "weighted avg": {
      "precision": 0.871602627481343,
      "recall": 0.5452865064695009,
      "f1-score": 0.6053286365104557,
      "support": 541.0
    }
  },
  "confusion_matrix": [
    [
      223,
      241
    ],
    [
      5,
      72
    ]
  ],
  "training_time_seconds": 0.082249,
  "best_hyperparameters": {
    "C": 1,
    "gamma": 1,
    "kernel": "rbf"
  },
  "timestamp": "2025-11-28T13:30:07.494391"
}