{
  "TP": 50,
  "TN": 370,
  "FP": 94,
  "FN": 27,
  "P": 77,
  "N": 464,
  "Total": 541,
  "Error": 0.22365988909426987,
  "Exactitud": 0.7763401109057301,
  "TP_Rate": 0.6493506493506493,
  "FP_Rate": 0.2025862068965517,
  "Precision": 0.3472222222222222,
  "Recall": 0.6493506493506493,
  "Sensibilidad": 0.6493506493506493,
  "Especificidad": 0.7974137931034483,
  "F1_Score": 0.45248868778280543,
  "Accuracy_sklearn": 0.7763401109057301,
  "ROC_AUC": 0.7619514106583072,
  "PR_AUC": 0.3184900435176665,
  "classification_report": {
    "No-Buggy": {
      "precision": 0.9319899244332494,
      "recall": 0.7974137931034483,
      "f1-score": 0.859465737514518,
      "support": 464.0
    },
    "Buggy": {
      "precision": 0.3472222222222222,
      "recall": 0.6493506493506493,
      "f1-score": 0.45248868778280543,
      "support": 77.0
    },
    "accuracy": 0.7763401109057301,
    "macro avg": {
      "precision": 0.6396060733277358,
      "recall": 0.7233822212270489,
      "f1-score": 0.6559772126486617,
      "support": 541.0
    },
    "weighted avg": {
      "precision": 0.8487605102553397,
      "recall": 0.7763401109057301,
      "f1-score": 0.8015410927283039,
      "support": 541.0
    }
  },
  "confusion_matrix": [
    [
      370,
      94
    ],
    [
      27,
      50
    ]
  ],
  "training_time_seconds": 0.434688,
  "best_hyperparameters": {
    "C": 10,
    "gamma": 0.1,
    "kernel": "rbf"
  },
  "timestamp": "2025-11-27T19:31:18.143246"
}