{
  "best_params": {
    "var_smoothing": 1e-09
  },
  "best_cv_score": 0.940909090909091,
  "test_metrics": {
    "accuracy": 0.2,
    "precision": 0.08450704225352113,
    "recall": 0.8571428571428571,
    "f1_score": 0.15384615384615385
  },
  "timestamp": "2025-12-12T02:33:42.440910",
  "cv_folds": 10,
  "n_combinations_tested": 6,
  "total_fits": 60,
  "time_seconds": 2.619067,
  "dataset_info": {
    "n_samples": 656,
    "n_features": 20
  }
}