{
  "best_params": {
    "C": 10,
    "gamma": "scale",
    "kernel": "rbf"
  },
  "best_cv_score": 0.9603219696969697,
  "test_metrics": {
    "accuracy": 0.8484848484848485,
    "precision": 0.2962962962962963,
    "recall": 0.5714285714285714,
    "f1_score": 0.3902439024390244
  },
  "timestamp": "2025-12-12T02:33:46.855444",
  "cv_folds": 10,
  "n_combinations_tested": 72,
  "total_fits": 720,
  "time_seconds": 7.035091,
  "dataset_info": {
    "n_samples": 656,
    "n_features": 20
  }
}