{
  "TP": 15,
  "TN": 122,
  "FP": 46,
  "FN": 29,
  "P": 44,
  "N": 168,
  "Total": 212,
  "Error": 0.35377358490566035,
  "Exactitud": 0.6462264150943396,
  "TP_Rate": 0.3409090909090909,
  "FP_Rate": 0.27380952380952384,
  "Precision": 0.2459016393442623,
  "Recall": 0.3409090909090909,
  "Sensibilidad": 0.3409090909090909,
  "Especificidad": 0.7261904761904762,
  "F1_Score": 0.2857142857142857,
  "Accuracy_sklearn": 0.6462264150943396,
  "best_hyperparameters": {
    "C": 1000,
    "gamma": 0.001,
    "kernel": "linear"
  },
  "cv_best_score": 0.615359477124183,
  "timestamp": "2025-12-12T02:35:44.804995",
  "confusion_matrix": [
    [
      122,
      46
    ],
    [
      29,
      15
    ]
  ]
}