{
  "TP": 39,
  "TN": 282,
  "FP": 36,
  "FN": 20,
  "P": 59,
  "N": 318,
  "Total": 377,
  "Error": 0.14854111405835543,
  "Exactitud": 0.8514588859416445,
  "TP_Rate": 0.6610169491525424,
  "FP_Rate": 0.11320754716981132,
  "Precision": 0.52,
  "Recall": 0.6610169491525424,
  "Sensibilidad": 0.6610169491525424,
  "Especificidad": 0.8867924528301887,
  "F1_Score": 0.582089552238806,
  "Accuracy_sklearn": 0.8514588859416445,
  "best_hyperparameters": {
    "var_smoothing": 1e-09
  },
  "cv_best_score": 0.6337368421052632,
  "timestamp": "2025-12-12T02:28:29.525485",
  "confusion_matrix": [
    [
      282,
      36
    ],
    [
      20,
      39
    ]
  ]
}