{
  "best_params": {
    "criterion": "entropy",
    "max_depth": 20,
    "min_samples_leaf": 1,
    "min_samples_split": 10
  },
  "best_cv_score": 0.9014455864435907,
  "test_metrics": {
    "accuracy": 0.8063660477453581,
    "precision": 0.42857142857142855,
    "recall": 0.711864406779661,
    "f1_score": 0.535031847133758,
    "f2_score": 0.6287425149700598
  },
  "timestamp": "2025-12-11T09:10:22.079480",
  "confusion_matrix": [
    [
      262,
      56
    ],
    [
      17,
      42
    ]
  ],
  "labels": [
    0,
    1
  ]
}