{
  "best_params": {
    "criterion": "entropy",
    "max_depth": 5,
    "min_samples_leaf": 8,
    "min_samples_split": 20
  },
  "best_cv_score": 0.8952286093720357,
  "test_metrics": {
    "accuracy": 0.8673740053050398,
    "precision": 0.5569620253164557,
    "recall": 0.7457627118644068,
    "f1_score": 0.6376811594202898
  },
  "timestamp": "2025-11-28T13:28:12.044645"
}