{
  "best_params": {
    "var_smoothing": 0.0001
  },
  "best_cv_score": 0.572883070891039,
  "test_metrics": {
    "accuracy": 0.843501326259947,
    "precision": 0.5,
    "recall": 0.5932203389830508,
    "f1_score": 0.5426356589147286
  },
  "timestamp": "2025-11-28T13:28:10.765221"
}