{
  "best_params": {
    "C": 100,
    "gamma": "scale",
    "kernel": "rbf"
  },
  "best_cv_score": 0.9147694738427022,
  "test_metrics": {
    "accuracy": 0.8249336870026526,
    "precision": 0.4492753623188406,
    "recall": 0.5254237288135594,
    "f1_score": 0.484375
  },
  "timestamp": "2025-11-27T19:29:44.200552"
}