{
  "best_params": {
    "C": 100,
    "gamma": 0.1,
    "kernel": "rbf"
  },
  "best_cv_score": 0.9551131511462273,
  "test_metrics": {
    "accuracy": 0.8275862068965517,
    "precision": 0.46875,
    "recall": 0.7627118644067796,
    "f1_score": 0.5806451612903226,
    "f2_score": 0.677710843373494
  },
  "timestamp": "2025-12-11T09:10:21.774711",
  "confusion_matrix": [
    [
      267,
      51
    ],
    [
      14,
      45
    ]
  ],
  "labels": [
    0,
    1
  ]
}