{
  "best_params": {
    "C": 0.01,
    "gamma": 1,
    "kernel": "rbf"
  },
  "best_cv_score": 1.0,
  "test_metrics": {
    "accuracy": 0.15649867374005305,
    "precision": 0.15649867374005305,
    "recall": 1.0,
    "f1_score": 0.2706422018348624
  },
  "timestamp": "2025-11-28T13:28:11.984263"
}