{
  "TP": 15,
  "TN": 220,
  "FP": 7,
  "FN": 42,
  "P": 57,
  "N": 227,
  "Total": 284,
  "Error": 0.17253521126760563,
  "Exactitud": 0.8274647887323944,
  "TP_Rate": 0.2631578947368421,
  "FP_Rate": 0.030837004405286344,
  "Precision": 0.6818181818181818,
  "Recall": 0.2631578947368421,
  "Sensibilidad": 0.2631578947368421,
  "Especificidad": 0.9691629955947136,
  "F1_Score": 0.379746835443038,
  "Accuracy_sklearn": 0.8274647887323944,
  "best_hyperparameters": {
    "var_smoothing": 0.0001
  },
  "cv_best_score": 0.3237781954887218,
  "timestamp": "2025-12-12T02:20:44.440669",
  "confusion_matrix": [
    [
      220,
      7
    ],
    [
      42,
      15
    ]
  ]
}