{
  "best_params": {
    "criterion": "gini",
    "max_depth": 10,
    "min_samples_leaf": 1,
    "min_samples_split": 2
  },
  "best_cv_score": 0.9097391286829474,
  "test_metrics": {
    "accuracy": 0.8555240793201133,
    "precision": 0.20930232558139536,
    "recall": 0.34615384615384615,
    "f1_score": 0.2608695652173913,
    "f2_score": 0.30612244897959184
  },
  "timestamp": "2025-12-11T09:19:06.332737",
  "confusion_matrix": [
    [
      293,
      34
    ],
    [
      17,
      9
    ]
  ],
  "labels": [
    0,
    1
  ]
}