{
  "best_params": {
    "criterion": "gini",
    "max_depth": 10,
    "min_samples_leaf": 1,
    "min_samples_split": 2
  },
  "best_cv_score": 0.9178269617706236,
  "test_metrics": {
    "accuracy": 0.8555240793201133,
    "precision": 0.20930232558139536,
    "recall": 0.34615384615384615,
    "f1_score": 0.2608695652173913
  },
  "timestamp": "2025-12-12T02:23:09.191230",
  "cv_folds": 10,
  "n_combinations_tested": 160,
  "total_fits": 1600,
  "time_seconds": 5.743248,
  "dataset_info": {
    "n_samples": 1410,
    "n_features": 65
  }
}