{
  "best_params": {
    "criterion": "entropy",
    "max_depth": 20,
    "min_samples_leaf": 1,
    "min_samples_split": 2
  },
  "best_cv_score": 0.9163120567375888,
  "test_metrics": {
    "accuracy": 0.8555240793201133,
    "precision": 0.1951219512195122,
    "recall": 0.3076923076923077,
    "f1_score": 0.23880597014925373
  },
  "timestamp": "2025-11-28T13:34:46.389811"
}