{
  "best_params": {
    "criterion": "gini",
    "max_depth": 10,
    "min_samples_leaf": 1,
    "min_samples_split": 10
  },
  "best_cv_score": 0.8897048941175622,
  "test_metrics": {
    "accuracy": 0.8640226628895185,
    "precision": 0.17647058823529413,
    "recall": 0.23076923076923078,
    "f1_score": 0.2
  },
  "timestamp": "2025-11-27T19:34:35.938658"
}