{
  "best_params": {
    "var_smoothing": 1e-07
  },
  "best_cv_score": 0.4453900709219858,
  "test_metrics": {
    "accuracy": 0.8753541076487252,
    "precision": 0.2631578947368421,
    "recall": 0.38461538461538464,
    "f1_score": 0.3125
  },
  "timestamp": "2025-11-28T13:34:44.990285"
}