{
  "best_params": {
    "var_smoothing": 1e-09
  },
  "best_cv_score": 0.5071171419362013,
  "test_metrics": {
    "accuracy": 0.8753541076487252,
    "precision": 0.2631578947368421,
    "recall": 0.38461538461538464,
    "f1_score": 0.3125,
    "f2_score": 0.352112676056338
  },
  "timestamp": "2025-12-11T09:19:01.352060",
  "confusion_matrix": [
    [
      299,
      28
    ],
    [
      16,
      10
    ]
  ],
  "labels": [
    0,
    1
  ]
}