{
  "best_params": {
    "C": 100,
    "gamma": 0.01,
    "kernel": "rbf"
  },
  "best_cv_score": 0.9143540366699877,
  "test_metrics": {
    "accuracy": 0.8810198300283286,
    "precision": 0.2647058823529412,
    "recall": 0.34615384615384615,
    "f1_score": 0.3
  },
  "timestamp": "2025-11-27T20:00:18.267364"
}