{
  "best_params": {
    "C": 100,
    "gamma": 0.01,
    "kernel": "rbf"
  },
  "best_cv_score": 0.953199195171026,
  "test_metrics": {
    "accuracy": 0.8810198300283286,
    "precision": 0.2647058823529412,
    "recall": 0.34615384615384615,
    "f1_score": 0.3
  },
  "timestamp": "2025-12-12T02:23:28.538077",
  "cv_folds": 10,
  "n_combinations_tested": 72,
  "total_fits": 720,
  "time_seconds": 25.091483,
  "dataset_info": {
    "n_samples": 1410,
    "n_features": 65
  }
}