{
  "best_params": {
    "C": 0.01,
    "gamma": 1,
    "kernel": "rbf"
  },
  "best_cv_score": 1.0,
  "test_metrics": {
    "accuracy": 0.1643059490084986,
    "precision": 0.07836990595611286,
    "recall": 0.9615384615384616,
    "f1_score": 0.14492753623188406
  },
  "timestamp": "2025-11-28T13:34:46.280578"
}