{
  "best_params": {
    "C": 100,
    "gamma": 0.01,
    "kernel": "rbf"
  },
  "best_cv_score": 0.9426895589968003,
  "test_metrics": {
    "accuracy": 0.8810198300283286,
    "precision": 0.2647058823529412,
    "recall": 0.34615384615384615,
    "f1_score": 0.3,
    "f2_score": 0.32608695652173914
  },
  "timestamp": "2025-12-11T09:19:05.873447",
  "confusion_matrix": [
    [
      302,
      25
    ],
    [
      17,
      9
    ]
  ],
  "labels": [
    0,
    1
  ]
}