{
  "best_params": {
    "criterion": "gini",
    "max_depth": 3,
    "min_samples_leaf": 4,
    "min_samples_split": 2
  },
  "best_cv_score": 0.6206450456945425,
  "test_metrics": {
    "accuracy": 0.883289124668435,
    "precision": 0.6153846153846154,
    "recall": 0.6779661016949152,
    "f1_score": 0.6451612903225806,
    "f2_score": 0.6644518272425249
  },
  "timestamp": "2025-12-11T09:10:11.241893",
  "confusion_matrix": [
    [
      293,
      25
    ],
    [
      19,
      40
    ]
  ],
  "labels": [
    0,
    1
  ]
}