{
  "best_params": {
    "var_smoothing": 1e-09
  },
  "best_cv_score": 0.5336490725663516,
  "test_metrics": {
    "accuracy": 0.8514588859416445,
    "precision": 0.5230769230769231,
    "recall": 0.576271186440678,
    "f1_score": 0.5483870967741935,
    "f2_score": 0.5647840531561462
  },
  "timestamp": "2025-12-11T09:10:07.747382",
  "confusion_matrix": [
    [
      287,
      31
    ],
    [
      25,
      34
    ]
  ],
  "labels": [
    0,
    1
  ]
}