{
  "best_params": {
    "C": 0.1,
    "gamma": 0.001,
    "kernel": "linear"
  },
  "best_cv_score": 0.5019866286993658,
  "test_metrics": {
    "accuracy": 0.15384615384615385,
    "precision": 0.15240641711229946,
    "recall": 0.9661016949152542,
    "f1_score": 0.2632794457274827,
    "f2_score": 0.4672131147540984
  },
  "timestamp": "2025-12-11T09:10:11.178746",
  "confusion_matrix": [
    [
      1,
      317
    ],
    [
      2,
      57
    ]
  ],
  "labels": [
    0,
    1
  ]
}