{
  "best_params": {
    "C": 10,
    "gamma": 0.001,
    "kernel": "linear"
  },
  "best_cv_score": 0.9871794871794872,
  "test_metrics": {
    "accuracy": 0.8249336870026526,
    "precision": 0.4426229508196721,
    "recall": 0.4576271186440678,
    "f1_score": 0.45
  },
  "timestamp": "2025-11-28T13:28:04.943684"
}