{
  "dataset": "groovy-1_6_BETA_1",
  "balancing_method": "csbboost",
  "scaler_type": "robust",
  "models": {
    "svm": {
      "F1_Score": 0.34615384615384615,
      "F2_Score": 0.4787234042553192,
      "Exactitud": 0.793939393939394,
      "Accuracy": 0.793939393939394,
      "Balanced_Accuracy": 0.7254020813623463,
      "BER": 0.2745979186376537,
      "MCC": 0.29836422637147614,
      "Precision": 0.23684210526315788,
      "Recall": 0.6428571428571429,
      "Sensibilidad": 0.6428571428571429,
      "Especificidad": 0.8079470198675497,
      "Error": 0.20606060606060606,
      "TP_Rate": 0.6428571428571429,
      "FP_Rate": 0.19205298013245034,
      "ROC_AUC": 0.8008514664143803,
      "confusion_matrix": [
        [
          122,
          29
        ],
        [
          5,
          9
        ]
      ]
    },
    "naive_bayes_gaussian": {
      "F1_Score": 0.14606741573033707,
      "F2_Score": 0.29545454545454547,
      "Exactitud": 0.07878787878787878,
      "Accuracy": 0.07878787878787878,
      "Balanced_Accuracy": 0.4642857142857143,
      "BER": 0.5357142857142857,
      "MCC": -0.25644989865985146,
      "Precision": 0.07926829268292683,
      "Recall": 0.9285714285714286,
      "Sensibilidad": 0.9285714285714286,
      "Especificidad": 0.0,
      "Error": 0.9212121212121213,
      "TP_Rate": 0.9285714285714286,
      "FP_Rate": 1.0,
      "ROC_AUC": 0.6835383159886471,
      "confusion_matrix": [
        [
          0,
          151
        ],
        [
          1,
          13
        ]
      ]
    },
    "decision_tree": {
      "F1_Score": 0.42857142857142855,
      "F2_Score": 0.5357142857142857,
      "Exactitud": 0.8545454545454545,
      "Accuracy": 0.8545454545454545,
      "Balanced_Accuracy": 0.7585146641438032,
      "BER": 0.2414853358561968,
      "MCC": 0.38382068061011637,
      "Precision": 0.32142857142857145,
      "Recall": 0.6428571428571429,
      "Sensibilidad": 0.6428571428571429,
      "Especificidad": 0.8741721854304636,
      "Error": 0.14545454545454545,
      "TP_Rate": 0.6428571428571429,
      "FP_Rate": 0.12582781456953643,
      "ROC_AUC": 0.7689214758751183,
      "confusion_matrix": [
        [
          132,
          19
        ],
        [
          5,
          9
        ]
      ]
    }
  },
  "timestamp": "2025-12-11T09:14:27.111366"
}