{
  "dataset": "groovy-1_6_BETA_1",
  "balancing_method": "csbboost",
  "scaler_type": "robust",
  "models": {
    "svm": {
      "F1_Score": 0.32,
      "Exactitud": 0.896969696969697,
      "Precision": 0.36363636363636365,
      "Recall": 0.2857142857142857,
      "Sensibilidad": 0.2857142857142857,
      "Especificidad": 0.9536423841059603,
      "Error": 0.10303030303030303,
      "TP_Rate": 0.2857142857142857,
      "FP_Rate": 0.046357615894039736,
      "ROC_AUC": 0.7973036896877956,
      "confusion_matrix": [
        [
          144,
          7
        ],
        [
          10,
          4
        ]
      ]
    },
    "naive_bayes_gaussian": {
      "F1_Score": 0.14606741573033707,
      "Exactitud": 0.07878787878787878,
      "Precision": 0.07926829268292683,
      "Recall": 0.9285714285714286,
      "Sensibilidad": 0.9285714285714286,
      "Especificidad": 0.0,
      "Error": 0.9212121212121213,
      "TP_Rate": 0.9285714285714286,
      "FP_Rate": 1.0,
      "ROC_AUC": 0.6835383159886471,
      "confusion_matrix": [
        [
          0,
          151
        ],
        [
          1,
          13
        ]
      ]
    },
    "decision_tree": {
      "F1_Score": 0.3508771929824561,
      "Exactitud": 0.7757575757575758,
      "Precision": 0.23255813953488372,
      "Recall": 0.7142857142857143,
      "Sensibilidad": 0.7142857142857143,
      "Especificidad": 0.7814569536423841,
      "Error": 0.22424242424242424,
      "TP_Rate": 0.7142857142857143,
      "FP_Rate": 0.2185430463576159,
      "ROC_AUC": 0.7393566698202461,
      "confusion_matrix": [
        [
          118,
          33
        ],
        [
          4,
          10
        ]
      ]
    }
  },
  "timestamp": "2025-11-28T13:31:07.638596"
}