{
  "dataset": "groovy-1_6_BETA_1",
  "balancing_method": "csbboost",
  "scaler_type": "robust",
  "models": {
    "svm": {
      "F1_Score": 0.20689655172413793,
      "Exactitud": 0.8606060606060606,
      "Precision": 0.2,
      "Recall": 0.21428571428571427,
      "Sensibilidad": 0.21428571428571427,
      "Especificidad": 0.9205298013245033,
      "Error": 0.1393939393939394,
      "TP_Rate": 0.21428571428571427,
      "FP_Rate": 0.07947019867549669,
      "ROC_AUC": 0.8221381267738883,
      "confusion_matrix": [
        [
          139,
          12
        ],
        [
          11,
          3
        ]
      ]
    },
    "naive_bayes_gaussian": {
      "F1_Score": 0.14606741573033707,
      "Exactitud": 0.07878787878787878,
      "Precision": 0.07926829268292683,
      "Recall": 0.9285714285714286,
      "Sensibilidad": 0.9285714285714286,
      "Especificidad": 0.0,
      "Error": 0.9212121212121213,
      "TP_Rate": 0.9285714285714286,
      "FP_Rate": 1.0,
      "ROC_AUC": 0.6835383159886471,
      "confusion_matrix": [
        [
          0,
          151
        ],
        [
          1,
          13
        ]
      ]
    },
    "decision_tree": {
      "F1_Score": 0.3076923076923077,
      "Exactitud": 0.8363636363636363,
      "Precision": 0.24,
      "Recall": 0.42857142857142855,
      "Sensibilidad": 0.42857142857142855,
      "Especificidad": 0.8741721854304636,
      "Error": 0.16363636363636364,
      "TP_Rate": 0.42857142857142855,
      "FP_Rate": 0.12582781456953643,
      "ROC_AUC": 0.6513718070009461,
      "confusion_matrix": [
        [
          132,
          19
        ],
        [
          8,
          6
        ]
      ]
    }
  },
  "timestamp": "2025-11-27T19:32:03.309340"
}