{
  "TP": 9,
  "TN": 132,
  "FP": 19,
  "FN": 5,
  "P": 14,
  "N": 151,
  "Total": 165,
  "Error": 0.14545454545454545,
  "Exactitud": 0.8545454545454545,
  "TP_Rate": 0.6428571428571429,
  "FP_Rate": 0.12582781456953643,
  "Precision": 0.32142857142857145,
  "Recall": 0.6428571428571429,
  "Sensibilidad": 0.6428571428571429,
  "Especificidad": 0.8741721854304636,
  "F1_Score": 0.42857142857142855,
  "Accuracy_sklearn": 0.8545454545454545,
  "F2_Score": 0.5357142857142857,
  "Balanced_Accuracy": 0.7585146641438032,
  "BER": 0.2414853358561968,
  "MCC": 0.38382068061011637,
  "Accuracy": 0.8545454545454545,
  "ROC_AUC": 0.7689214758751183,
  "PR_AUC": 0.22435108750898225,
  "classification_report": {
    "No-Buggy": {
      "precision": 0.9635036496350365,
      "recall": 0.8741721854304636,
      "f1-score": 0.9166666666666666,
      "support": 151.0
    },
    "Buggy": {
      "precision": 0.32142857142857145,
      "recall": 0.6428571428571429,
      "f1-score": 0.42857142857142855,
      "support": 14.0
    },
    "accuracy": 0.8545454545454545,
    "macro avg": {
      "precision": 0.642466110531804,
      "recall": 0.7585146641438032,
      "f1-score": 0.6726190476190476,
      "support": 165.0
    },
    "weighted avg": {
      "precision": 0.9090245520902456,
      "recall": 0.8545454545454545,
      "f1-score": 0.8752525252525252,
      "support": 165.0
    }
  },
  "confusion_matrix": [
    [
      132,
      19
    ],
    [
      5,
      9
    ]
  ],
  "training_time_seconds": 0.00748,
  "best_hyperparameters": {
    "criterion": "entropy",
    "max_depth": 5,
    "min_samples_leaf": 1,
    "min_samples_split": 2
  },
  "timestamp": "2025-12-11T09:14:26.887201"
}