{
  "TP": 6,
  "TN": 132,
  "FP": 19,
  "FN": 8,
  "P": 14,
  "N": 151,
  "Total": 165,
  "Error": 0.16363636363636364,
  "Exactitud": 0.8363636363636363,
  "TP_Rate": 0.42857142857142855,
  "FP_Rate": 0.12582781456953643,
  "Precision": 0.24,
  "Recall": 0.42857142857142855,
  "Sensibilidad": 0.42857142857142855,
  "Especificidad": 0.8741721854304636,
  "F1_Score": 0.3076923076923077,
  "Accuracy_sklearn": 0.8363636363636363,
  "ROC_AUC": 0.6513718070009461,
  "PR_AUC": 0.3585281385281385,
  "classification_report": {
    "No-Buggy": {
      "precision": 0.9428571428571428,
      "recall": 0.8741721854304636,
      "f1-score": 0.9072164948453608,
      "support": 151.0
    },
    "Buggy": {
      "precision": 0.24,
      "recall": 0.42857142857142855,
      "f1-score": 0.3076923076923077,
      "support": 14.0
    },
    "accuracy": 0.8363636363636363,
    "macro avg": {
      "precision": 0.5914285714285714,
      "recall": 0.6513718070009461,
      "f1-score": 0.6074544012688343,
      "support": 165.0
    },
    "weighted avg": {
      "precision": 0.8832207792207792,
      "recall": 0.8363636363636363,
      "f1-score": 0.8563477759354049,
      "support": 165.0
    }
  },
  "confusion_matrix": [
    [
      132,
      19
    ],
    [
      8,
      6
    ]
  ],
  "training_time_seconds": 0.013071,
  "best_hyperparameters": {
    "criterion": "gini",
    "max_depth": 20,
    "min_samples_leaf": 1,
    "min_samples_split": 2
  },
  "timestamp": "2025-11-27T19:32:03.053433"
}