{
  "TP": 10,
  "TN": 118,
  "FP": 33,
  "FN": 4,
  "P": 14,
  "N": 151,
  "Total": 165,
  "Error": 0.22424242424242424,
  "Exactitud": 0.7757575757575758,
  "TP_Rate": 0.7142857142857143,
  "FP_Rate": 0.2185430463576159,
  "Precision": 0.23255813953488372,
  "Recall": 0.7142857142857143,
  "Sensibilidad": 0.7142857142857143,
  "Especificidad": 0.7814569536423841,
  "F1_Score": 0.3508771929824561,
  "Accuracy_sklearn": 0.7757575757575758,
  "ROC_AUC": 0.7393566698202461,
  "PR_AUC": 0.4296831911058997,
  "classification_report": {
    "No-Buggy": {
      "precision": 0.9672131147540983,
      "recall": 0.7814569536423841,
      "f1-score": 0.8644688644688645,
      "support": 151.0
    },
    "Buggy": {
      "precision": 0.23255813953488372,
      "recall": 0.7142857142857143,
      "f1-score": 0.3508771929824561,
      "support": 14.0
    },
    "accuracy": 0.7757575757575758,
    "macro avg": {
      "precision": 0.599885627144491,
      "recall": 0.7478713339640493,
      "f1-score": 0.6076730287256603,
      "support": 165.0
    },
    "weighted avg": {
      "precision": 0.9048787532203467,
      "recall": 0.7757575757575758,
      "f1-score": 0.820891389312442,
      "support": 165.0
    }
  },
  "confusion_matrix": [
    [
      118,
      33
    ],
    [
      4,
      10
    ]
  ],
  "training_time_seconds": 0.00488,
  "best_hyperparameters": {
    "criterion": "entropy",
    "max_depth": 3,
    "min_samples_leaf": 1,
    "min_samples_split": 2
  },
  "timestamp": "2025-11-28T13:31:07.386890"
}