{
  "TP": 4,
  "TN": 144,
  "FP": 7,
  "FN": 10,
  "P": 14,
  "N": 151,
  "Total": 165,
  "Error": 0.10303030303030303,
  "Exactitud": 0.896969696969697,
  "TP_Rate": 0.2857142857142857,
  "FP_Rate": 0.046357615894039736,
  "Precision": 0.36363636363636365,
  "Recall": 0.2857142857142857,
  "Sensibilidad": 0.2857142857142857,
  "Especificidad": 0.9536423841059603,
  "F1_Score": 0.32,
  "Accuracy_sklearn": 0.896969696969697,
  "ROC_AUC": 0.7973036896877956,
  "PR_AUC": 0.32670803112965596,
  "classification_report": {
    "No-Buggy": {
      "precision": 0.935064935064935,
      "recall": 0.9536423841059603,
      "f1-score": 0.9442622950819672,
      "support": 151.0
    },
    "Buggy": {
      "precision": 0.36363636363636365,
      "recall": 0.2857142857142857,
      "f1-score": 0.32,
      "support": 14.0
    },
    "accuracy": 0.896969696969697,
    "macro avg": {
      "precision": 0.6493506493506493,
      "recall": 0.6196783349101229,
      "f1-score": 0.6321311475409837,
      "support": 165.0
    },
    "weighted avg": {
      "precision": 0.8865800865800866,
      "recall": 0.896969696969697,
      "f1-score": 0.8912945851962246,
      "support": 165.0
    }
  },
  "confusion_matrix": [
    [
      144,
      7
    ],
    [
      10,
      4
    ]
  ],
  "training_time_seconds": 0.00844,
  "best_hyperparameters": {
    "C": 1,
    "gamma": 0.1,
    "kernel": "rbf"
  },
  "timestamp": "2025-11-28T13:31:06.847580"
}