{
  "TP": 9,
  "TN": 122,
  "FP": 29,
  "FN": 5,
  "P": 14,
  "N": 151,
  "Total": 165,
  "Error": 0.20606060606060606,
  "Exactitud": 0.793939393939394,
  "TP_Rate": 0.6428571428571429,
  "FP_Rate": 0.19205298013245034,
  "Precision": 0.23684210526315788,
  "Recall": 0.6428571428571429,
  "Sensibilidad": 0.6428571428571429,
  "Especificidad": 0.8079470198675497,
  "F1_Score": 0.34615384615384615,
  "Accuracy_sklearn": 0.793939393939394,
  "F2_Score": 0.4787234042553192,
  "Balanced_Accuracy": 0.7254020813623463,
  "BER": 0.2745979186376537,
  "MCC": 0.29836422637147614,
  "Accuracy": 0.793939393939394,
  "ROC_AUC": 0.8008514664143803,
  "PR_AUC": 0.2726249173828289,
  "classification_report": {
    "No-Buggy": {
      "precision": 0.9606299212598425,
      "recall": 0.8079470198675497,
      "f1-score": 0.8776978417266187,
      "support": 151.0
    },
    "Buggy": {
      "precision": 0.23684210526315788,
      "recall": 0.6428571428571429,
      "f1-score": 0.34615384615384615,
      "support": 14.0
    },
    "accuracy": 0.793939393939394,
    "macro avg": {
      "precision": 0.5987360132615002,
      "recall": 0.7254020813623463,
      "f1-score": 0.6119258439402324,
      "support": 165.0
    },
    "weighted avg": {
      "precision": 0.8992176217207298,
      "recall": 0.793939393939394,
      "f1-score": 0.8325971390719591,
      "support": 165.0
    }
  },
  "confusion_matrix": [
    [
      122,
      29
    ],
    [
      5,
      9
    ]
  ],
  "training_time_seconds": 0.006074,
  "best_hyperparameters": {
    "C": 1,
    "gamma": "auto",
    "kernel": "rbf"
  },
  "timestamp": "2025-12-11T09:14:26.401549"
}