{
  "TP": 32,
  "TN": 130,
  "FP": 38,
  "FN": 12,
  "P": 44,
  "N": 168,
  "Total": 212,
  "Error": 0.2358490566037736,
  "Exactitud": 0.7641509433962265,
  "TP_Rate": 0.7272727272727273,
  "FP_Rate": 0.2261904761904762,
  "Precision": 0.45714285714285713,
  "Recall": 0.7272727272727273,
  "Sensibilidad": 0.7272727272727273,
  "Especificidad": 0.7738095238095238,
  "F1_Score": 0.5614035087719298,
  "Accuracy_sklearn": 0.7641509433962265,
  "best_hyperparameters": {
    "var_smoothing": 0.0001
  },
  "cv_best_score": 0.7129014396456257,
  "timestamp": "2025-12-12T02:18:03.105483",
  "confusion_matrix": [
    [
      130,
      38
    ],
    [
      12,
      32
    ]
  ]
}