{
  "dataset": "activemq-5.0.0",
  "balancing_method": "csbboost",
  "scaler_type": "standard",
  "models": {
    "svm": {
      "F1_Score": 0.5806451612903226,
      "F2_Score": 0.677710843373494,
      "Exactitud": 0.8275862068965517,
      "Accuracy": 0.8275862068965517,
      "Balanced_Accuracy": 0.8011672529581069,
      "BER": 0.19883274704189313,
      "MCC": 0.5023293255532296,
      "Precision": 0.46875,
      "Recall": 0.7627118644067796,
      "Sensibilidad": 0.7627118644067796,
      "Especificidad": 0.839622641509434,
      "Error": 0.1724137931034483,
      "TP_Rate": 0.7627118644067796,
      "FP_Rate": 0.16037735849056603,
      "ROC_AUC": 0.8761859076857478,
      "confusion_matrix": [
        [
          267,
          51
        ],
        [
          14,
          45
        ]
      ]
    },
    "naive_bayes_gaussian": {
      "F1_Score": 0.5426356589147286,
      "F2_Score": 0.5718954248366013,
      "Exactitud": 0.843501326259947,
      "Accuracy": 0.843501326259947,
      "Balanced_Accuracy": 0.741578722950645,
      "BER": 0.258421277049355,
      "MCC": 0.4514503924259606,
      "Precision": 0.5,
      "Recall": 0.5932203389830508,
      "Sensibilidad": 0.5932203389830508,
      "Especificidad": 0.889937106918239,
      "Error": 0.15649867374005305,
      "TP_Rate": 0.5932203389830508,
      "FP_Rate": 0.11006289308176101,
      "ROC_AUC": 0.8404754290587357,
      "confusion_matrix": [
        [
          283,
          35
        ],
        [
          24,
          35
        ]
      ]
    },
    "decision_tree": {
      "F1_Score": 0.535031847133758,
      "F2_Score": 0.6287425149700598,
      "Exactitud": 0.8063660477453581,
      "Accuracy": 0.8063660477453581,
      "Balanced_Accuracy": 0.7678818889244217,
      "BER": 0.23211811107557834,
      "MCC": 0.4438107061642682,
      "Precision": 0.42857142857142855,
      "Recall": 0.711864406779661,
      "Sensibilidad": 0.711864406779661,
      "Especificidad": 0.8238993710691824,
      "Error": 0.19363395225464192,
      "TP_Rate": 0.711864406779661,
      "FP_Rate": 0.1761006289308176,
      "ROC_AUC": 0.7975162562626587,
      "confusion_matrix": [
        [
          262,
          56
        ],
        [
          17,
          42
        ]
      ]
    }
  },
  "timestamp": "2025-12-11T09:11:17.871041"
}