{
  "TP": 42,
  "TN": 262,
  "FP": 56,
  "FN": 17,
  "P": 59,
  "N": 318,
  "Total": 377,
  "Error": 0.19363395225464192,
  "Exactitud": 0.8063660477453581,
  "TP_Rate": 0.711864406779661,
  "FP_Rate": 0.1761006289308176,
  "Precision": 0.42857142857142855,
  "Recall": 0.711864406779661,
  "Sensibilidad": 0.711864406779661,
  "Especificidad": 0.8238993710691824,
  "F1_Score": 0.535031847133758,
  "Accuracy_sklearn": 0.8063660477453581,
  "F2_Score": 0.6287425149700598,
  "Balanced_Accuracy": 0.7678818889244217,
  "BER": 0.23211811107557834,
  "MCC": 0.4438107061642682,
  "Accuracy": 0.8063660477453581,
  "ROC_AUC": 0.7975162562626587,
  "PR_AUC": 0.615610357543807,
  "classification_report": {
    "No-Buggy": {
      "precision": 0.9390681003584229,
      "recall": 0.8238993710691824,
      "f1-score": 0.8777219430485762,
      "support": 318.0
    },
    "Buggy": {
      "precision": 0.42857142857142855,
      "recall": 0.711864406779661,
      "f1-score": 0.535031847133758,
      "support": 59.0
    },
    "accuracy": 0.8063660477453581,
    "macro avg": {
      "precision": 0.6838197644649258,
      "recall": 0.7678818889244217,
      "f1-score": 0.7063768950911671,
      "support": 377.0
    },
    "weighted avg": {
      "precision": 0.8591760482750471,
      "recall": 0.8063660477453581,
      "f1-score": 0.8240913975340556,
      "support": 377.0
    }
  },
  "confusion_matrix": [
    [
      262,
      56
    ],
    [
      17,
      42
    ]
  ],
  "training_time_seconds": 0.018569,
  "best_hyperparameters": {
    "criterion": "entropy",
    "max_depth": 20,
    "min_samples_leaf": 1,
    "min_samples_split": 10
  },
  "timestamp": "2025-12-11T09:11:17.655395"
}