{
  "TP": 35,
  "TN": 283,
  "FP": 35,
  "FN": 24,
  "P": 59,
  "N": 318,
  "Total": 377,
  "Error": 0.15649867374005305,
  "Exactitud": 0.843501326259947,
  "TP_Rate": 0.5932203389830508,
  "FP_Rate": 0.11006289308176101,
  "Precision": 0.5,
  "Recall": 0.5932203389830508,
  "Sensibilidad": 0.5932203389830508,
  "Especificidad": 0.889937106918239,
  "F1_Score": 0.5426356589147286,
  "Accuracy_sklearn": 0.843501326259947,
  "F2_Score": 0.5718954248366013,
  "Balanced_Accuracy": 0.741578722950645,
  "BER": 0.258421277049355,
  "MCC": 0.4514503924259606,
  "Accuracy": 0.843501326259947,
  "ROC_AUC": 0.8404754290587357,
  "PR_AUC": 0.5802881612369762,
  "classification_report": {
    "No-Buggy": {
      "precision": 0.9218241042345277,
      "recall": 0.889937106918239,
      "f1-score": 0.9056,
      "support": 318.0
    },
    "Buggy": {
      "precision": 0.5,
      "recall": 0.5932203389830508,
      "f1-score": 0.5426356589147286,
      "support": 59.0
    },
    "accuracy": 0.843501326259947,
    "macro avg": {
      "precision": 0.7109120521172638,
      "recall": 0.741578722950645,
      "f1-score": 0.7241178294573642,
      "support": 377.0
    },
    "weighted avg": {
      "precision": 0.8558091913702381,
      "recall": 0.843501326259947,
      "f1-score": 0.8487965620052228,
      "support": 377.0
    }
  },
  "confusion_matrix": [
    [
      283,
      35
    ],
    [
      24,
      35
    ]
  ],
  "training_time_seconds": 0.000894,
  "best_hyperparameters": {
    "var_smoothing": 0.0001
  },
  "timestamp": "2025-12-11T09:11:17.403113"
}