{
  "TP": 45,
  "TN": 267,
  "FP": 51,
  "FN": 14,
  "P": 59,
  "N": 318,
  "Total": 377,
  "Error": 0.1724137931034483,
  "Exactitud": 0.8275862068965517,
  "TP_Rate": 0.7627118644067796,
  "FP_Rate": 0.16037735849056603,
  "Precision": 0.46875,
  "Recall": 0.7627118644067796,
  "Sensibilidad": 0.7627118644067796,
  "Especificidad": 0.839622641509434,
  "F1_Score": 0.5806451612903226,
  "Accuracy_sklearn": 0.8275862068965517,
  "F2_Score": 0.677710843373494,
  "Balanced_Accuracy": 0.8011672529581069,
  "BER": 0.19883274704189313,
  "MCC": 0.5023293255532296,
  "Accuracy": 0.8275862068965517,
  "ROC_AUC": 0.8761859076857478,
  "PR_AUC": 0.5669723300206657,
  "classification_report": {
    "No-Buggy": {
      "precision": 0.9501779359430605,
      "recall": 0.839622641509434,
      "f1-score": 0.8914858096828047,
      "support": 318.0
    },
    "Buggy": {
      "precision": 0.46875,
      "recall": 0.7627118644067796,
      "f1-score": 0.5806451612903226,
      "support": 59.0
    },
    "accuracy": 0.8275862068965517,
    "macro avg": {
      "precision": 0.7094639679715302,
      "recall": 0.8011672529581069,
      "f1-score": 0.7360654854865636,
      "support": 377.0
    },
    "weighted avg": {
      "precision": 0.8748351024665604,
      "recall": 0.8275862068965517,
      "f1-score": 0.8428396604648831,
      "support": 377.0
    }
  },
  "confusion_matrix": [
    [
      267,
      51
    ],
    [
      14,
      45
    ]
  ],
  "training_time_seconds": 0.036577,
  "best_hyperparameters": {
    "C": 100,
    "gamma": 0.1,
    "kernel": "rbf"
  },
  "timestamp": "2025-12-11T09:11:17.170459"
}