{
  "best_params": {
    "criterion": "entropy",
    "max_depth": 10,
    "min_samples_leaf": 1,
    "min_samples_split": 2
  },
  "best_cv_score": 0.8484794427454979,
  "test_metrics": {
    "accuracy": 0.7615526802218114,
    "precision": 0.29365079365079366,
    "recall": 0.4805194805194805,
    "f1_score": 0.3645320197044335
  },
  "timestamp": "2025-12-12T02:30:08.948274",
  "cv_folds": 10,
  "n_combinations_tested": 160,
  "total_fits": 1600,
  "time_seconds": 4.69016,
  "dataset_info": {
    "n_samples": 2164,
    "n_features": 20
  }
}