{
  "best_params": {
    "C": 100,
    "gamma": 1,
    "kernel": "rbf"
  },
  "best_cv_score": 0.9657832144070676,
  "test_metrics": {
    "accuracy": 0.6820702402957486,
    "precision": 0.2727272727272727,
    "recall": 0.7402597402597403,
    "f1_score": 0.3986013986013986
  },
  "timestamp": "2025-12-12T02:30:36.761313",
  "cv_folds": 10,
  "n_combinations_tested": 72,
  "total_fits": 720,
  "time_seconds": 32.504213,
  "dataset_info": {
    "n_samples": 2164,
    "n_features": 20
  }
}