{
  "TP": 11,
  "TN": 300,
  "FP": 27,
  "FN": 15,
  "P": 26,
  "N": 327,
  "Total": 353,
  "Error": 0.11898016997167139,
  "Exactitud": 0.8810198300283286,
  "TP_Rate": 0.4230769230769231,
  "FP_Rate": 0.08256880733944955,
  "Precision": 0.2894736842105263,
  "Recall": 0.4230769230769231,
  "Sensibilidad": 0.4230769230769231,
  "Especificidad": 0.9174311926605505,
  "F1_Score": 0.34375,
  "Accuracy_sklearn": 0.8810198300283286,
  "best_hyperparameters": {
    "var_smoothing": 0.0001
  },
  "cv_best_score": 0.428430583501006,
  "timestamp": "2025-12-12T02:25:06.966924",
  "confusion_matrix": [
    [
      300,
      27
    ],
    [
      15,
      11
    ]
  ]
}