{
  "best_params": {
    "criterion": "entropy",
    "max_depth": 20,
    "min_samples_leaf": 1,
    "min_samples_split": 2
  },
  "best_cv_score": 0.9452877397831526,
  "test_metrics": {
    "accuracy": 0.8848484848484849,
    "precision": 0.35294117647058826,
    "recall": 0.42857142857142855,
    "f1_score": 0.3870967741935484
  },
  "timestamp": "2025-11-28T13:30:56.620460"
}