{
  "best_params": {
    "criterion": "gini",
    "max_depth": 10,
    "min_samples_leaf": 1,
    "min_samples_split": 2
  },
  "best_cv_score": 0.9223909507490898,
  "test_metrics": {
    "accuracy": 0.8606060606060606,
    "precision": 0.2857142857142857,
    "recall": 0.42857142857142855,
    "f1_score": 0.34285714285714286
  },
  "timestamp": "2025-11-27T19:57:31.447472"
}