{
  "best_params": {
    "var_smoothing": 1e-06
  },
  "best_cv_score": 0.7103496050809275,
  "test_metrics": {
    "accuracy": 0.8363636363636363,
    "precision": 0.21739130434782608,
    "recall": 0.35714285714285715,
    "f1_score": 0.2702702702702703
  },
  "timestamp": "2025-11-27T19:31:53.837902"
}