{
  "best_params": {
    "var_smoothing": 1e-08
  },
  "best_cv_score": 0.5944815044865226,
  "test_metrics": {
    "accuracy": 0.8303030303030303,
    "precision": 0.20833333333333334,
    "recall": 0.35714285714285715,
    "f1_score": 0.2631578947368421,
    "f2_score": 0.3125
  },
  "timestamp": "2025-12-11T09:14:13.711531",
  "confusion_matrix": [
    [
      132,
      19
    ],
    [
      9,
      5
    ]
  ],
  "labels": [
    0,
    1
  ]
}