{
  "best_params": {
    "C": 100,
    "gamma": 0.01,
    "kernel": "rbf"
  },
  "best_cv_score": 0.9726716708368084,
  "test_metrics": {
    "accuracy": 0.8909090909090909,
    "precision": 0.375,
    "recall": 0.42857142857142855,
    "f1_score": 0.4
  },
  "timestamp": "2025-11-28T13:30:56.492477"
}