{
  "best_params": {
    "C": 100,
    "gamma": "scale",
    "kernel": "rbf"
  },
  "best_cv_score": 0.9577987870620092,
  "test_metrics": {
    "accuracy": 0.9090909090909091,
    "precision": 0.4444444444444444,
    "recall": 0.2857142857142857,
    "f1_score": 0.34782608695652173,
    "f2_score": 0.3076923076923077
  },
  "timestamp": "2025-12-11T09:14:14.904284",
  "confusion_matrix": [
    [
      146,
      5
    ],
    [
      10,
      4
    ]
  ],
  "labels": [
    0,
    1
  ]
}