{
  "best_params": {
    "C": 100,
    "gamma": "scale",
    "kernel": "rbf"
  },
  "best_cv_score": 0.9696969696969697,
  "test_metrics": {
    "accuracy": 0.9090909090909091,
    "precision": 0.4444444444444444,
    "recall": 0.2857142857142857,
    "f1_score": 0.34782608695652173
  },
  "timestamp": "2025-12-12T02:15:55.837703",
  "cv_folds": 10,
  "n_combinations_tested": 72,
  "total_fits": 720,
  "time_seconds": 8.348153,
  "dataset_info": {
    "n_samples": 656,
    "n_features": 65
  }
}