{
  "TP": 44,
  "TN": 259,
  "FP": 59,
  "FN": 15,
  "P": 59,
  "N": 318,
  "Total": 377,
  "Error": 0.1962864721485411,
  "Exactitud": 0.8037135278514589,
  "TP_Rate": 0.7457627118644068,
  "FP_Rate": 0.18553459119496854,
  "Precision": 0.42718446601941745,
  "Recall": 0.7457627118644068,
  "Sensibilidad": 0.7457627118644068,
  "Especificidad": 0.8144654088050315,
  "F1_Score": 0.5432098765432098,
  "Accuracy_sklearn": 0.8037135278514589,
  "best_hyperparameters": {
    "C": 100,
    "gamma": 1,
    "kernel": "rbf"
  },
  "cv_best_score": 0.9680526315789472,
  "timestamp": "2025-12-12T02:28:29.495902",
  "confusion_matrix": [
    [
      259,
      59
    ],
    [
      15,
      44
    ]
  ]
}