{
  "best_params": {
    "criterion": "gini",
    "max_depth": 3,
    "min_samples_leaf": 8,
    "min_samples_split": 2
  },
  "best_cv_score": 0.8070001628169394,
  "test_metrics": {
    "accuracy": 0.7223796033994334,
    "precision": 0.14705882352941177,
    "recall": 0.5769230769230769,
    "f1_score": 0.234375
  },
  "timestamp": "2025-11-27T19:34:44.026264"
}