{
  "best_params": {
    "criterion": "gini",
    "max_depth": 5,
    "min_samples_leaf": 4,
    "min_samples_split": 2
  },
  "best_cv_score": 0.9117505030181088,
  "test_metrics": {
    "accuracy": 0.7365439093484419,
    "precision": 0.15463917525773196,
    "recall": 0.5769230769230769,
    "f1_score": 0.24390243902439024
  },
  "timestamp": "2025-12-12T02:23:35.354883",
  "cv_folds": 10,
  "n_combinations_tested": 160,
  "total_fits": 1600,
  "time_seconds": 5.032783,
  "dataset_info": {
    "n_samples": 1409,
    "n_features": 65
  }
}