{
  "best_params": {
    "C": 0.1,
    "gamma": 0.1,
    "kernel": "rbf"
  },
  "best_cv_score": 0.8920894708128749,
  "test_metrics": {
    "accuracy": 0.6827195467422096,
    "precision": 0.1532258064516129,
    "recall": 0.7307692307692307,
    "f1_score": 0.25333333333333335
  },
  "timestamp": "2025-11-28T13:34:53.409815"
}