{
  "best_params": {
    "C": 10,
    "gamma": 0.1,
    "kernel": "rbf"
  },
  "best_cv_score": 0.9602213279678068,
  "test_metrics": {
    "accuracy": 0.9036827195467422,
    "precision": 0.3,
    "recall": 0.23076923076923078,
    "f1_score": 0.2608695652173913
  },
  "timestamp": "2025-12-12T02:23:53.455698",
  "cv_folds": 10,
  "n_combinations_tested": 72,
  "total_fits": 720,
  "time_seconds": 23.134794,
  "dataset_info": {
    "n_samples": 1409,
    "n_features": 65
  }
}