{
  "TP": 40,
  "TN": 293,
  "FP": 25,
  "FN": 19,
  "P": 59,
  "N": 318,
  "Total": 377,
  "Error": 0.11671087533156499,
  "Exactitud": 0.883289124668435,
  "TP_Rate": 0.6779661016949152,
  "FP_Rate": 0.07861635220125786,
  "Precision": 0.6153846153846154,
  "Recall": 0.6779661016949152,
  "Sensibilidad": 0.6779661016949152,
  "Especificidad": 0.9213836477987422,
  "F1_Score": 0.6451612903225806,
  "Accuracy_sklearn": 0.883289124668435,
  "best_hyperparameters": {
    "criterion": "entropy",
    "max_depth": 3,
    "min_samples_leaf": 1,
    "min_samples_split": 2
  },
  "cv_best_score": 0.618659420289855,
  "timestamp": "2025-12-12T02:08:40.388214",
  "confusion_matrix": [
    [
      293,
      25
    ],
    [
      19,
      40
    ]
  ]
}