{
  "best_params": {
    "criterion": "entropy",
    "max_depth": 3,
    "min_samples_leaf": 8,
    "min_samples_split": 2
  },
  "best_cv_score": 0.5460658273573359,
  "test_metrics": {
    "accuracy": 0.9251700680272109,
    "precision": 0.75,
    "recall": 0.5294117647058824,
    "f1_score": 0.6206896551724138,
    "f2_score": 0.5625
  },
  "timestamp": "2025-12-11T09:17:29.284047",
  "confusion_matrix": [
    [
      127,
      3
    ],
    [
      8,
      9
    ]
  ],
  "labels": [
    0,
    1
  ]
}