{
  "best_params": {
    "var_smoothing": 1e-09
  },
  "best_cv_score": 0.05172413793103449,
  "test_metrics": {
    "accuracy": 0.8979591836734694,
    "precision": 1.0,
    "recall": 0.11764705882352941,
    "f1_score": 0.21052631578947367,
    "f2_score": 0.14285714285714285
  },
  "timestamp": "2025-12-11T09:17:27.799854",
  "confusion_matrix": [
    [
      130,
      0
    ],
    [
      15,
      2
    ]
  ],
  "labels": [
    0,
    1
  ]
}