{
  "best_params": {
    "var_smoothing": 1e-09
  },
  "best_cv_score": 0.04285714285714286,
  "test_metrics": {
    "accuracy": 0.8979591836734694,
    "precision": 1.0,
    "recall": 0.11764705882352941,
    "f1_score": 0.21052631578947367
  },
  "timestamp": "2025-12-12T02:20:56.864837",
  "cv_folds": 10,
  "n_combinations_tested": 6,
  "total_fits": 60,
  "time_seconds": 2.540813,
  "dataset_info": {
    "n_samples": 584,
    "n_features": 65
  }
}