{
  "best_params": {
    "var_smoothing": 1e-09
  },
  "best_cv_score": 0.08574879227053141,
  "test_metrics": {
    "accuracy": 0.8979591836734694,
    "precision": 1.0,
    "recall": 0.11764705882352941,
    "f1_score": 0.21052631578947367
  },
  "timestamp": "2025-11-28T13:33:30.314369"
}