{
  "best_params": {
    "C": 1,
    "gamma": 0.001,
    "kernel": "rbf"
  },
  "best_cv_score": 0.5135202663665661,
  "test_metrics": {
    "accuracy": 0.8979591836734694,
    "precision": 0.5714285714285714,
    "recall": 0.47058823529411764,
    "f1_score": 0.5161290322580645,
    "f2_score": 0.4878048780487805
  },
  "timestamp": "2025-12-11T09:17:28.931818",
  "confusion_matrix": [
    [
      124,
      6
    ],
    [
      9,
      8
    ]
  ],
  "labels": [
    0,
    1
  ]
}