{
  "dataset": "groovy-1_6_BETA_1",
  "balancing_method": "hcbou",
  "scaler_type": "standard",
  "models": {
    "svm": {
      "F1_Score": 0.3888888888888889,
      "Exactitud": 0.8666666666666667,
      "Precision": 0.3181818181818182,
      "Recall": 0.5,
      "Sensibilidad": 0.5,
      "Especificidad": 0.9006622516556292,
      "Error": 0.13333333333333333,
      "TP_Rate": 0.5,
      "FP_Rate": 0.09933774834437085,
      "ROC_AUC": 0.749290444654683,
      "confusion_matrix": [
        [
          136,
          15
        ],
        [
          7,
          7
        ]
      ]
    },
    "naive_bayes_gaussian": {
      "F1_Score": 0.24390243902439024,
      "Exactitud": 0.6242424242424243,
      "Precision": 0.14705882352941177,
      "Recall": 0.7142857142857143,
      "Sensibilidad": 0.7142857142857143,
      "Especificidad": 0.6158940397350994,
      "Error": 0.37575757575757573,
      "TP_Rate": 0.7142857142857143,
      "FP_Rate": 0.3841059602649007,
      "ROC_AUC": 0.7071901608325449,
      "confusion_matrix": [
        [
          93,
          58
        ],
        [
          4,
          10
        ]
      ]
    },
    "decision_tree": {
      "F1_Score": 0.391304347826087,
      "Exactitud": 0.8303030303030303,
      "Precision": 0.28125,
      "Recall": 0.6428571428571429,
      "Sensibilidad": 0.6428571428571429,
      "Especificidad": 0.847682119205298,
      "Error": 0.1696969696969697,
      "TP_Rate": 0.6428571428571429,
      "FP_Rate": 0.152317880794702,
      "ROC_AUC": 0.7478713339640491,
      "confusion_matrix": [
        [
          128,
          23
        ],
        [
          5,
          9
        ]
      ]
    }
  },
  "timestamp": "2025-11-28T13:31:08.457353"
}