{
  "dataset": "groovy-1_6_BETA_1",
  "balancing_method": "hcbou",
  "scaler_type": "standard",
  "models": {
    "svm": {
      "F1_Score": 0.32,
      "Exactitud": 0.896969696969697,
      "Precision": 0.36363636363636365,
      "Recall": 0.2857142857142857,
      "Sensibilidad": 0.2857142857142857,
      "Especificidad": 0.9536423841059603,
      "Error": 0.10303030303030303,
      "TP_Rate": 0.2857142857142857,
      "FP_Rate": 0.046357615894039736,
      "ROC_AUC": 0.8273415326395458,
      "confusion_matrix": [
        [
          144,
          7
        ],
        [
          10,
          4
        ]
      ]
    },
    "naive_bayes_gaussian": {
      "F1_Score": 0.3225806451612903,
      "Exactitud": 0.7454545454545455,
      "Precision": 0.20833333333333334,
      "Recall": 0.7142857142857143,
      "Sensibilidad": 0.7142857142857143,
      "Especificidad": 0.7483443708609272,
      "Error": 0.2545454545454545,
      "TP_Rate": 0.7142857142857143,
      "FP_Rate": 0.25165562913907286,
      "ROC_AUC": 0.7081362346263008,
      "confusion_matrix": [
        [
          113,
          38
        ],
        [
          4,
          10
        ]
      ]
    },
    "decision_tree": {
      "F1_Score": 0.2857142857142857,
      "Exactitud": 0.8484848484848485,
      "Precision": 0.23809523809523808,
      "Recall": 0.35714285714285715,
      "Sensibilidad": 0.35714285714285715,
      "Especificidad": 0.8940397350993378,
      "Error": 0.15151515151515152,
      "TP_Rate": 0.35714285714285715,
      "FP_Rate": 0.10596026490066225,
      "ROC_AUC": 0.6038315988647115,
      "confusion_matrix": [
        [
          135,
          16
        ],
        [
          9,
          5
        ]
      ]
    }
  },
  "timestamp": "2025-11-27T19:32:04.136123"
}