{
  "dataset": "groovy-1_6_BETA_1",
  "balancing_method": "hcbou",
  "scaler_type": "standard",
  "models": {
    "svm": {
      "F1_Score": 0.4,
      "F2_Score": 0.45454545454545453,
      "Exactitud": 0.8727272727272727,
      "Accuracy": 0.8727272727272727,
      "Balanced_Accuracy": 0.7036423841059603,
      "BER": 0.29635761589403975,
      "MCC": 0.3405334407698614,
      "Precision": 0.3333333333333333,
      "Recall": 0.5,
      "Sensibilidad": 0.5,
      "Especificidad": 0.9072847682119205,
      "Error": 0.12727272727272726,
      "TP_Rate": 0.5,
      "FP_Rate": 0.09271523178807947,
      "ROC_AUC": 0.7653736991485336,
      "confusion_matrix": [
        [
          137,
          14
        ],
        [
          7,
          7
        ]
      ]
    },
    "naive_bayes_gaussian": {
      "F1_Score": 0.24390243902439024,
      "F2_Score": 0.4032258064516129,
      "Exactitud": 0.6242424242424243,
      "Accuracy": 0.6242424242424243,
      "Balanced_Accuracy": 0.6650898770104068,
      "BER": 0.3349101229895932,
      "MCC": 0.18692294193038542,
      "Precision": 0.14705882352941177,
      "Recall": 0.7142857142857143,
      "Sensibilidad": 0.7142857142857143,
      "Especificidad": 0.6158940397350994,
      "Error": 0.37575757575757573,
      "TP_Rate": 0.7142857142857143,
      "FP_Rate": 0.3841059602649007,
      "ROC_AUC": 0.7071901608325449,
      "confusion_matrix": [
        [
          93,
          58
        ],
        [
          4,
          10
        ]
      ]
    },
    "decision_tree": {
      "F1_Score": 0.3157894736842105,
      "F2_Score": 0.375,
      "Exactitud": 0.8424242424242424,
      "Accuracy": 0.8424242424242424,
      "Balanced_Accuracy": 0.6546830652790917,
      "BER": 0.3453169347209083,
      "MCC": 0.24451757478947303,
      "Precision": 0.25,
      "Recall": 0.42857142857142855,
      "Sensibilidad": 0.42857142857142855,
      "Especificidad": 0.8807947019867549,
      "Error": 0.15757575757575756,
      "TP_Rate": 0.42857142857142855,
      "FP_Rate": 0.11920529801324503,
      "ROC_AUC": 0.6561021759697258,
      "confusion_matrix": [
        [
          133,
          18
        ],
        [
          8,
          6
        ]
      ]
    }
  },
  "timestamp": "2025-12-11T09:14:27.833155"
}