{
  "TP": 9,
  "TN": 128,
  "FP": 23,
  "FN": 5,
  "P": 14,
  "N": 151,
  "Total": 165,
  "Error": 0.1696969696969697,
  "Exactitud": 0.8303030303030303,
  "TP_Rate": 0.6428571428571429,
  "FP_Rate": 0.152317880794702,
  "Precision": 0.28125,
  "Recall": 0.6428571428571429,
  "Sensibilidad": 0.6428571428571429,
  "Especificidad": 0.847682119205298,
  "F1_Score": 0.391304347826087,
  "Accuracy_sklearn": 0.8303030303030303,
  "ROC_AUC": 0.7478713339640491,
  "PR_AUC": 0.2662459851975981,
  "classification_report": {
    "No-Buggy": {
      "precision": 0.9624060150375939,
      "recall": 0.847682119205298,
      "f1-score": 0.9014084507042254,
      "support": 151.0
    },
    "Buggy": {
      "precision": 0.28125,
      "recall": 0.6428571428571429,
      "f1-score": 0.391304347826087,
      "support": 14.0
    },
    "accuracy": 0.8303030303030303,
    "macro avg": {
      "precision": 0.621828007518797,
      "recall": 0.7452696310312205,
      "f1-score": 0.6463563992651562,
      "support": 165.0
    },
    "weighted avg": {
      "precision": 0.9046109592162223,
      "recall": 0.8303030303030303,
      "f1-score": 0.8581268904600197,
      "support": 165.0
    }
  },
  "confusion_matrix": [
    [
      128,
      23
    ],
    [
      5,
      9
    ]
  ],
  "training_time_seconds": 0.005516,
  "best_hyperparameters": {
    "criterion": "gini",
    "max_depth": 5,
    "min_samples_leaf": 1,
    "min_samples_split": 2
  },
  "timestamp": "2025-11-28T13:31:08.197911"
}