{
  "TP": 6,
  "TN": 133,
  "FP": 18,
  "FN": 8,
  "P": 14,
  "N": 151,
  "Total": 165,
  "Error": 0.15757575757575756,
  "Exactitud": 0.8424242424242424,
  "TP_Rate": 0.42857142857142855,
  "FP_Rate": 0.11920529801324503,
  "Precision": 0.25,
  "Recall": 0.42857142857142855,
  "Sensibilidad": 0.42857142857142855,
  "Especificidad": 0.8807947019867549,
  "F1_Score": 0.3157894736842105,
  "Accuracy_sklearn": 0.8424242424242424,
  "F2_Score": 0.375,
  "Balanced_Accuracy": 0.6546830652790917,
  "BER": 0.3453169347209083,
  "MCC": 0.24451757478947303,
  "Accuracy": 0.8424242424242424,
  "ROC_AUC": 0.6561021759697258,
  "PR_AUC": 0.3658573310747224,
  "classification_report": {
    "No-Buggy": {
      "precision": 0.9432624113475178,
      "recall": 0.8807947019867549,
      "f1-score": 0.910958904109589,
      "support": 151.0
    },
    "Buggy": {
      "precision": 0.25,
      "recall": 0.42857142857142855,
      "f1-score": 0.3157894736842105,
      "support": 14.0
    },
    "accuracy": 0.8424242424242424,
    "macro avg": {
      "precision": 0.5966312056737588,
      "recall": 0.6546830652790917,
      "f1-score": 0.6133741888968998,
      "support": 165.0
    },
    "weighted avg": {
      "precision": 0.8844401461422738,
      "recall": 0.8424242424242424,
      "f1-score": 0.86045967970986,
      "support": 165.0
    }
  },
  "confusion_matrix": [
    [
      133,
      18
    ],
    [
      8,
      6
    ]
  ],
  "training_time_seconds": 0.006963,
  "best_hyperparameters": {
    "criterion": "entropy",
    "max_depth": 10,
    "min_samples_leaf": 1,
    "min_samples_split": 2
  },
  "timestamp": "2025-12-11T09:14:27.612562"
}