{
  "TP": 10,
  "TN": 113,
  "FP": 38,
  "FN": 4,
  "P": 14,
  "N": 151,
  "Total": 165,
  "Error": 0.2545454545454545,
  "Exactitud": 0.7454545454545455,
  "TP_Rate": 0.7142857142857143,
  "FP_Rate": 0.25165562913907286,
  "Precision": 0.20833333333333334,
  "Recall": 0.7142857142857143,
  "Sensibilidad": 0.7142857142857143,
  "Especificidad": 0.7483443708609272,
  "F1_Score": 0.3225806451612903,
  "Accuracy_sklearn": 0.7454545454545455,
  "ROC_AUC": 0.7081362346263008,
  "PR_AUC": 0.33721629536682785,
  "classification_report": {
    "No-Buggy": {
      "precision": 0.9658119658119658,
      "recall": 0.7483443708609272,
      "f1-score": 0.8432835820895522,
      "support": 151.0
    },
    "Buggy": {
      "precision": 0.20833333333333334,
      "recall": 0.7142857142857143,
      "f1-score": 0.3225806451612903,
      "support": 14.0
    },
    "accuracy": 0.7454545454545455,
    "macro avg": {
      "precision": 0.5870726495726496,
      "recall": 0.7313150425733208,
      "f1-score": 0.5829321136254213,
      "support": 165.0
    },
    "weighted avg": {
      "precision": 0.9015410515410515,
      "recall": 0.7454545454545455,
      "f1-score": 0.799102726835033,
      "support": 165.0
    }
  },
  "confusion_matrix": [
    [
      113,
      38
    ],
    [
      4,
      10
    ]
  ],
  "training_time_seconds": 0.000765,
  "best_hyperparameters": {
    "var_smoothing": 1e-07
  },
  "timestamp": "2025-11-27T19:57:40.901268"
}