{
  "TP": 10,
  "TN": 93,
  "FP": 58,
  "FN": 4,
  "P": 14,
  "N": 151,
  "Total": 165,
  "Error": 0.37575757575757573,
  "Exactitud": 0.6242424242424243,
  "TP_Rate": 0.7142857142857143,
  "FP_Rate": 0.3841059602649007,
  "Precision": 0.14705882352941177,
  "Recall": 0.7142857142857143,
  "Sensibilidad": 0.7142857142857143,
  "Especificidad": 0.6158940397350994,
  "F1_Score": 0.24390243902439024,
  "Accuracy_sklearn": 0.6242424242424243,
  "F2_Score": 0.4032258064516129,
  "Balanced_Accuracy": 0.6650898770104068,
  "BER": 0.3349101229895932,
  "MCC": 0.18692294193038542,
  "Accuracy": 0.6242424242424243,
  "ROC_AUC": 0.7071901608325449,
  "PR_AUC": 0.33288729103782344,
  "classification_report": {
    "No-Buggy": {
      "precision": 0.9587628865979382,
      "recall": 0.6158940397350994,
      "f1-score": 0.75,
      "support": 151.0
    },
    "Buggy": {
      "precision": 0.14705882352941177,
      "recall": 0.7142857142857143,
      "f1-score": 0.24390243902439024,
      "support": 14.0
    },
    "accuracy": 0.6242424242424243,
    "macro avg": {
      "precision": 0.552910855063675,
      "recall": 0.6650898770104068,
      "f1-score": 0.4969512195121951,
      "support": 165.0
    },
    "weighted avg": {
      "precision": 0.8898910267012148,
      "recall": 0.6242424242424243,
      "f1-score": 0.7070583887657059,
      "support": 165.0
    }
  },
  "confusion_matrix": [
    [
      93,
      58
    ],
    [
      4,
      10
    ]
  ],
  "training_time_seconds": 0.000773,
  "best_hyperparameters": {
    "var_smoothing": 1e-09
  },
  "timestamp": "2025-12-11T09:14:27.365020"
}