{
  "TP": 7,
  "TN": 136,
  "FP": 15,
  "FN": 7,
  "P": 14,
  "N": 151,
  "Total": 165,
  "Error": 0.13333333333333333,
  "Exactitud": 0.8666666666666667,
  "TP_Rate": 0.5,
  "FP_Rate": 0.09933774834437085,
  "Precision": 0.3181818181818182,
  "Recall": 0.5,
  "Sensibilidad": 0.5,
  "Especificidad": 0.9006622516556292,
  "F1_Score": 0.3888888888888889,
  "Accuracy_sklearn": 0.8666666666666667,
  "ROC_AUC": 0.749290444654683,
  "PR_AUC": 0.354272194107222,
  "classification_report": {
    "No-Buggy": {
      "precision": 0.951048951048951,
      "recall": 0.9006622516556292,
      "f1-score": 0.9251700680272109,
      "support": 151.0
    },
    "Buggy": {
      "precision": 0.3181818181818182,
      "recall": 0.5,
      "f1-score": 0.3888888888888889,
      "support": 14.0
    },
    "accuracy": 0.8666666666666667,
    "macro avg": {
      "precision": 0.6346153846153846,
      "recall": 0.7003311258278146,
      "f1-score": 0.6570294784580499,
      "support": 165.0
    },
    "weighted avg": {
      "precision": 0.8973511337147702,
      "recall": 0.8666666666666667,
      "f1-score": 0.8796674225245655,
      "support": 165.0
    }
  },
  "confusion_matrix": [
    [
      136,
      15
    ],
    [
      7,
      7
    ]
  ],
  "training_time_seconds": 0.004238,
  "best_hyperparameters": {
    "C": 10,
    "gamma": 0.01,
    "kernel": "rbf"
  },
  "timestamp": "2025-11-28T13:31:07.656891"
}