{
  "TP": 7,
  "TN": 137,
  "FP": 14,
  "FN": 7,
  "P": 14,
  "N": 151,
  "Total": 165,
  "Error": 0.12727272727272726,
  "Exactitud": 0.8727272727272727,
  "TP_Rate": 0.5,
  "FP_Rate": 0.09271523178807947,
  "Precision": 0.3333333333333333,
  "Recall": 0.5,
  "Sensibilidad": 0.5,
  "Especificidad": 0.9072847682119205,
  "F1_Score": 0.4,
  "Accuracy_sklearn": 0.8727272727272727,
  "F2_Score": 0.45454545454545453,
  "Balanced_Accuracy": 0.7036423841059603,
  "BER": 0.29635761589403975,
  "MCC": 0.3405334407698614,
  "Accuracy": 0.8727272727272727,
  "ROC_AUC": 0.7653736991485336,
  "PR_AUC": 0.3699283204364345,
  "classification_report": {
    "No-Buggy": {
      "precision": 0.9513888888888888,
      "recall": 0.9072847682119205,
      "f1-score": 0.9288135593220339,
      "support": 151.0
    },
    "Buggy": {
      "precision": 0.3333333333333333,
      "recall": 0.5,
      "f1-score": 0.4,
      "support": 14.0
    },
    "accuracy": 0.8727272727272727,
    "macro avg": {
      "precision": 0.642361111111111,
      "recall": 0.7036423841059603,
      "f1-score": 0.6644067796610169,
      "support": 165.0
    },
    "weighted avg": {
      "precision": 0.8989478114478114,
      "recall": 0.8727272727272727,
      "f1-score": 0.8839445300462249,
      "support": 165.0
    }
  },
  "confusion_matrix": [
    [
      137,
      14
    ],
    [
      7,
      7
    ]
  ],
  "training_time_seconds": 0.004549,
  "best_hyperparameters": {
    "C": 10,
    "gamma": "scale",
    "kernel": "rbf"
  },
  "timestamp": "2025-12-11T09:14:27.131117"
}