{
  "best_params": {
    "criterion": "entropy",
    "max_depth": 20,
    "min_samples_leaf": 1,
    "min_samples_split": 2
  },
  "best_cv_score": 0.9006315789473686,
  "test_metrics": {
    "accuracy": 0.8010610079575596,
    "precision": 0.4069767441860465,
    "recall": 0.5932203389830508,
    "f1_score": 0.4827586206896552
  },
  "timestamp": "2025-12-12T02:26:31.490547",
  "cv_folds": 10,
  "n_combinations_tested": 160,
  "total_fits": 1600,
  "time_seconds": 3.931352,
  "dataset_info": {
    "n_samples": 1507,
    "n_features": 20
  }
}