{
  "best_params": {
    "var_smoothing": 1e-09
  },
  "best_cv_score": 0.6657368421052632,
  "test_metrics": {
    "accuracy": 0.8594164456233422,
    "precision": 0.5441176470588235,
    "recall": 0.6271186440677966,
    "f1_score": 0.5826771653543307
  },
  "timestamp": "2025-12-12T02:26:30.190885",
  "cv_folds": 10,
  "n_combinations_tested": 6,
  "total_fits": 60,
  "time_seconds": 2.631832,
  "dataset_info": {
    "n_samples": 1507,
    "n_features": 20
  }
}