{
  "best_params": {
    "C": 0.01,
    "gamma": 1,
    "kernel": "rbf"
  },
  "best_cv_score": 0.9789298245614034,
  "test_metrics": {
    "accuracy": 0.3395225464190981,
    "precision": 0.1895424836601307,
    "recall": 0.9830508474576272,
    "f1_score": 0.3178082191780822
  },
  "timestamp": "2025-12-12T02:26:44.964582",
  "cv_folds": 10,
  "n_combinations_tested": 72,
  "total_fits": 720,
  "time_seconds": 17.406329,
  "dataset_info": {
    "n_samples": 1507,
    "n_features": 20
  }
}