{
  "best_params": {
    "C": 1000,
    "gamma": 0.001,
    "kernel": "rbf"
  },
  "best_cv_score": 0.38427620591413697,
  "test_metrics": {
    "accuracy": 0.8666666666666667,
    "precision": 0.16666666666666666,
    "recall": 0.14285714285714285,
    "f1_score": 0.15384615384615385,
    "f2_score": 0.14705882352941177
  },
  "timestamp": "2025-12-11T09:13:35.394461",
  "confusion_matrix": [
    [
      141,
      10
    ],
    [
      12,
      2
    ]
  ],
  "labels": [
    0,
    1
  ]
}