{
  "best_params": {
    "C": 1,
    "gamma": 0.001,
    "kernel": "linear"
  },
  "best_cv_score": 1.0,
  "test_metrics": {
    "accuracy": 0.9090909090909091,
    "precision": 0.42857142857142855,
    "recall": 0.21428571428571427,
    "f1_score": 0.2857142857142857
  },
  "timestamp": "2025-11-28T13:30:23.683843"
}