{
  "best_params": {
    "C": 100,
    "gamma": 0.001,
    "kernel": "linear"
  },
  "best_cv_score": 0.8,
  "test_metrics": {
    "accuracy": 0.07878787878787878,
    "precision": 0.07926829268292683,
    "recall": 0.9285714285714286,
    "f1_score": 0.14606741573033707
  },
  "timestamp": "2025-12-12T02:15:01.740025",
  "cv_folds": 10,
  "n_combinations_tested": 72,
  "total_fits": 720,
  "time_seconds": 8.036805,
  "dataset_info": {
    "n_samples": 656,
    "n_features": 65
  }
}