{
  "TP": 11,
  "TN": 117,
  "FP": 13,
  "FN": 6,
  "P": 17,
  "N": 130,
  "Total": 147,
  "Error": 0.1292517006802721,
  "Exactitud": 0.8707482993197279,
  "TP_Rate": 0.6470588235294118,
  "FP_Rate": 0.1,
  "Precision": 0.4583333333333333,
  "Recall": 0.6470588235294118,
  "Sensibilidad": 0.6470588235294118,
  "Especificidad": 0.9,
  "F1_Score": 0.5365853658536586,
  "Accuracy_sklearn": 0.8707482993197279,
  "best_hyperparameters": {
    "C": 1,
    "gamma": 0.1,
    "kernel": "rbf"
  },
  "cv_best_score": 0.9760919540229885,
  "timestamp": "2025-12-12T02:21:58.719240",
  "confusion_matrix": [
    [
      117,
      13
    ],
    [
      6,
      11
    ]
  ]
}