{
  "TP": 3,
  "TN": 460,
  "FP": 4,
  "FN": 74,
  "P": 77,
  "N": 464,
  "Total": 541,
  "Error": 0.14417744916820702,
  "Exactitud": 0.8558225508317929,
  "TP_Rate": 0.03896103896103896,
  "FP_Rate": 0.008620689655172414,
  "Precision": 0.42857142857142855,
  "Recall": 0.03896103896103896,
  "Sensibilidad": 0.03896103896103896,
  "Especificidad": 0.9913793103448276,
  "F1_Score": 0.07142857142857142,
  "Accuracy_sklearn": 0.8558225508317929,
  "best_hyperparameters": {
    "var_smoothing": 1e-09
  },
  "cv_best_score": 0.020336391437308872,
  "timestamp": "2025-12-12T02:14:43.722209",
  "confusion_matrix": [
    [
      460,
      4
    ],
    [
      74,
      3
    ]
  ]
}