{
  "TP": 43,
  "TN": 168,
  "FP": 59,
  "FN": 14,
  "P": 57,
  "N": 227,
  "Total": 284,
  "Error": 0.25704225352112675,
  "Exactitud": 0.7429577464788732,
  "TP_Rate": 0.7543859649122807,
  "FP_Rate": 0.2599118942731278,
  "Precision": 0.4215686274509804,
  "Recall": 0.7543859649122807,
  "Sensibilidad": 0.7543859649122807,
  "Especificidad": 0.7400881057268722,
  "F1_Score": 0.5408805031446541,
  "Accuracy_sklearn": 0.7429577464788732,
  "best_hyperparameters": {
    "C": 10,
    "gamma": 0.1,
    "kernel": "rbf"
  },
  "cv_best_score": 0.9627819548872181,
  "timestamp": "2025-12-12T02:20:44.467359",
  "confusion_matrix": [
    [
      168,
      59
    ],
    [
      14,
      43
    ]
  ]
}