{
  "best_params": {
    "criterion": "entropy",
    "max_depth": 10,
    "min_samples_leaf": 8,
    "min_samples_split": 2
  },
  "best_cv_score": 0.5285714285714287,
  "test_metrics": {
    "accuracy": 0.891156462585034,
    "precision": 0.5384615384615384,
    "recall": 0.4117647058823529,
    "f1_score": 0.4666666666666667
  },
  "timestamp": "2025-12-12T02:20:49.963818",
  "cv_folds": 10,
  "n_combinations_tested": 160,
  "total_fits": 1600,
  "time_seconds": 3.644769,
  "dataset_info": {
    "n_samples": 584,
    "n_features": 65
  }
}