{
  "best_params": {
    "var_smoothing": 0.0001
  },
  "best_cv_score": 0.6008454106280193,
  "test_metrics": {
    "accuracy": 0.9183673469387755,
    "precision": 0.6470588235294118,
    "recall": 0.6470588235294118,
    "f1_score": 0.6470588235294118
  },
  "timestamp": "2025-11-28T13:33:23.245813"
}