{
  "best_params": {
    "C": 1,
    "gamma": 0.001,
    "kernel": "linear"
  },
  "best_cv_score": 0.5142857142857143,
  "test_metrics": {
    "accuracy": 0.9251700680272109,
    "precision": 0.7142857142857143,
    "recall": 0.5882352941176471,
    "f1_score": 0.6451612903225806
  },
  "timestamp": "2025-12-12T02:20:52.791335",
  "cv_folds": 10,
  "n_combinations_tested": 72,
  "total_fits": 720,
  "time_seconds": 6.47329,
  "dataset_info": {
    "n_samples": 584,
    "n_features": 65
  }
}