{
  "best_params": {
    "C": 0.1,
    "gamma": 0.001,
    "kernel": "linear"
  },
  "best_cv_score": 0.48550724637681153,
  "test_metrics": {
    "accuracy": 0.9251700680272109,
    "precision": 0.7142857142857143,
    "recall": 0.5882352941176471,
    "f1_score": 0.6451612903225806
  },
  "timestamp": "2025-11-28T13:33:23.720802"
}