{
  "best_params": {
    "C": 1,
    "gamma": 0.001,
    "kernel": "linear"
  },
  "best_cv_score": 0.5325097944583238,
  "test_metrics": {
    "accuracy": 0.9251700680272109,
    "precision": 0.7142857142857143,
    "recall": 0.5882352941176471,
    "f1_score": 0.6451612903225806,
    "f2_score": 0.6097560975609756
  },
  "timestamp": "2025-12-11T09:17:21.156259",
  "confusion_matrix": [
    [
      126,
      4
    ],
    [
      7,
      10
    ]
  ],
  "labels": [
    0,
    1
  ]
}