{
  "best_params": {
    "criterion": "gini",
    "max_depth": 10,
    "min_samples_leaf": 1,
    "min_samples_split": 2
  },
  "best_cv_score": 0.9386206896551725,
  "test_metrics": {
    "accuracy": 0.8095238095238095,
    "precision": 0.3333333333333333,
    "recall": 0.6470588235294118,
    "f1_score": 0.44
  },
  "timestamp": "2025-12-12T02:38:26.521482",
  "cv_folds": 10,
  "n_combinations_tested": 160,
  "total_fits": 1600,
  "time_seconds": 3.570012,
  "dataset_info": {
    "n_samples": 584,
    "n_features": 20
  }
}