{
  "best_params": {
    "C": 0.1,
    "gamma": 1,
    "kernel": "rbf"
  },
  "best_cv_score": 0.9932183908045976,
  "test_metrics": {
    "accuracy": 0.6462585034013606,
    "precision": 0.23076923076923078,
    "recall": 0.8823529411764706,
    "f1_score": 0.36585365853658536
  },
  "timestamp": "2025-12-12T02:38:29.202729",
  "cv_folds": 10,
  "n_combinations_tested": 72,
  "total_fits": 720,
  "time_seconds": 6.252272,
  "dataset_info": {
    "n_samples": 584,
    "n_features": 20
  }
}