{
  "dataset": "wicket-1.3.0-beta2",
  "balancing_method": "unbalanced",
  "scaler_type": "standard",
  "models": {
    "svm": {
      "F1_Score": 0.08333333333333333,
      "F2_Score": 0.1,
      "Exactitud": 0.8130311614730878,
      "Accuracy": 0.8130311614730878,
      "Balanced_Accuracy": 0.4919430722183016,
      "BER": 0.5080569277816984,
      "MCC": -0.012502933269165049,
      "Precision": 0.06521739130434782,
      "Recall": 0.11538461538461539,
      "Sensibilidad": 0.11538461538461539,
      "Especificidad": 0.8685015290519877,
      "Error": 0.18696883852691218,
      "TP_Rate": 0.11538461538461539,
      "FP_Rate": 0.13149847094801223,
      "ROC_AUC": 0.49976476123265107,
      "confusion_matrix": [
        [
          284,
          43
        ],
        [
          23,
          3
        ]
      ]
    },
    "naive_bayes_gaussian": {
      "F1_Score": 0.32786885245901637,
      "F2_Score": 0.3597122302158273,
      "Exactitud": 0.8838526912181303,
      "Accuracy": 0.8838526912181303,
      "Balanced_Accuracy": 0.6540813926135027,
      "BER": 0.34591860738649727,
      "MCC": 0.26933522656212927,
      "Precision": 0.2857142857142857,
      "Recall": 0.38461538461538464,
      "Sensibilidad": 0.38461538461538464,
      "Especificidad": 0.9235474006116208,
      "Error": 0.11614730878186968,
      "TP_Rate": 0.38461538461538464,
      "FP_Rate": 0.0764525993883792,
      "ROC_AUC": 0.7696424370736297,
      "confusion_matrix": [
        [
          302,
          25
        ],
        [
          16,
          10
        ]
      ]
    },
    "decision_tree": {
      "F1_Score": 0.18181818181818182,
      "F2_Score": 0.16393442622950818,
      "Exactitud": 0.8980169971671388,
      "Accuracy": 0.8980169971671388,
      "Balanced_Accuracy": 0.5555163490943307,
      "BER": 0.4444836509056693,
      "MCC": 0.13184169806352883,
      "Precision": 0.2222222222222222,
      "Recall": 0.15384615384615385,
      "Sensibilidad": 0.15384615384615385,
      "Especificidad": 0.9571865443425076,
      "Error": 0.10198300283286119,
      "TP_Rate": 0.15384615384615385,
      "FP_Rate": 0.04281345565749235,
      "ROC_AUC": 0.5662785227005411,
      "confusion_matrix": [
        [
          313,
          14
        ],
        [
          22,
          4
        ]
      ]
    }
  },
  "timestamp": "2025-12-11T09:19:49.555857"
}