{
  "dataset": "wicket-1.3.0-beta2",
  "balancing_method": "unbalanced",
  "scaler_type": "standard",
  "models": {
    "svm": {
      "F1_Score": 0.08333333333333333,
      "Exactitud": 0.8130311614730878,
      "Precision": 0.06521739130434782,
      "Recall": 0.11538461538461539,
      "Sensibilidad": 0.11538461538461539,
      "Especificidad": 0.8685015290519877,
      "Error": 0.18696883852691218,
      "TP_Rate": 0.11538461538461539,
      "FP_Rate": 0.13149847094801223,
      "ROC_AUC": 0.49976476123265107,
      "confusion_matrix": [
        [
          284,
          43
        ],
        [
          23,
          3
        ]
      ]
    },
    "naive_bayes_gaussian": {
      "F1_Score": 0.32786885245901637,
      "Exactitud": 0.8838526912181303,
      "Precision": 0.2857142857142857,
      "Recall": 0.38461538461538464,
      "Sensibilidad": 0.38461538461538464,
      "Especificidad": 0.9235474006116208,
      "Error": 0.11614730878186968,
      "TP_Rate": 0.38461538461538464,
      "FP_Rate": 0.0764525993883792,
      "ROC_AUC": 0.7696424370736297,
      "confusion_matrix": [
        [
          302,
          25
        ],
        [
          16,
          10
        ]
      ]
    },
    "decision_tree": {
      "F1_Score": 0.19607843137254902,
      "Exactitud": 0.8838526912181303,
      "Precision": 0.2,
      "Recall": 0.19230769230769232,
      "Sensibilidad": 0.19230769230769232,
      "Especificidad": 0.9388379204892966,
      "Error": 0.11614730878186968,
      "TP_Rate": 0.19230769230769232,
      "FP_Rate": 0.06116207951070336,
      "ROC_AUC": 0.5974476593742648,
      "confusion_matrix": [
        [
          307,
          20
        ],
        [
          21,
          5
        ]
      ]
    }
  },
  "timestamp": "2025-11-28T13:35:16.934570"
}