{
  "TP": 5,
  "TN": 307,
  "FP": 20,
  "FN": 21,
  "P": 26,
  "N": 327,
  "Total": 353,
  "Error": 0.11614730878186968,
  "Exactitud": 0.8838526912181303,
  "TP_Rate": 0.19230769230769232,
  "FP_Rate": 0.06116207951070336,
  "Precision": 0.2,
  "Recall": 0.19230769230769232,
  "Sensibilidad": 0.19230769230769232,
  "Especificidad": 0.9388379204892966,
  "F1_Score": 0.19607843137254902,
  "Accuracy_sklearn": 0.8838526912181303,
  "ROC_AUC": 0.5974476593742648,
  "PR_AUC": 0.24378216708300182,
  "classification_report": {
    "No-Buggy": {
      "precision": 0.9359756097560976,
      "recall": 0.9388379204892966,
      "f1-score": 0.9374045801526718,
      "support": 327.0
    },
    "Buggy": {
      "precision": 0.2,
      "recall": 0.19230769230769232,
      "f1-score": 0.19607843137254902,
      "support": 26.0
    },
    "accuracy": 0.8838526912181303,
    "macro avg": {
      "precision": 0.5679878048780488,
      "recall": 0.5655728063984945,
      "f1-score": 0.5667415057626104,
      "support": 353.0
    },
    "weighted avg": {
      "precision": 0.8817677744766116,
      "recall": 0.8838526912181303,
      "f1-score": 0.8828026541801983,
      "support": 353.0
    }
  },
  "confusion_matrix": [
    [
      307,
      20
    ],
    [
      21,
      5
    ]
  ],
  "training_time_seconds": 0.018585,
  "best_hyperparameters": {
    "criterion": "gini",
    "max_depth": 20,
    "min_samples_leaf": 1,
    "min_samples_split": 5
  },
  "timestamp": "2025-11-28T13:35:16.671766"
}