{
  "TP": 10,
  "TN": 302,
  "FP": 25,
  "FN": 16,
  "P": 26,
  "N": 327,
  "Total": 353,
  "Error": 0.11614730878186968,
  "Exactitud": 0.8838526912181303,
  "TP_Rate": 0.38461538461538464,
  "FP_Rate": 0.0764525993883792,
  "Precision": 0.2857142857142857,
  "Recall": 0.38461538461538464,
  "Sensibilidad": 0.38461538461538464,
  "Especificidad": 0.9235474006116208,
  "F1_Score": 0.32786885245901637,
  "Accuracy_sklearn": 0.8838526912181303,
  "F2_Score": 0.3597122302158273,
  "Balanced_Accuracy": 0.6540813926135027,
  "BER": 0.34591860738649727,
  "MCC": 0.26933522656212927,
  "Accuracy": 0.8838526912181303,
  "ROC_AUC": 0.7696424370736297,
  "PR_AUC": 0.2887024937666024,
  "classification_report": {
    "No-Buggy": {
      "precision": 0.949685534591195,
      "recall": 0.9235474006116208,
      "f1-score": 0.9364341085271318,
      "support": 327.0
    },
    "Buggy": {
      "precision": 0.2857142857142857,
      "recall": 0.38461538461538464,
      "f1-score": 0.32786885245901637,
      "support": 26.0
    },
    "accuracy": 0.8838526912181303,
    "macro avg": {
      "precision": 0.6176999101527403,
      "recall": 0.6540813926135027,
      "f1-score": 0.6321514804930741,
      "support": 353.0
    },
    "weighted avg": {
      "precision": 0.9007811366569185,
      "recall": 0.8838526912181303,
      "f1-score": 0.8916106052473273,
      "support": 353.0
    }
  },
  "confusion_matrix": [
    [
      302,
      25
    ],
    [
      16,
      10
    ]
  ],
  "training_time_seconds": 0.000949,
  "best_hyperparameters": {
    "var_smoothing": 0.0001
  },
  "timestamp": "2025-12-11T09:19:49.072376"
}