{
  "TP": 3,
  "TN": 284,
  "FP": 43,
  "FN": 23,
  "P": 26,
  "N": 327,
  "Total": 353,
  "Error": 0.18696883852691218,
  "Exactitud": 0.8130311614730878,
  "TP_Rate": 0.11538461538461539,
  "FP_Rate": 0.13149847094801223,
  "Precision": 0.06521739130434782,
  "Recall": 0.11538461538461539,
  "Sensibilidad": 0.11538461538461539,
  "Especificidad": 0.8685015290519877,
  "F1_Score": 0.08333333333333333,
  "Accuracy_sklearn": 0.8130311614730878,
  "F2_Score": 0.1,
  "Balanced_Accuracy": 0.4919430722183016,
  "BER": 0.5080569277816984,
  "MCC": -0.012502933269165049,
  "Accuracy": 0.8130311614730878,
  "ROC_AUC": 0.49976476123265107,
  "PR_AUC": 0.12245745806179151,
  "classification_report": {
    "No-Buggy": {
      "precision": 0.9250814332247557,
      "recall": 0.8685015290519877,
      "f1-score": 0.8958990536277602,
      "support": 327.0
    },
    "Buggy": {
      "precision": 0.06521739130434782,
      "recall": 0.11538461538461539,
      "f1-score": 0.08333333333333333,
      "support": 26.0
    },
    "accuracy": 0.8130311614730878,
    "macro avg": {
      "precision": 0.4951494122645517,
      "recall": 0.4919430722183016,
      "f1-score": 0.4896161934805468,
      "support": 353.0
    },
    "weighted avg": {
      "precision": 0.8617486709303348,
      "recall": 0.8130311614730878,
      "f1-score": 0.8360500204049414,
      "support": 353.0
    }
  },
  "confusion_matrix": [
    [
      284,
      43
    ],
    [
      23,
      3
    ]
  ],
  "training_time_seconds": 0.030656,
  "best_hyperparameters": {
    "C": 10,
    "gamma": 0.001,
    "kernel": "linear"
  },
  "timestamp": "2025-12-11T09:19:48.813621"
}