{
  "TP": 6,
  "TN": 313,
  "FP": 14,
  "FN": 20,
  "P": 26,
  "N": 327,
  "Total": 353,
  "Error": 0.09631728045325778,
  "Exactitud": 0.9036827195467422,
  "TP_Rate": 0.23076923076923078,
  "FP_Rate": 0.04281345565749235,
  "Precision": 0.3,
  "Recall": 0.23076923076923078,
  "Sensibilidad": 0.23076923076923078,
  "Especificidad": 0.9571865443425076,
  "F1_Score": 0.2608695652173913,
  "Accuracy_sklearn": 0.9036827195467422,
  "best_hyperparameters": {
    "C": 10,
    "gamma": 0.1,
    "kernel": "rbf"
  },
  "cv_best_score": 0.9602213279678068,
  "timestamp": "2025-12-12T02:25:06.897505",
  "confusion_matrix": [
    [
      313,
      14
    ],
    [
      20,
      6
    ]
  ]
}