{
  "TP": 24,
  "TN": 359,
  "FP": 105,
  "FN": 53,
  "P": 77,
  "N": 464,
  "Total": 541,
  "Error": 0.2920517560073937,
  "Exactitud": 0.7079482439926063,
  "TP_Rate": 0.3116883116883117,
  "FP_Rate": 0.22629310344827586,
  "Precision": 0.18604651162790697,
  "Recall": 0.3116883116883117,
  "Sensibilidad": 0.3116883116883117,
  "Especificidad": 0.7737068965517241,
  "F1_Score": 0.23300970873786409,
  "Accuracy_sklearn": 0.7079482439926063,
  "best_hyperparameters": {
    "C": 100,
    "gamma": 0.001,
    "kernel": "linear"
  },
  "cv_best_score": 0.48741935483870974,
  "timestamp": "2025-12-12T02:14:43.441008",
  "confusion_matrix": [
    [
      359,
      105
    ],
    [
      53,
      24
    ]
  ]
}