{
  "dataset": "derby-10.5.1.1",
  "balancing_method": "csbboost",
  "scaler_type": "robust",
  "models": {
    "svm": {
      "F1_Score": 0.37722419928825623,
      "Exactitud": 0.6765249537892791,
      "Precision": 0.25980392156862747,
      "Recall": 0.6883116883116883,
      "Sensibilidad": 0.6883116883116883,
      "Especificidad": 0.6745689655172413,
      "Error": 0.3234750462107209,
      "TP_Rate": 0.6883116883116883,
      "FP_Rate": 0.3254310344827586,
      "ROC_AUC": 0.7342140618002687,
      "confusion_matrix": [
        [
          313,
          151
        ],
        [
          24,
          53
        ]
      ]
    },
    "naive_bayes_gaussian": {
      "F1_Score": 0.047619047619047616,
      "Exactitud": 0.8521256931608133,
      "Precision": 0.2857142857142857,
      "Recall": 0.025974025974025976,
      "Sensibilidad": 0.025974025974025976,
      "Especificidad": 0.9892241379310345,
      "Error": 0.1478743068391867,
      "TP_Rate": 0.025974025974025976,
      "FP_Rate": 0.010775862068965518,
      "ROC_AUC": 0.7756101656963726,
      "confusion_matrix": [
        [
          459,
          5
        ],
        [
          75,
          2
        ]
      ]
    },
    "decision_tree": {
      "F1_Score": 0.4200913242009132,
      "Exactitud": 0.7652495378927912,
      "Precision": 0.323943661971831,
      "Recall": 0.5974025974025974,
      "Sensibilidad": 0.5974025974025974,
      "Especificidad": 0.7931034482758621,
      "Error": 0.23475046210720887,
      "TP_Rate": 0.5974025974025974,
      "FP_Rate": 0.20689655172413793,
      "ROC_AUC": 0.6624496193461711,
      "confusion_matrix": [
        [
          368,
          96
        ],
        [
          31,
          46
        ]
      ]
    }
  },
  "timestamp": "2025-11-28T13:30:07.317641"
}