{
  "dataset": "derby-10.5.1.1",
  "balancing_method": "csbboost",
  "scaler_type": "robust",
  "models": {
    "svm": {
      "F1_Score": 0.37722419928825623,
      "Exactitud": 0.6765249537892791,
      "Precision": 0.25980392156862747,
      "Recall": 0.6883116883116883,
      "Sensibilidad": 0.6883116883116883,
      "Especificidad": 0.6745689655172413,
      "Error": 0.3234750462107209,
      "TP_Rate": 0.6883116883116883,
      "FP_Rate": 0.3254310344827586,
      "ROC_AUC": 0.7345499328257948,
      "confusion_matrix": [
        [
          313,
          151
        ],
        [
          24,
          53
        ]
      ]
    },
    "naive_bayes_gaussian": {
      "F1_Score": 0.047619047619047616,
      "Exactitud": 0.8521256931608133,
      "Precision": 0.2857142857142857,
      "Recall": 0.025974025974025976,
      "Sensibilidad": 0.025974025974025976,
      "Especificidad": 0.9892241379310345,
      "Error": 0.1478743068391867,
      "TP_Rate": 0.025974025974025976,
      "FP_Rate": 0.010775862068965518,
      "ROC_AUC": 0.7756101656963726,
      "confusion_matrix": [
        [
          459,
          5
        ],
        [
          75,
          2
        ]
      ]
    },
    "decision_tree": {
      "F1_Score": 0.4215686274509804,
      "Exactitud": 0.7818853974121996,
      "Precision": 0.33858267716535434,
      "Recall": 0.5584415584415584,
      "Sensibilidad": 0.5584415584415584,
      "Especificidad": 0.8189655172413793,
      "Error": 0.21811460258780038,
      "TP_Rate": 0.5584415584415584,
      "FP_Rate": 0.1810344827586207,
      "ROC_AUC": 0.688703537841469,
      "confusion_matrix": [
        [
          380,
          84
        ],
        [
          34,
          43
        ]
      ]
    }
  },
  "timestamp": "2025-11-27T19:31:17.639610"
}