{
  "dataset": "derby-10.5.1.1",
  "balancing_method": "csbboost",
  "scaler_type": "robust",
  "models": {
    "svm": {
      "F1_Score": 0.37722419928825623,
      "F2_Score": 0.517578125,
      "Exactitud": 0.6765249537892791,
      "Accuracy": 0.6765249537892791,
      "Balanced_Accuracy": 0.6814403269144649,
      "BER": 0.3185596730855351,
      "MCC": 0.26160023759401757,
      "Precision": 0.25980392156862747,
      "Recall": 0.6883116883116883,
      "Sensibilidad": 0.6883116883116883,
      "Especificidad": 0.6745689655172413,
      "Error": 0.3234750462107209,
      "TP_Rate": 0.6883116883116883,
      "FP_Rate": 0.3254310344827586,
      "ROC_AUC": 0.7342140618002687,
      "confusion_matrix": [
        [
          313,
          151
        ],
        [
          24,
          53
        ]
      ]
    },
    "naive_bayes_gaussian": {
      "F1_Score": 0.047619047619047616,
      "F2_Score": 0.031746031746031744,
      "Exactitud": 0.8521256931608133,
      "Accuracy": 0.8521256931608133,
      "Balanced_Accuracy": 0.5075990819525302,
      "BER": 0.49240091804746977,
      "MCC": 0.046986795614635986,
      "Precision": 0.2857142857142857,
      "Recall": 0.025974025974025976,
      "Sensibilidad": 0.025974025974025976,
      "Especificidad": 0.9892241379310345,
      "Error": 0.1478743068391867,
      "TP_Rate": 0.025974025974025976,
      "FP_Rate": 0.010775862068965518,
      "ROC_AUC": 0.7756101656963726,
      "confusion_matrix": [
        [
          459,
          5
        ],
        [
          75,
          2
        ]
      ]
    },
    "decision_tree": {
      "F1_Score": 0.4215686274509804,
      "F2_Score": 0.4942528735632184,
      "Exactitud": 0.7818853974121996,
      "Accuracy": 0.7818853974121996,
      "Balanced_Accuracy": 0.6887035378414689,
      "BER": 0.31129646215853113,
      "MCC": 0.31110884602111816,
      "Precision": 0.33858267716535434,
      "Recall": 0.5584415584415584,
      "Sensibilidad": 0.5584415584415584,
      "Especificidad": 0.8189655172413793,
      "Error": 0.21811460258780038,
      "TP_Rate": 0.5584415584415584,
      "FP_Rate": 0.1810344827586207,
      "ROC_AUC": 0.688703537841469,
      "confusion_matrix": [
        [
          380,
          84
        ],
        [
          34,
          43
        ]
      ]
    }
  },
  "timestamp": "2025-12-11T09:13:16.936415"
}