{
  "TP": 46,
  "TN": 368,
  "FP": 96,
  "FN": 31,
  "P": 77,
  "N": 464,
  "Total": 541,
  "Error": 0.23475046210720887,
  "Exactitud": 0.7652495378927912,
  "TP_Rate": 0.5974025974025974,
  "FP_Rate": 0.20689655172413793,
  "Precision": 0.323943661971831,
  "Recall": 0.5974025974025974,
  "Sensibilidad": 0.5974025974025974,
  "Especificidad": 0.7931034482758621,
  "F1_Score": 0.4200913242009132,
  "Accuracy_sklearn": 0.7652495378927912,
  "ROC_AUC": 0.6624496193461711,
  "PR_AUC": 0.3928134319012741,
  "classification_report": {
    "No-Buggy": {
      "precision": 0.9223057644110275,
      "recall": 0.7931034482758621,
      "f1-score": 0.8528389339513326,
      "support": 464.0
    },
    "Buggy": {
      "precision": 0.323943661971831,
      "recall": 0.5974025974025974,
      "f1-score": 0.4200913242009132,
      "support": 77.0
    },
    "accuracy": 0.7652495378927912,
    "macro avg": {
      "precision": 0.6231247131914293,
      "recall": 0.6952530228392297,
      "f1-score": 0.636465129076123,
      "support": 541.0
    },
    "weighted avg": {
      "precision": 0.8371414725666317,
      "recall": 0.7652495378927912,
      "f1-score": 0.7912463906042304,
      "support": 541.0
    }
  },
  "confusion_matrix": [
    [
      368,
      96
    ],
    [
      31,
      46
    ]
  ],
  "training_time_seconds": 0.037969,
  "best_hyperparameters": {
    "criterion": "gini",
    "max_depth": 10,
    "min_samples_leaf": 1,
    "min_samples_split": 2
  },
  "timestamp": "2025-11-28T13:30:07.059803"
}