{
  "TP": 43,
  "TN": 380,
  "FP": 84,
  "FN": 34,
  "P": 77,
  "N": 464,
  "Total": 541,
  "Error": 0.21811460258780038,
  "Exactitud": 0.7818853974121996,
  "TP_Rate": 0.5584415584415584,
  "FP_Rate": 0.1810344827586207,
  "Precision": 0.33858267716535434,
  "Recall": 0.5584415584415584,
  "Sensibilidad": 0.5584415584415584,
  "Especificidad": 0.8189655172413793,
  "F1_Score": 0.4215686274509804,
  "Accuracy_sklearn": 0.7818853974121996,
  "ROC_AUC": 0.688703537841469,
  "PR_AUC": 0.4799354080067835,
  "classification_report": {
    "No-Buggy": {
      "precision": 0.9178743961352657,
      "recall": 0.8189655172413793,
      "f1-score": 0.8656036446469249,
      "support": 464.0
    },
    "Buggy": {
      "precision": 0.33858267716535434,
      "recall": 0.5584415584415584,
      "f1-score": 0.4215686274509804,
      "support": 77.0
    },
    "accuracy": 0.7818853974121996,
    "macro avg": {
      "precision": 0.62822853665031,
      "recall": 0.6887035378414689,
      "f1-score": 0.6435861360489527,
      "support": 541.0
    },
    "weighted avg": {
      "precision": 0.8354243732874225,
      "recall": 0.7818853974121996,
      "f1-score": 0.8024045756560049,
      "support": 541.0
    }
  },
  "confusion_matrix": [
    [
      380,
      84
    ],
    [
      34,
      43
    ]
  ],
  "training_time_seconds": 0.035185,
  "best_hyperparameters": {
    "criterion": "entropy",
    "max_depth": 20,
    "min_samples_leaf": 1,
    "min_samples_split": 2
  },
  "timestamp": "2025-11-27T19:56:53.319256"
}