{
  "TP": 2,
  "TN": 459,
  "FP": 5,
  "FN": 75,
  "P": 77,
  "N": 464,
  "Total": 541,
  "Error": 0.1478743068391867,
  "Exactitud": 0.8521256931608133,
  "TP_Rate": 0.025974025974025976,
  "FP_Rate": 0.010775862068965518,
  "Precision": 0.2857142857142857,
  "Recall": 0.025974025974025976,
  "Sensibilidad": 0.025974025974025976,
  "Especificidad": 0.9892241379310345,
  "F1_Score": 0.047619047619047616,
  "Accuracy_sklearn": 0.8521256931608133,
  "F2_Score": 0.031746031746031744,
  "Balanced_Accuracy": 0.5075990819525302,
  "BER": 0.49240091804746977,
  "MCC": 0.046986795614635986,
  "Accuracy": 0.8521256931608133,
  "ROC_AUC": 0.7756101656963726,
  "PR_AUC": 0.33942642597047973,
  "classification_report": {
    "No-Buggy": {
      "precision": 0.8595505617977528,
      "recall": 0.9892241379310345,
      "f1-score": 0.9198396793587175,
      "support": 464.0
    },
    "Buggy": {
      "precision": 0.2857142857142857,
      "recall": 0.025974025974025976,
      "f1-score": 0.047619047619047616,
      "support": 77.0
    },
    "accuracy": 0.8521256931608133,
    "macro avg": {
      "precision": 0.5726324237560192,
      "recall": 0.5075990819525302,
      "f1-score": 0.4837293634888825,
      "support": 541.0
    },
    "weighted avg": {
      "precision": 0.7778770067914184,
      "recall": 0.8521256931608133,
      "f1-score": 0.7956973713292266,
      "support": 541.0
    }
  },
  "confusion_matrix": [
    [
      459,
      5
    ],
    [
      75,
      2
    ]
  ],
  "training_time_seconds": 0.001032,
  "best_hyperparameters": {
    "var_smoothing": 1e-09
  },
  "timestamp": "2025-12-11T09:13:16.446204"
}