{
  "TP": 53,
  "TN": 313,
  "FP": 151,
  "FN": 24,
  "P": 77,
  "N": 464,
  "Total": 541,
  "Error": 0.3234750462107209,
  "Exactitud": 0.6765249537892791,
  "TP_Rate": 0.6883116883116883,
  "FP_Rate": 0.3254310344827586,
  "Precision": 0.25980392156862747,
  "Recall": 0.6883116883116883,
  "Sensibilidad": 0.6883116883116883,
  "Especificidad": 0.6745689655172413,
  "F1_Score": 0.37722419928825623,
  "Accuracy_sklearn": 0.6765249537892791,
  "ROC_AUC": 0.7345499328257948,
  "PR_AUC": 0.24918954882485353,
  "classification_report": {
    "No-Buggy": {
      "precision": 0.9287833827893175,
      "recall": 0.6745689655172413,
      "f1-score": 0.7815230961298377,
      "support": 464.0
    },
    "Buggy": {
      "precision": 0.25980392156862747,
      "recall": 0.6883116883116883,
      "f1-score": 0.37722419928825623,
      "support": 77.0
    },
    "accuracy": 0.6765249537892791,
    "macro avg": {
      "precision": 0.5942936521789725,
      "recall": 0.6814403269144649,
      "f1-score": 0.579373647709047,
      "support": 541.0
    },
    "weighted avg": {
      "precision": 0.8335681914510678,
      "recall": 0.6765249537892791,
      "f1-score": 0.723979630220777,
      "support": 541.0
    }
  },
  "confusion_matrix": [
    [
      313,
      151
    ],
    [
      24,
      53
    ]
  ],
  "training_time_seconds": 0.520335,
  "best_hyperparameters": {
    "C": 100,
    "gamma": 0.1,
    "kernel": "rbf"
  },
  "timestamp": "2025-11-27T19:56:52.738213"
}