{
  "dataset": "activemq-5.0.0",
  "balancing_method": "hcbou",
  "scaler_type": "robust",
  "models": {
    "svm": {
      "F1_Score": 0.2586605080831409,
      "Exactitud": 0.14854111405835543,
      "Precision": 0.1497326203208556,
      "Recall": 0.9491525423728814,
      "Sensibilidad": 0.9491525423728814,
      "Especificidad": 0.0,
      "Error": 0.8514588859416445,
      "TP_Rate": 0.9491525423728814,
      "FP_Rate": 1.0,
      "ROC_AUC": 0.691184308709093,
      "confusion_matrix": [
        [
          0,
          318
        ],
        [
          3,
          56
        ]
      ]
    },
    "naive_bayes_gaussian": {
      "F1_Score": 0.2626728110599078,
      "Exactitud": 0.15119363395225463,
      "Precision": 0.152,
      "Recall": 0.9661016949152542,
      "Sensibilidad": 0.9661016949152542,
      "Especificidad": 0.0,
      "Error": 0.8488063660477454,
      "TP_Rate": 0.9661016949152542,
      "FP_Rate": 1.0,
      "ROC_AUC": 0.7884553885513271,
      "confusion_matrix": [
        [
          0,
          318
        ],
        [
          2,
          57
        ]
      ]
    },
    "decision_tree": {
      "F1_Score": 0.5755395683453237,
      "Exactitud": 0.843501326259947,
      "Precision": 0.5,
      "Recall": 0.6779661016949152,
      "Sensibilidad": 0.6779661016949152,
      "Especificidad": 0.8742138364779874,
      "Error": 0.15649867374005305,
      "TP_Rate": 0.6779661016949152,
      "FP_Rate": 0.12578616352201258,
      "ROC_AUC": 0.7760899690864514,
      "confusion_matrix": [
        [
          278,
          40
        ],
        [
          19,
          40
        ]
      ]
    }
  },
  "timestamp": "2025-11-28T13:28:54.816376"
}