{
  "dataset": "activemq-5.0.0",
  "balancing_method": "hcbou",
  "scaler_type": "robust",
  "models": {
    "svm": {
      "F1_Score": 0.484472049689441,
      "F2_Score": 0.5769230769230769,
      "Exactitud": 0.7798408488063661,
      "Accuracy": 0.7798408488063661,
      "Balanced_Accuracy": 0.7314518708026863,
      "BER": 0.26854812919731375,
      "MCC": 0.378585367416912,
      "Precision": 0.38235294117647056,
      "Recall": 0.6610169491525424,
      "Sensibilidad": 0.6610169491525424,
      "Especificidad": 0.8018867924528302,
      "Error": 0.22015915119363394,
      "TP_Rate": 0.6610169491525424,
      "FP_Rate": 0.19811320754716982,
      "ROC_AUC": 0.8584106172049889,
      "confusion_matrix": [
        [
          255,
          63
        ],
        [
          20,
          39
        ]
      ]
    },
    "naive_bayes_gaussian": {
      "F1_Score": 0.2638888888888889,
      "F2_Score": 0.46798029556650245,
      "Exactitud": 0.15649867374005305,
      "Accuracy": 0.15649867374005305,
      "Balanced_Accuracy": 0.4861955015456774,
      "BER": 0.5138044984543226,
      "MCC": -0.09790520528365267,
      "Precision": 0.15281501340482573,
      "Recall": 0.9661016949152542,
      "Sensibilidad": 0.9661016949152542,
      "Especificidad": 0.006289308176100629,
      "Error": 0.843501326259947,
      "TP_Rate": 0.9661016949152542,
      "FP_Rate": 0.9937106918238994,
      "ROC_AUC": 0.7990619336957681,
      "confusion_matrix": [
        [
          2,
          316
        ],
        [
          2,
          57
        ]
      ]
    },
    "decision_tree": {
      "F1_Score": 0.5714285714285714,
      "F2_Score": 0.6481481481481481,
      "Exactitud": 0.8328912466843501,
      "Accuracy": 0.8328912466843501,
      "Balanced_Accuracy": 0.7836051593646733,
      "BER": 0.21639484063532666,
      "MCC": 0.4871844649521945,
      "Precision": 0.4772727272727273,
      "Recall": 0.711864406779661,
      "Sensibilidad": 0.711864406779661,
      "Especificidad": 0.8553459119496856,
      "Error": 0.16710875331564987,
      "TP_Rate": 0.711864406779661,
      "FP_Rate": 0.14465408805031446,
      "ROC_AUC": 0.7836051593646732,
      "confusion_matrix": [
        [
          272,
          46
        ],
        [
          17,
          42
        ]
      ]
    }
  },
  "timestamp": "2025-12-11T09:11:20.238452"
}