{
  "TP": 42,
  "TN": 272,
  "FP": 46,
  "FN": 17,
  "P": 59,
  "N": 318,
  "Total": 377,
  "Error": 0.16710875331564987,
  "Exactitud": 0.8328912466843501,
  "TP_Rate": 0.711864406779661,
  "FP_Rate": 0.14465408805031446,
  "Precision": 0.4772727272727273,
  "Recall": 0.711864406779661,
  "Sensibilidad": 0.711864406779661,
  "Especificidad": 0.8553459119496856,
  "F1_Score": 0.5714285714285714,
  "Accuracy_sklearn": 0.8328912466843501,
  "F2_Score": 0.6481481481481481,
  "Balanced_Accuracy": 0.7836051593646733,
  "BER": 0.21639484063532666,
  "MCC": 0.4871844649521945,
  "Accuracy": 0.8328912466843501,
  "ROC_AUC": 0.7836051593646732,
  "PR_AUC": 0.6171149861243375,
  "classification_report": {
    "No-Buggy": {
      "precision": 0.9411764705882353,
      "recall": 0.8553459119496856,
      "f1-score": 0.8962108731466227,
      "support": 318.0
    },
    "Buggy": {
      "precision": 0.4772727272727273,
      "recall": 0.711864406779661,
      "f1-score": 0.5714285714285714,
      "support": 59.0
    },
    "accuracy": 0.8328912466843501,
    "macro avg": {
      "precision": 0.7092245989304813,
      "recall": 0.7836051593646733,
      "f1-score": 0.7338197222875971,
      "support": 377.0
    },
    "weighted avg": {
      "precision": 0.8685761500163124,
      "recall": 0.8328912466843501,
      "f1-score": 0.845382873673506,
      "support": 377.0
    }
  },
  "confusion_matrix": [
    [
      272,
      46
    ],
    [
      17,
      42
    ]
  ],
  "training_time_seconds": 0.016607,
  "best_hyperparameters": {
    "criterion": "entropy",
    "max_depth": 20,
    "min_samples_leaf": 1,
    "min_samples_split": 2
  },
  "timestamp": "2025-12-11T09:11:20.023928"
}