{
  "TP": 40,
  "TN": 278,
  "FP": 40,
  "FN": 19,
  "P": 59,
  "N": 318,
  "Total": 377,
  "Error": 0.15649867374005305,
  "Exactitud": 0.843501326259947,
  "TP_Rate": 0.6779661016949152,
  "FP_Rate": 0.12578616352201258,
  "Precision": 0.5,
  "Recall": 0.6779661016949152,
  "Sensibilidad": 0.6779661016949152,
  "Especificidad": 0.8742138364779874,
  "F1_Score": 0.5755395683453237,
  "Accuracy_sklearn": 0.843501326259947,
  "ROC_AUC": 0.7748374373734144,
  "PR_AUC": 0.44049188882702894,
  "classification_report": {
    "No-Buggy": {
      "precision": 0.936026936026936,
      "recall": 0.8742138364779874,
      "f1-score": 0.9040650406504065,
      "support": 318.0
    },
    "Buggy": {
      "precision": 0.5,
      "recall": 0.6779661016949152,
      "f1-score": 0.5755395683453237,
      "support": 59.0
    },
    "accuracy": 0.843501326259947,
    "macro avg": {
      "precision": 0.718013468013468,
      "recall": 0.7760899690864513,
      "f1-score": 0.7398023044978651,
      "support": 377.0
    },
    "weighted avg": {
      "precision": 0.8677892988237815,
      "recall": 0.843501326259947,
      "f1-score": 0.8526512399448365,
      "support": 377.0
    }
  },
  "confusion_matrix": [
    [
      278,
      40
    ],
    [
      19,
      40
    ]
  ],
  "training_time_seconds": 0.018251,
  "best_hyperparameters": {
    "criterion": "gini",
    "max_depth": 10,
    "min_samples_leaf": 1,
    "min_samples_split": 2
  },
  "timestamp": "2025-11-27T19:30:23.550806"
}