{
  "TP": 56,
  "TN": 0,
  "FP": 318,
  "FN": 3,
  "P": 59,
  "N": 318,
  "Total": 377,
  "Error": 0.8514588859416445,
  "Exactitud": 0.14854111405835543,
  "TP_Rate": 0.9491525423728814,
  "FP_Rate": 1.0,
  "Precision": 0.1497326203208556,
  "Recall": 0.9491525423728814,
  "Sensibilidad": 0.9491525423728814,
  "Especificidad": 0.0,
  "F1_Score": 0.2586605080831409,
  "Accuracy_sklearn": 0.14854111405835543,
  "ROC_AUC": 0.691184308709093,
  "PR_AUC": 0.35146627111858386,
  "classification_report": {
    "No-Buggy": {
      "precision": 0.0,
      "recall": 0.0,
      "f1-score": 0.0,
      "support": 318.0
    },
    "Buggy": {
      "precision": 0.1497326203208556,
      "recall": 0.9491525423728814,
      "f1-score": 0.2586605080831409,
      "support": 59.0
    },
    "accuracy": 0.14854111405835543,
    "macro avg": {
      "precision": 0.0748663101604278,
      "recall": 0.4745762711864407,
      "f1-score": 0.12933025404157045,
      "support": 377.0
    },
    "weighted avg": {
      "precision": 0.02343295649583682,
      "recall": 0.14854111405835543,
      "f1-score": 0.040480026463939826,
      "support": 377.0
    }
  },
  "confusion_matrix": [
    [
      0,
      318
    ],
    [
      3,
      56
    ]
  ],
  "training_time_seconds": 0.041297,
  "best_hyperparameters": {
    "C": 100,
    "gamma": 0.001,
    "kernel": "linear"
  },
  "timestamp": "2025-11-28T13:28:54.007531"
}