{
  "TP": 39,
  "TN": 255,
  "FP": 63,
  "FN": 20,
  "P": 59,
  "N": 318,
  "Total": 377,
  "Error": 0.22015915119363394,
  "Exactitud": 0.7798408488063661,
  "TP_Rate": 0.6610169491525424,
  "FP_Rate": 0.19811320754716982,
  "Precision": 0.38235294117647056,
  "Recall": 0.6610169491525424,
  "Sensibilidad": 0.6610169491525424,
  "Especificidad": 0.8018867924528302,
  "F1_Score": 0.484472049689441,
  "Accuracy_sklearn": 0.7798408488063661,
  "F2_Score": 0.5769230769230769,
  "Balanced_Accuracy": 0.7314518708026863,
  "BER": 0.26854812919731375,
  "MCC": 0.378585367416912,
  "Accuracy": 0.7798408488063661,
  "ROC_AUC": 0.8584106172049889,
  "PR_AUC": 0.5177584666311866,
  "classification_report": {
    "No-Buggy": {
      "precision": 0.9272727272727272,
      "recall": 0.8018867924528302,
      "f1-score": 0.8600337268128162,
      "support": 318.0
    },
    "Buggy": {
      "precision": 0.38235294117647056,
      "recall": 0.6610169491525424,
      "f1-score": 0.484472049689441,
      "support": 59.0
    },
    "accuracy": 0.7798408488063661,
    "macro avg": {
      "precision": 0.6548128342245989,
      "recall": 0.7314518708026863,
      "f1-score": 0.6722528882511286,
      "support": 377.0
    },
    "weighted avg": {
      "precision": 0.8419935034539497,
      "recall": 0.7798408488063661,
      "f1-score": 0.8012588224354179,
      "support": 377.0
    }
  },
  "confusion_matrix": [
    [
      255,
      63
    ],
    [
      20,
      39
    ]
  ],
  "training_time_seconds": 0.037188,
  "best_hyperparameters": {
    "C": 10,
    "gamma": 0.1,
    "kernel": "rbf"
  },
  "timestamp": "2025-12-11T09:11:19.549074"
}