{
  "TP": 10,
  "TN": 93,
  "FP": 58,
  "FN": 4,
  "P": 14,
  "N": 151,
  "Total": 165,
  "Error": 0.37575757575757573,
  "Exactitud": 0.6242424242424243,
  "TP_Rate": 0.7142857142857143,
  "FP_Rate": 0.3841059602649007,
  "Precision": 0.14705882352941177,
  "Recall": 0.7142857142857143,
  "Sensibilidad": 0.7142857142857143,
  "Especificidad": 0.6158940397350994,
  "F1_Score": 0.24390243902439024,
  "Accuracy_sklearn": 0.6242424242424243,
  "best_hyperparameters": {
    "var_smoothing": 1e-09
  },
  "cv_best_score": 0.9131628787878789,
  "timestamp": "2025-12-12T02:16:07.121855",
  "confusion_matrix": [
    [
      93,
      58
    ],
    [
      4,
      10
    ]
  ]
}