{
  "best_params": {
    "C": 0.01,
    "gamma": 0.1,
    "kernel": "rbf"
  },
  "best_cv_score": 0.9503546099290779,
  "test_metrics": {
    "accuracy": 0.3867924528301887,
    "precision": 0.24404761904761904,
    "recall": 0.9318181818181818,
    "f1_score": 0.3867924528301887
  },
  "timestamp": "2025-11-28T13:32:04.742547"
}