{
  "best_params": {
    "C": 10,
    "gamma": 0.1,
    "kernel": "rbf"
  },
  "best_cv_score": 0.9503875968992247,
  "test_metrics": {
    "accuracy": 0.6886792452830188,
    "precision": 0.3804347826086957,
    "recall": 0.7954545454545454,
    "f1_score": 0.5147058823529411
  },
  "timestamp": "2025-12-12T02:18:02.389925",
  "cv_folds": 10,
  "n_combinations_tested": 72,
  "total_fits": 720,
  "time_seconds": 13.389,
  "dataset_info": {
    "n_samples": 846,
    "n_features": 65
  }
}