{
  "best_params": {
    "C": 10,
    "gamma": 0.1,
    "kernel": "rbf"
  },
  "best_cv_score": 0.9070998207850185,
  "test_metrics": {
    "accuracy": 0.6886792452830188,
    "precision": 0.3804347826086957,
    "recall": 0.7954545454545454,
    "f1_score": 0.5147058823529411,
    "f2_score": 0.6529850746268657
  },
  "timestamp": "2025-12-11T09:15:42.533535",
  "confusion_matrix": [
    [
      111,
      57
    ],
    [
      9,
      35
    ]
  ],
  "labels": [
    0,
    1
  ]
}