{
  "best_params": {
    "C": 10,
    "gamma": "auto",
    "kernel": "rbf"
  },
  "best_cv_score": 0.8465928021373567,
  "test_metrics": {
    "accuracy": 0.7358490566037735,
    "precision": 0.4090909090909091,
    "recall": 0.6136363636363636,
    "f1_score": 0.4909090909090909
  },
  "timestamp": "2025-11-27T19:58:24.066887"
}