{
  "TP": 9,
  "TN": 122,
  "FP": 8,
  "FN": 8,
  "P": 17,
  "N": 130,
  "Total": 147,
  "Error": 0.10884353741496598,
  "Exactitud": 0.891156462585034,
  "TP_Rate": 0.5294117647058824,
  "FP_Rate": 0.06153846153846154,
  "Precision": 0.5294117647058824,
  "Recall": 0.5294117647058824,
  "Sensibilidad": 0.5294117647058824,
  "Especificidad": 0.9384615384615385,
  "F1_Score": 0.5294117647058824,
  "Accuracy_sklearn": 0.891156462585034,
  "best_hyperparameters": {
    "C": 10,
    "gamma": "scale",
    "kernel": "rbf"
  },
  "cv_best_score": 0.9656321839080461,
  "timestamp": "2025-12-12T02:21:58.800768",
  "confusion_matrix": [
    [
      122,
      8
    ],
    [
      8,
      9
    ]
  ]
}