{
  "best_params": {
    "criterion": "gini",
    "max_depth": 20,
    "min_samples_leaf": 1,
    "min_samples_split": 2
  },
  "best_cv_score": 0.8428219503907577,
  "test_metrics": {
    "accuracy": 0.7282809611829945,
    "precision": 0.28125,
    "recall": 0.5844155844155844,
    "f1_score": 0.379746835443038
  },
  "timestamp": "2025-12-12T02:11:42.686181",
  "cv_folds": 10,
  "n_combinations_tested": 160,
  "total_fits": 1600,
  "time_seconds": 6.480186,
  "dataset_info": {
    "n_samples": 2164,
    "n_features": 65
  }
}