{
  "best_params": {
    "criterion": "gini",
    "max_depth": 5,
    "min_samples_leaf": 1,
    "min_samples_split": 10
  },
  "best_cv_score": 0.8290294449574228,
  "test_metrics": {
    "accuracy": 0.7042513863216266,
    "precision": 0.2935323383084577,
    "recall": 0.7662337662337663,
    "f1_score": 0.4244604316546763
  },
  "timestamp": "2025-11-28T13:29:37.463630"
}