{
  "best_params": {
    "var_smoothing": 1e-09
  },
  "best_cv_score": 0.46297995242949364,
  "test_metrics": {
    "accuracy": 0.844731977818854,
    "precision": 0.45454545454545453,
    "recall": 0.45454545454545453,
    "f1_score": 0.45454545454545453
  },
  "timestamp": "2025-12-12T02:11:38.987958",
  "cv_folds": 10,
  "n_combinations_tested": 6,
  "total_fits": 60,
  "time_seconds": 2.782437,
  "dataset_info": {
    "n_samples": 2164,
    "n_features": 65
  }
}