{
  "best_params": {
    "var_smoothing": 1e-09
  },
  "best_cv_score": 0.501008002462296,
  "test_metrics": {
    "accuracy": 0.844731977818854,
    "precision": 0.45454545454545453,
    "recall": 0.45454545454545453,
    "f1_score": 0.45454545454545453
  },
  "timestamp": "2025-11-28T13:29:35.526176"
}