{
  "best_params": {
    "var_smoothing": 1e-08
  },
  "best_cv_score": 0.6127142307465684,
  "test_metrics": {
    "accuracy": 0.844731977818854,
    "precision": 0.45454545454545453,
    "recall": 0.45454545454545453,
    "f1_score": 0.45454545454545453
  },
  "timestamp": "2025-11-27T19:56:23.154275"
}