{
  "best_params": {
    "var_smoothing": 1e-09
  },
  "best_cv_score": 0.5074256740264894,
  "test_metrics": {
    "accuracy": 0.844731977818854,
    "precision": 0.45454545454545453,
    "recall": 0.45454545454545453,
    "f1_score": 0.45454545454545453,
    "f2_score": 0.45454545454545453
  },
  "timestamp": "2025-12-11T09:12:23.874553",
  "confusion_matrix": [
    [
      422,
      42
    ],
    [
      42,
      35
    ]
  ],
  "labels": [
    0,
    1
  ]
}