{
  "best_params": {
    "C": 100,
    "gamma": 0.1,
    "kernel": "rbf"
  },
  "best_cv_score": 0.9087965039107745,
  "test_metrics": {
    "accuracy": 0.7597042513863216,
    "precision": 0.3221476510067114,
    "recall": 0.6233766233766234,
    "f1_score": 0.4247787610619469,
    "f2_score": 0.5251641137855579
  },
  "timestamp": "2025-12-11T09:12:31.900702",
  "confusion_matrix": [
    [
      363,
      101
    ],
    [
      29,
      48
    ]
  ],
  "labels": [
    0,
    1
  ]
}