{
  "best_params": {
    "C": 10,
    "gamma": 0.1,
    "kernel": "rbf"
  },
  "best_cv_score": 0.8338161944409315,
  "test_metrics": {
    "accuracy": 0.7763401109057301,
    "precision": 0.3472222222222222,
    "recall": 0.6493506493506493,
    "f1_score": 0.45248868778280543
  },
  "timestamp": "2025-11-27T19:56:25.307738"
}