{
  "best_params": {
    "C": 1,
    "gamma": 1,
    "kernel": "rbf"
  },
  "best_cv_score": 0.9473145583256386,
  "test_metrics": {
    "accuracy": 0.5452865064695009,
    "precision": 0.23003194888178913,
    "recall": 0.935064935064935,
    "f1_score": 0.36923076923076925
  },
  "timestamp": "2025-11-28T13:29:37.809738"
}