{
  "best_params": {
    "C": 10,
    "gamma": 1,
    "kernel": "rbf"
  },
  "best_cv_score": 0.9584182806659871,
  "test_metrics": {
    "accuracy": 0.5619223659889094,
    "precision": 0.23684210526315788,
    "recall": 0.935064935064935,
    "f1_score": 0.3779527559055118
  },
  "timestamp": "2025-12-12T02:12:25.231411",
  "cv_folds": 10,
  "n_combinations_tested": 72,
  "total_fits": 720,
  "time_seconds": 49.027308,
  "dataset_info": {
    "n_samples": 2164,
    "n_features": 65
  }
}