{
  "dataset": "wicket-1.3.0-beta2",
  "balancing_method": "hcbou",
  "scaler_type": "robust",
  "models": {
    "svm": {
      "F1_Score": 0.23728813559322035,
      "Exactitud": 0.6175637393767706,
      "Precision": 0.1390728476821192,
      "Recall": 0.8076923076923077,
      "Sensibilidad": 0.8076923076923077,
      "Especificidad": 0.6024464831804281,
      "Error": 0.38243626062322944,
      "TP_Rate": 0.8076923076923077,
      "FP_Rate": 0.39755351681957185,
      "ROC_AUC": 0.7638202775817454,
      "confusion_matrix": [
        [
          197,
          130
        ],
        [
          5,
          21
        ]
      ]
    },
    "naive_bayes_gaussian": {
      "F1_Score": 0.2962962962962963,
      "Exactitud": 0.8923512747875354,
      "Precision": 0.2857142857142857,
      "Recall": 0.3076923076923077,
      "Sensibilidad": 0.3076923076923077,
      "Especificidad": 0.9388379204892966,
      "Error": 0.10764872521246459,
      "TP_Rate": 0.3076923076923077,
      "FP_Rate": 0.06116207951070336,
      "ROC_AUC": 0.7321806633733238,
      "confusion_matrix": [
        [
          307,
          20
        ],
        [
          18,
          8
        ]
      ]
    },
    "decision_tree": {
      "F1_Score": 0.234375,
      "Exactitud": 0.7223796033994334,
      "Precision": 0.14705882352941177,
      "Recall": 0.5769230769230769,
      "Sensibilidad": 0.5769230769230769,
      "Especificidad": 0.7339449541284404,
      "Error": 0.2776203966005666,
      "TP_Rate": 0.5769230769230769,
      "FP_Rate": 0.26605504587155965,
      "ROC_AUC": 0.7904610679840038,
      "confusion_matrix": [
        [
          240,
          87
        ],
        [
          11,
          15
        ]
      ]
    }
  },
  "timestamp": "2025-11-28T13:35:21.440729"
}