{
  "dataset": "wicket-1.3.0-beta2",
  "balancing_method": "hcbou",
  "scaler_type": "robust",
  "models": {
    "svm": {
      "F1_Score": 0.39215686274509803,
      "Exactitud": 0.9121813031161473,
      "Precision": 0.4,
      "Recall": 0.38461538461538464,
      "Sensibilidad": 0.38461538461538464,
      "Especificidad": 0.9541284403669725,
      "Error": 0.08781869688385269,
      "TP_Rate": 0.38461538461538464,
      "FP_Rate": 0.045871559633027525,
      "ROC_AUC": 0.7633498000470479,
      "confusion_matrix": [
        [
          312,
          15
        ],
        [
          16,
          10
        ]
      ]
    },
    "naive_bayes_gaussian": {
      "F1_Score": 0.3389830508474576,
      "Exactitud": 0.8895184135977338,
      "Precision": 0.30303030303030304,
      "Recall": 0.38461538461538464,
      "Sensibilidad": 0.38461538461538464,
      "Especificidad": 0.9296636085626911,
      "Error": 0.11048158640226628,
      "TP_Rate": 0.38461538461538464,
      "FP_Rate": 0.07033639143730887,
      "ROC_AUC": 0.7785227005410493,
      "confusion_matrix": [
        [
          304,
          23
        ],
        [
          16,
          10
        ]
      ]
    },
    "decision_tree": {
      "F1_Score": 0.234375,
      "Exactitud": 0.7223796033994334,
      "Precision": 0.14705882352941177,
      "Recall": 0.5769230769230769,
      "Sensibilidad": 0.5769230769230769,
      "Especificidad": 0.7339449541284404,
      "Error": 0.2776203966005666,
      "TP_Rate": 0.5769230769230769,
      "FP_Rate": 0.26605504587155965,
      "ROC_AUC": 0.7904610679840038,
      "confusion_matrix": [
        [
          240,
          87
        ],
        [
          11,
          15
        ]
      ]
    }
  },
  "timestamp": "2025-11-27T20:00:51.740667"
}