{
  "TP": 8,
  "TN": 307,
  "FP": 20,
  "FN": 18,
  "P": 26,
  "N": 327,
  "Total": 353,
  "Error": 0.10764872521246459,
  "Exactitud": 0.8923512747875354,
  "TP_Rate": 0.3076923076923077,
  "FP_Rate": 0.06116207951070336,
  "Precision": 0.2857142857142857,
  "Recall": 0.3076923076923077,
  "Sensibilidad": 0.3076923076923077,
  "Especificidad": 0.9388379204892966,
  "F1_Score": 0.2962962962962963,
  "Accuracy_sklearn": 0.8923512747875354,
  "F2_Score": 0.30303030303030304,
  "Balanced_Accuracy": 0.6232651140908021,
  "BER": 0.3767348859091979,
  "MCC": 0.2382923124722393,
  "Accuracy": 0.8923512747875354,
  "ROC_AUC": 0.738767348859092,
  "PR_AUC": 0.27753904801814044,
  "classification_report": {
    "No-Buggy": {
      "precision": 0.9446153846153846,
      "recall": 0.9388379204892966,
      "f1-score": 0.941717791411043,
      "support": 327.0
    },
    "Buggy": {
      "precision": 0.2857142857142857,
      "recall": 0.3076923076923077,
      "f1-score": 0.2962962962962963,
      "support": 26.0
    },
    "accuracy": 0.8923512747875354,
    "macro avg": {
      "precision": 0.6151648351648351,
      "recall": 0.6232651140908021,
      "f1-score": 0.6190070438536697,
      "support": 353.0
    },
    "weighted avg": {
      "precision": 0.8960844254895247,
      "recall": 0.8923512747875354,
      "f1-score": 0.8941796642921098,
      "support": 353.0
    }
  },
  "confusion_matrix": [
    [
      307,
      20
    ],
    [
      18,
      8
    ]
  ],
  "training_time_seconds": 0.023401,
  "best_hyperparameters": {
    "C": 100,
    "gamma": "auto",
    "kernel": "rbf"
  },
  "timestamp": "2025-12-11T09:19:52.749431"
}