{
  "TP": 10,
  "TN": 312,
  "FP": 15,
  "FN": 16,
  "P": 26,
  "N": 327,
  "Total": 353,
  "Error": 0.08781869688385269,
  "Exactitud": 0.9121813031161473,
  "TP_Rate": 0.38461538461538464,
  "FP_Rate": 0.045871559633027525,
  "Precision": 0.4,
  "Recall": 0.38461538461538464,
  "Sensibilidad": 0.38461538461538464,
  "Especificidad": 0.9541284403669725,
  "F1_Score": 0.39215686274509803,
  "Accuracy_sklearn": 0.9121813031161473,
  "ROC_AUC": 0.7633498000470479,
  "PR_AUC": 0.3109058963273723,
  "classification_report": {
    "No-Buggy": {
      "precision": 0.9512195121951219,
      "recall": 0.9541284403669725,
      "f1-score": 0.9526717557251908,
      "support": 327.0
    },
    "Buggy": {
      "precision": 0.4,
      "recall": 0.38461538461538464,
      "f1-score": 0.39215686274509803,
      "support": 26.0
    },
    "accuracy": 0.9121813031161473,
    "macro avg": {
      "precision": 0.6756097560975609,
      "recall": 0.6693719124911786,
      "f1-score": 0.6724143092351444,
      "support": 353.0
    },
    "weighted avg": {
      "precision": 0.9106197747529883,
      "recall": 0.9121813031161473,
      "f1-score": 0.9113873726728327,
      "support": 353.0
    }
  },
  "confusion_matrix": [
    [
      312,
      15
    ],
    [
      16,
      10
    ]
  ],
  "training_time_seconds": 0.130667,
  "best_hyperparameters": {
    "C": 1000,
    "gamma": "auto",
    "kernel": "rbf"
  },
  "timestamp": "2025-11-27T20:00:50.941175"
}