{
  "TP": 21,
  "TN": 197,
  "FP": 130,
  "FN": 5,
  "P": 26,
  "N": 327,
  "Total": 353,
  "Error": 0.38243626062322944,
  "Exactitud": 0.6175637393767706,
  "TP_Rate": 0.8076923076923077,
  "FP_Rate": 0.39755351681957185,
  "Precision": 0.1390728476821192,
  "Recall": 0.8076923076923077,
  "Sensibilidad": 0.8076923076923077,
  "Especificidad": 0.6024464831804281,
  "F1_Score": 0.23728813559322035,
  "Accuracy_sklearn": 0.6175637393767706,
  "ROC_AUC": 0.7638202775817454,
  "PR_AUC": 0.23880108390822982,
  "classification_report": {
    "No-Buggy": {
      "precision": 0.9752475247524752,
      "recall": 0.6024464831804281,
      "f1-score": 0.7448015122873346,
      "support": 327.0
    },
    "Buggy": {
      "precision": 0.1390728476821192,
      "recall": 0.8076923076923077,
      "f1-score": 0.23728813559322035,
      "support": 26.0
    },
    "accuracy": 0.6175637393767706,
    "macro avg": {
      "precision": 0.5571601862172972,
      "recall": 0.7050693954363679,
      "f1-score": 0.4910448239402775,
      "support": 353.0
    },
    "weighted avg": {
      "precision": 0.9136595881977182,
      "recall": 0.6175637393767706,
      "f1-score": 0.7074209236356435,
      "support": 353.0
    }
  },
  "confusion_matrix": [
    [
      197,
      130
    ],
    [
      5,
      21
    ]
  ],
  "training_time_seconds": 0.026543,
  "best_hyperparameters": {
    "C": 0.1,
    "gamma": 0.1,
    "kernel": "rbf"
  },
  "timestamp": "2025-11-28T13:35:20.624951"
}