{
  "best_params": {
    "criterion": "gini",
    "max_depth": 10,
    "min_samples_leaf": 1,
    "min_samples_split": 2
  },
  "best_cv_score": 0.9510416666666668,
  "test_metrics": {
    "accuracy": 0.8606060606060606,
    "precision": 0.30434782608695654,
    "recall": 0.5,
    "f1_score": 0.3783783783783784
  },
  "timestamp": "2025-12-12T02:34:09.584455",
  "cv_folds": 10,
  "n_combinations_tested": 160,
  "total_fits": 1600,
  "time_seconds": 3.444201,
  "dataset_info": {
    "n_samples": 656,
    "n_features": 20
  }
}