{
  "best_params": {
    "C": 100,
    "gamma": 1,
    "kernel": "rbf"
  },
  "best_cv_score": 0.990814393939394,
  "test_metrics": {
    "accuracy": 0.7333333333333333,
    "precision": 0.1590909090909091,
    "recall": 0.5,
    "f1_score": 0.2413793103448276
  },
  "timestamp": "2025-12-12T02:34:13.679226",
  "cv_folds": 10,
  "n_combinations_tested": 72,
  "total_fits": 720,
  "time_seconds": 7.539768,
  "dataset_info": {
    "n_samples": 656,
    "n_features": 20
  }
}