{
  "best_params": {
    "criterion": "entropy",
    "max_depth": 5,
    "min_samples_leaf": 1,
    "min_samples_split": 2
  },
  "best_cv_score": 0.9333120787739002,
  "test_metrics": {
    "accuracy": 0.8545454545454545,
    "precision": 0.32142857142857145,
    "recall": 0.6428571428571429,
    "f1_score": 0.42857142857142855,
    "f2_score": 0.5357142857142857
  },
  "timestamp": "2025-12-11T09:13:43.847462",
  "confusion_matrix": [
    [
      132,
      19
    ],
    [
      5,
      9
    ]
  ],
  "labels": [
    0,
    1
  ]
}