{
  "best_params": {
    "criterion": "gini",
    "max_depth": 20,
    "min_samples_leaf": 1,
    "min_samples_split": 2
  },
  "best_cv_score": 0.9042560300425077,
  "test_metrics": {
    "accuracy": 0.8363636363636363,
    "precision": 0.24,
    "recall": 0.42857142857142855,
    "f1_score": 0.3076923076923077
  },
  "timestamp": "2025-11-27T19:57:05.412956"
}