{
  "best_params": {
    "var_smoothing": 1e-07
  },
  "best_cv_score": 0.5299157331779879,
  "test_metrics": {
    "accuracy": 0.8727272727272727,
    "precision": 0.26666666666666666,
    "recall": 0.2857142857142857,
    "f1_score": 0.27586206896551724
  },
  "timestamp": "2025-11-27T19:31:28.477041"
}