{
  "best_params": {
    "C": 1000,
    "gamma": "scale",
    "kernel": "rbf"
  },
  "best_cv_score": 0.9757575757575758,
  "test_metrics": {
    "accuracy": 0.8666666666666667,
    "precision": 0.25,
    "recall": 0.2857142857142857,
    "f1_score": 0.26666666666666666
  },
  "timestamp": "2025-12-12T02:15:12.238562",
  "cv_folds": 10,
  "n_combinations_tested": 72,
  "total_fits": 720,
  "time_seconds": 8.916392,
  "dataset_info": {
    "n_samples": 656,
    "n_features": 65
  }
}