{
  "best_params": {
    "C": 10,
    "gamma": 0.1,
    "kernel": "rbf"
  },
  "best_cv_score": 0.9489301095115049,
  "test_metrics": {
    "accuracy": 0.9212121212121213,
    "precision": 0.6666666666666666,
    "recall": 0.14285714285714285,
    "f1_score": 0.23529411764705882
  },
  "timestamp": "2025-11-27T19:57:05.222742"
}