{
  "best_params": {
    "C": 1000,
    "gamma": "auto",
    "kernel": "rbf"
  },
  "best_cv_score": 0.9817347789824854,
  "test_metrics": {
    "accuracy": 0.8666666666666667,
    "precision": 0.25,
    "recall": 0.2857142857142857,
    "f1_score": 0.26666666666666666
  },
  "timestamp": "2025-11-28T13:30:30.167177"
}