{
  "TP": 57,
  "TN": 0,
  "FP": 318,
  "FN": 2,
  "P": 59,
  "N": 318,
  "Total": 377,
  "Error": 0.8488063660477454,
  "Exactitud": 0.15119363395225463,
  "TP_Rate": 0.9661016949152542,
  "FP_Rate": 1.0,
  "Precision": 0.152,
  "Recall": 0.9661016949152542,
  "Sensibilidad": 0.9661016949152542,
  "Especificidad": 0.0,
  "F1_Score": 0.2626728110599078,
  "Accuracy_sklearn": 0.15119363395225463,
  "best_hyperparameters": {
    "var_smoothing": 1e-05
  },
  "cv_best_score": 0.9920350877192983,
  "timestamp": "2025-12-12T02:28:29.500546",
  "confusion_matrix": [
    [
      0,
      318
    ],
    [
      2,
      57
    ]
  ]
}