{
  "dataset": "groovy-1_6_BETA_1",
  "balancing_method": "unbalanced",
  "scaler_type": "standard",
  "models": {
    "svm": {
      "F1_Score": 0.38461538461538464,
      "F2_Score": 0.36764705882352944,
      "Exactitud": 0.9030303030303031,
      "Accuracy": 0.9030303030303031,
      "Balanced_Accuracy": 0.6553926206244087,
      "BER": 0.34460737937559127,
      "MCC": 0.33348518069173383,
      "Precision": 0.4166666666666667,
      "Recall": 0.35714285714285715,
      "Sensibilidad": 0.35714285714285715,
      "Especificidad": 0.9536423841059603,
      "Error": 0.09696969696969697,
      "TP_Rate": 0.35714285714285715,
      "FP_Rate": 0.046357615894039736,
      "ROC_AUC": 0.7218543046357615,
      "confusion_matrix": [
        [
          144,
          7
        ],
        [
          9,
          5
        ]
      ]
    },
    "naive_bayes_gaussian": {
      "F1_Score": 0.27586206896551724,
      "F2_Score": 0.28169014084507044,
      "Exactitud": 0.8727272727272727,
      "Accuracy": 0.8727272727272727,
      "Balanced_Accuracy": 0.6064333017975402,
      "BER": 0.3935666982024598,
      "MCC": 0.20633303351382223,
      "Precision": 0.26666666666666666,
      "Recall": 0.2857142857142857,
      "Sensibilidad": 0.2857142857142857,
      "Especificidad": 0.9271523178807947,
      "Error": 0.12727272727272726,
      "TP_Rate": 0.2857142857142857,
      "FP_Rate": 0.0728476821192053,
      "ROC_AUC": 0.6908703878902555,
      "confusion_matrix": [
        [
          140,
          11
        ],
        [
          10,
          4
        ]
      ]
    },
    "decision_tree": {
      "F1_Score": 0.2962962962962963,
      "F2_Score": 0.2898550724637681,
      "Exactitud": 0.8848484848484849,
      "Accuracy": 0.8848484848484849,
      "Balanced_Accuracy": 0.6130558183538316,
      "BER": 0.3869441816461684,
      "MCC": 0.2338739953945137,
      "Precision": 0.3076923076923077,
      "Recall": 0.2857142857142857,
      "Sensibilidad": 0.2857142857142857,
      "Especificidad": 0.9403973509933775,
      "Error": 0.11515151515151516,
      "TP_Rate": 0.2857142857142857,
      "FP_Rate": 0.059602649006622516,
      "ROC_AUC": 0.6854304635761589,
      "confusion_matrix": [
        [
          142,
          9
        ],
        [
          10,
          4
        ]
      ]
    }
  },
  "timestamp": "2025-12-11T09:14:24.871167"
}