{
  "dataset": "groovy-1_6_BETA_1",
  "balancing_method": "unbalanced",
  "scaler_type": "standard",
  "models": {
    "svm": {
      "F1_Score": 0.10714285714285714,
      "Exactitud": 0.3939393939393939,
      "Precision": 0.061224489795918366,
      "Recall": 0.42857142857142855,
      "Sensibilidad": 0.42857142857142855,
      "Especificidad": 0.39072847682119205,
      "Error": 0.6060606060606061,
      "TP_Rate": 0.42857142857142855,
      "FP_Rate": 0.609271523178808,
      "ROC_AUC": 0.4361400189214759,
      "confusion_matrix": [
        [
          59,
          92
        ],
        [
          8,
          6
        ]
      ]
    },
    "naive_bayes_gaussian": {
      "F1_Score": 0.27586206896551724,
      "Exactitud": 0.8727272727272727,
      "Precision": 0.26666666666666666,
      "Recall": 0.2857142857142857,
      "Sensibilidad": 0.2857142857142857,
      "Especificidad": 0.9271523178807947,
      "Error": 0.12727272727272726,
      "TP_Rate": 0.2857142857142857,
      "FP_Rate": 0.0728476821192053,
      "ROC_AUC": 0.6908703878902555,
      "confusion_matrix": [
        [
          140,
          11
        ],
        [
          10,
          4
        ]
      ]
    },
    "decision_tree": {
      "F1_Score": 0.2962962962962963,
      "Exactitud": 0.8848484848484849,
      "Precision": 0.3076923076923077,
      "Recall": 0.2857142857142857,
      "Sensibilidad": 0.2857142857142857,
      "Especificidad": 0.9403973509933775,
      "Error": 0.11515151515151516,
      "TP_Rate": 0.2857142857142857,
      "FP_Rate": 0.059602649006622516,
      "ROC_AUC": 0.6130558183538315,
      "confusion_matrix": [
        [
          142,
          9
        ],
        [
          10,
          4
        ]
      ]
    }
  },
  "timestamp": "2025-11-28T13:31:05.139971"
}