{
  "TP": 6,
  "TN": 59,
  "FP": 92,
  "FN": 8,
  "P": 14,
  "N": 151,
  "Total": 165,
  "Error": 0.6060606060606061,
  "Exactitud": 0.3939393939393939,
  "TP_Rate": 0.42857142857142855,
  "FP_Rate": 0.609271523178808,
  "Precision": 0.061224489795918366,
  "Recall": 0.42857142857142855,
  "Sensibilidad": 0.42857142857142855,
  "Especificidad": 0.39072847682119205,
  "F1_Score": 0.10714285714285714,
  "Accuracy_sklearn": 0.3939393939393939,
  "ROC_AUC": 0.4361400189214759,
  "PR_AUC": 0.09251391983807791,
  "classification_report": {
    "No-Buggy": {
      "precision": 0.8805970149253731,
      "recall": 0.39072847682119205,
      "f1-score": 0.5412844036697247,
      "support": 151.0
    },
    "Buggy": {
      "precision": 0.061224489795918366,
      "recall": 0.42857142857142855,
      "f1-score": 0.10714285714285714,
      "support": 14.0
    },
    "accuracy": 0.3939393939393939,
    "macro avg": {
      "precision": 0.4709107523606457,
      "recall": 0.4096499526963103,
      "f1-score": 0.3242136304062909,
      "support": 165.0
    },
    "weighted avg": {
      "precision": 0.8110744976416618,
      "recall": 0.3939393939393939,
      "f1-score": 0.504448151237142,
      "support": 165.0
    }
  },
  "confusion_matrix": [
    [
      59,
      92
    ],
    [
      8,
      6
    ]
  ],
  "training_time_seconds": 0.014017,
  "best_hyperparameters": {
    "C": 100,
    "gamma": 0.001,
    "kernel": "linear"
  },
  "timestamp": "2025-11-28T13:31:04.319021"
}