{
  "TP": 5,
  "TN": 144,
  "FP": 7,
  "FN": 9,
  "P": 14,
  "N": 151,
  "Total": 165,
  "Error": 0.09696969696969697,
  "Exactitud": 0.9030303030303031,
  "TP_Rate": 0.35714285714285715,
  "FP_Rate": 0.046357615894039736,
  "Precision": 0.4166666666666667,
  "Recall": 0.35714285714285715,
  "Sensibilidad": 0.35714285714285715,
  "Especificidad": 0.9536423841059603,
  "F1_Score": 0.38461538461538464,
  "Accuracy_sklearn": 0.9030303030303031,
  "F2_Score": 0.36764705882352944,
  "Balanced_Accuracy": 0.6553926206244087,
  "BER": 0.34460737937559127,
  "MCC": 0.33348518069173383,
  "Accuracy": 0.9030303030303031,
  "ROC_AUC": 0.7218543046357615,
  "PR_AUC": 0.27498471836839267,
  "classification_report": {
    "No-Buggy": {
      "precision": 0.9411764705882353,
      "recall": 0.9536423841059603,
      "f1-score": 0.9473684210526315,
      "support": 151.0
    },
    "Buggy": {
      "precision": 0.4166666666666667,
      "recall": 0.35714285714285715,
      "f1-score": 0.38461538461538464,
      "support": 14.0
    },
    "accuracy": 0.9030303030303031,
    "macro avg": {
      "precision": 0.678921568627451,
      "recall": 0.6553926206244087,
      "f1-score": 0.6659919028340081,
      "support": 165.0
    },
    "weighted avg": {
      "precision": 0.8966726084373144,
      "recall": 0.9030303030303031,
      "f1-score": 0.899619678567047,
      "support": 165.0
    }
  },
  "confusion_matrix": [
    [
      144,
      7
    ],
    [
      9,
      5
    ]
  ],
  "training_time_seconds": 0.006214,
  "best_hyperparameters": {
    "C": 1000,
    "gamma": 0.001,
    "kernel": "rbf"
  },
  "timestamp": "2025-12-11T09:14:24.174657"
}