{
  "best_params": {
    "var_smoothing": 1e-09
  },
  "best_cv_score": 0.3620430107526882,
  "test_metrics": {
    "accuracy": 0.8502772643253235,
    "precision": 0.4642857142857143,
    "recall": 0.33766233766233766,
    "f1_score": 0.39097744360902253
  },
  "timestamp": "2025-12-12T02:28:35.004054",
  "cv_folds": 10,
  "n_combinations_tested": 6,
  "total_fits": 60,
  "time_seconds": 2.494798,
  "dataset_info": {
    "n_samples": 2164,
    "n_features": 20
  }
}