{
  "best_params": {
    "C": 100,
    "gamma": 0.001,
    "kernel": "linear"
  },
  "best_cv_score": 0.6106451612903226,
  "test_metrics": {
    "accuracy": 0.41035120147874304,
    "precision": 0.13109756097560976,
    "recall": 0.5584415584415584,
    "f1_score": 0.2123456790123457
  },
  "timestamp": "2025-12-12T02:28:56.614893",
  "cv_folds": 10,
  "n_combinations_tested": 72,
  "total_fits": 720,
  "time_seconds": 24.106565,
  "dataset_info": {
    "n_samples": 2164,
    "n_features": 20
  }
}