{
  "TP": 4,
  "TN": 146,
  "FP": 5,
  "FN": 10,
  "P": 14,
  "N": 151,
  "Total": 165,
  "Error": 0.09090909090909091,
  "Exactitud": 0.9090909090909091,
  "TP_Rate": 0.2857142857142857,
  "FP_Rate": 0.033112582781456956,
  "Precision": 0.4444444444444444,
  "Recall": 0.2857142857142857,
  "Sensibilidad": 0.2857142857142857,
  "Especificidad": 0.9668874172185431,
  "F1_Score": 0.34782608695652173,
  "Accuracy_sklearn": 0.9090909090909091,
  "best_hyperparameters": {
    "C": 100,
    "gamma": "scale",
    "kernel": "rbf"
  },
  "cv_best_score": 0.9696969696969697,
  "timestamp": "2025-12-12T02:16:07.155957",
  "confusion_matrix": [
    [
      146,
      5
    ],
    [
      10,
      4
    ]
  ]
}