{
  "best_params": {
    "criterion": "gini",
    "max_depth": 20,
    "min_samples_leaf": 1,
    "min_samples_split": 5
  },
  "best_cv_score": 0.30840336134453783,
  "test_metrics": {
    "accuracy": 0.8838526912181303,
    "precision": 0.2,
    "recall": 0.19230769230769232,
    "f1_score": 0.19607843137254902
  },
  "timestamp": "2025-11-28T13:34:24.732184"
}