{
  "best_params": {
    "criterion": "entropy",
    "max_depth": 20,
    "min_samples_leaf": 2,
    "min_samples_split": 10
  },
  "best_cv_score": 0.3853182846458489,
  "test_metrics": {
    "accuracy": 0.8980169971671388,
    "precision": 0.2222222222222222,
    "recall": 0.15384615384615385,
    "f1_score": 0.18181818181818182,
    "f2_score": 0.16393442622950818
  },
  "timestamp": "2025-12-11T09:18:33.408570",
  "confusion_matrix": [
    [
      313,
      14
    ],
    [
      22,
      4
    ]
  ],
  "labels": [
    0,
    1
  ]
}