{
  "best_params": {
    "C": 10,
    "gamma": 0.001,
    "kernel": "linear"
  },
  "best_cv_score": 0.2795518207282913,
  "test_metrics": {
    "accuracy": 0.8130311614730878,
    "precision": 0.06521739130434782,
    "recall": 0.11538461538461539,
    "f1_score": 0.08333333333333333
  },
  "timestamp": "2025-11-28T13:34:24.678385"
}