{
  "best_params": {
    "C": 10,
    "gamma": 0.001,
    "kernel": "linear"
  },
  "best_cv_score": 0.2762951232986742,
  "test_metrics": {
    "accuracy": 0.8130311614730878,
    "precision": 0.06521739130434782,
    "recall": 0.11538461538461539,
    "f1_score": 0.08333333333333333,
    "f2_score": 0.1
  },
  "timestamp": "2025-12-11T09:18:33.241682",
  "confusion_matrix": [
    [
      284,
      43
    ],
    [
      23,
      3
    ]
  ],
  "labels": [
    0,
    1
  ]
}