{
  "best_params": {
    "C": 10,
    "gamma": 0.001,
    "kernel": "linear"
  },
  "best_cv_score": 0.30636363636363634,
  "test_metrics": {
    "accuracy": 0.8130311614730878,
    "precision": 0.06521739130434782,
    "recall": 0.11538461538461539,
    "f1_score": 0.08333333333333333
  },
  "timestamp": "2025-12-12T02:22:17.220440",
  "cv_folds": 10,
  "n_combinations_tested": 72,
  "total_fits": 720,
  "time_seconds": 16.226111,
  "dataset_info": {
    "n_samples": 1410,
    "n_features": 65
  }
}