{
  "best_params": {
    "criterion": "entropy",
    "max_depth": 10,
    "min_samples_leaf": 8,
    "min_samples_split": 20
  },
  "best_cv_score": 0.8327560869592121,
  "test_metrics": {
    "accuracy": 0.75,
    "precision": 0.42857142857142855,
    "recall": 0.7368421052631579,
    "f1_score": 0.5419354838709678
  },
  "timestamp": "2025-11-27T19:33:31.485100"
}