{
  "best_params": {
    "criterion": "entropy",
    "max_depth": 20,
    "min_samples_leaf": 1,
    "min_samples_split": 2
  },
  "best_cv_score": 0.866225620994362,
  "test_metrics": {
    "accuracy": 0.8063380281690141,
    "precision": 0.5125,
    "recall": 0.7192982456140351,
    "f1_score": 0.5985401459854015,
    "f2_score": 0.6655844155844156
  },
  "timestamp": "2025-12-11T09:17:06.756122",
  "confusion_matrix": [
    [
      188,
      39
    ],
    [
      16,
      41
    ]
  ],
  "labels": [
    0,
    1
  ]
}