{
  "best_params": {
    "criterion": "entropy",
    "max_depth": 10,
    "min_samples_leaf": 1,
    "min_samples_split": 5
  },
  "best_cv_score": 0.8499474651956923,
  "test_metrics": {
    "accuracy": 0.8169014084507042,
    "precision": 0.5324675324675324,
    "recall": 0.7192982456140351,
    "f1_score": 0.6119402985074627
  },
  "timestamp": "2025-11-28T13:33:09.738922"
}