{
  "best_params": {
    "var_smoothing": 1e-09
  },
  "best_cv_score": 0.22425795499243914,
  "test_metrics": {
    "accuracy": 0.8063380281690141,
    "precision": 0.5833333333333334,
    "recall": 0.12280701754385964,
    "f1_score": 0.2028985507246377,
    "f2_score": 0.14583333333333334
  },
  "timestamp": "2025-12-11T09:17:03.658693",
  "confusion_matrix": [
    [
      222,
      5
    ],
    [
      50,
      7
    ]
  ],
  "labels": [
    0,
    1
  ]
}