{
  "best_params": {
    "C": 10,
    "gamma": 0.1,
    "kernel": "rbf"
  },
  "best_cv_score": 0.9610588972431078,
  "test_metrics": {
    "accuracy": 0.75,
    "precision": 0.4339622641509434,
    "recall": 0.8070175438596491,
    "f1_score": 0.5644171779141104
  },
  "timestamp": "2025-12-12T02:20:43.754141",
  "cv_folds": 10,
  "n_combinations_tested": 72,
  "total_fits": 720,
  "time_seconds": 19.488148,
  "dataset_info": {
    "n_samples": 1132,
    "n_features": 65
  }
}