{
  "best_params": {
    "C": 10,
    "gamma": 0.1,
    "kernel": "rbf"
  },
  "best_cv_score": 0.9181652408859652,
  "test_metrics": {
    "accuracy": 0.75,
    "precision": 0.4339622641509434,
    "recall": 0.8070175438596491,
    "f1_score": 0.5644171779141104,
    "f2_score": 0.688622754491018
  },
  "timestamp": "2025-12-11T09:17:06.951703",
  "confusion_matrix": [
    [
      167,
      60
    ],
    [
      11,
      46
    ]
  ],
  "labels": [
    0,
    1
  ]
}