{
  "best_params": {
    "C": 100,
    "gamma": 0.1,
    "kernel": "rbf"
  },
  "best_cv_score": 0.9523434275207324,
  "test_metrics": {
    "accuracy": 0.7464788732394366,
    "precision": 0.42990654205607476,
    "recall": 0.8070175438596491,
    "f1_score": 0.5609756097560976
  },
  "timestamp": "2025-11-28T13:33:09.758930"
}