{
  "TP": 13,
  "TN": 285,
  "FP": 42,
  "FN": 13,
  "P": 26,
  "N": 327,
  "Total": 353,
  "Error": 0.1558073654390935,
  "Exactitud": 0.8441926345609065,
  "TP_Rate": 0.5,
  "FP_Rate": 0.12844036697247707,
  "Precision": 0.23636363636363636,
  "Recall": 0.5,
  "Sensibilidad": 0.5,
  "Especificidad": 0.8715596330275229,
  "F1_Score": 0.32098765432098764,
  "Accuracy_sklearn": 0.8441926345609065,
  "best_hyperparameters": {
    "C": 100,
    "gamma": 1,
    "kernel": "rbf"
  },
  "cv_best_score": 0.9858350100603621,
  "timestamp": "2025-12-12T02:41:27.988532",
  "confusion_matrix": [
    [
      285,
      42
    ],
    [
      13,
      13
    ]
  ]
}