{
  "TP": 12,
  "TN": 224,
  "FP": 3,
  "FN": 45,
  "P": 57,
  "N": 227,
  "Total": 284,
  "Error": 0.16901408450704225,
  "Exactitud": 0.8309859154929577,
  "TP_Rate": 0.21052631578947367,
  "FP_Rate": 0.013215859030837005,
  "Precision": 0.8,
  "Recall": 0.21052631578947367,
  "Sensibilidad": 0.21052631578947367,
  "Especificidad": 0.986784140969163,
  "F1_Score": 0.3333333333333333,
  "Accuracy_sklearn": 0.8309859154929577,
  "best_hyperparameters": {
    "var_smoothing": 1e-05
  },
  "cv_best_score": 0.2897243107769424,
  "timestamp": "2025-12-12T02:37:50.445832",
  "confusion_matrix": [
    [
      224,
      3
    ],
    [
      45,
      12
    ]
  ]
}