{
  "best_params": {
    "criterion": "entropy",
    "max_depth": 5,
    "min_samples_leaf": 1,
    "min_samples_split": 5
  },
  "best_cv_score": 0.8652482269503546,
  "test_metrics": {
    "accuracy": 0.8113207547169812,
    "precision": 0.5333333333333333,
    "recall": 0.7272727272727273,
    "f1_score": 0.6153846153846154
  },
  "timestamp": "2025-11-28T13:31:44.699838"
}