{
  "best_params": {
    "criterion": "gini",
    "max_depth": 10,
    "min_samples_leaf": 1,
    "min_samples_split": 2
  },
  "best_cv_score": 0.857173030763129,
  "test_metrics": {
    "accuracy": 0.75,
    "precision": 0.423728813559322,
    "recall": 0.5681818181818182,
    "f1_score": 0.4854368932038835,
    "f2_score": 0.5319148936170213
  },
  "timestamp": "2025-12-11T09:15:14.985720",
  "confusion_matrix": [
    [
      134,
      34
    ],
    [
      19,
      25
    ]
  ],
  "labels": [
    0,
    1
  ]
}