{
  "best_params": {
    "criterion": "entropy",
    "max_depth": 10,
    "min_samples_leaf": 1,
    "min_samples_split": 2
  },
  "best_cv_score": 0.872314507198228,
  "test_metrics": {
    "accuracy": 0.7830188679245284,
    "precision": 0.48148148148148145,
    "recall": 0.5909090909090909,
    "f1_score": 0.5306122448979592
  },
  "timestamp": "2025-12-12T02:17:10.570173",
  "cv_folds": 10,
  "n_combinations_tested": 160,
  "total_fits": 1600,
  "time_seconds": 4.334975,
  "dataset_info": {
    "n_samples": 846,
    "n_features": 65
  }
}