{
  "best_params": {
    "var_smoothing": 0.0001
  },
  "best_cv_score": 0.7116411971868674,
  "test_metrics": {
    "accuracy": 0.7641509433962265,
    "precision": 0.45714285714285713,
    "recall": 0.7272727272727273,
    "f1_score": 0.5614035087719298,
    "f2_score": 0.6504065040650406
  },
  "timestamp": "2025-12-11T09:15:12.382668",
  "confusion_matrix": [
    [
      130,
      38
    ],
    [
      12,
      32
    ]
  ],
  "labels": [
    0,
    1
  ]
}