{
  "best_params": {
    "var_smoothing": 0.0001
  },
  "best_cv_score": 0.6748958161061908,
  "test_metrics": {
    "accuracy": 0.7641509433962265,
    "precision": 0.45714285714285713,
    "recall": 0.7272727272727273,
    "f1_score": 0.5614035087719298
  },
  "timestamp": "2025-11-27T19:32:25.349637"
}