{
  "best_params": {
    "C": 1000,
    "gamma": "auto",
    "kernel": "rbf"
  },
  "best_cv_score": 0.8479130724604946,
  "test_metrics": {
    "accuracy": 0.8301886792452831,
    "precision": 0.5869565217391305,
    "recall": 0.6136363636363636,
    "f1_score": 0.6
  },
  "timestamp": "2025-11-27T19:32:26.010899"
}