{
  "best_params": {
    "C": 1000,
    "gamma": "auto",
    "kernel": "rbf"
  },
  "best_cv_score": 0.8776508059986539,
  "test_metrics": {
    "accuracy": 0.8301886792452831,
    "precision": 0.5869565217391305,
    "recall": 0.6136363636363636,
    "f1_score": 0.6,
    "f2_score": 0.6081081081081081
  },
  "timestamp": "2025-12-11T09:15:14.525263",
  "confusion_matrix": [
    [
      149,
      19
    ],
    [
      17,
      27
    ]
  ],
  "labels": [
    0,
    1
  ]
}