{
  "best_params": {
    "C": 0.1,
    "gamma": 0.1,
    "kernel": "rbf"
  },
  "best_cv_score": 0.903156146179402,
  "test_metrics": {
    "accuracy": 0.5754716981132075,
    "precision": 0.30833333333333335,
    "recall": 0.8409090909090909,
    "f1_score": 0.45121951219512196
  },
  "timestamp": "2025-12-12T02:17:18.486008",
  "cv_folds": 10,
  "n_combinations_tested": 72,
  "total_fits": 720,
  "time_seconds": 12.251957,
  "dataset_info": {
    "n_samples": 846,
    "n_features": 65
  }
}