{
  "best_params": {
    "C": 0.01,
    "gamma": 0.1,
    "kernel": "rbf"
  },
  "best_cv_score": 0.9078014184397163,
  "test_metrics": {
    "accuracy": 0.4669811320754717,
    "precision": 0.25874125874125875,
    "recall": 0.8409090909090909,
    "f1_score": 0.39572192513368987
  },
  "timestamp": "2025-11-28T13:31:44.545413"
}