{
  "dataset": "derby-10.5.1.1",
  "balancing_method": "smote",
  "scaler_type": "standard",
  "models": {
    "svm": {
      "F1_Score": 0.3184713375796178,
      "Exactitud": 0.8022181146025879,
      "Precision": 0.3125,
      "Recall": 0.3246753246753247,
      "Sensibilidad": 0.3246753246753247,
      "Especificidad": 0.8814655172413793,
      "Error": 0.1977818853974122,
      "TP_Rate": 0.3246753246753247,
      "FP_Rate": 0.11853448275862069,
      "ROC_AUC": 0.7586766681594267,
      "confusion_matrix": [
        [
          409,
          55
        ],
        [
          52,
          25
        ]
      ]
    },
    "naive_bayes_gaussian": {
      "F1_Score": 0.44155844155844154,
      "Exactitud": 0.8410351201478743,
      "Precision": 0.44155844155844154,
      "Recall": 0.44155844155844154,
      "Sensibilidad": 0.44155844155844154,
      "Especificidad": 0.9073275862068966,
      "Error": 0.1589648798521257,
      "TP_Rate": 0.44155844155844154,
      "FP_Rate": 0.09267241379310345,
      "ROC_AUC": 0.7896327810120912,
      "confusion_matrix": [
        [
          421,
          43
        ],
        [
          43,
          34
        ]
      ]
    },
    "decision_tree": {
      "F1_Score": 0.36936936936936937,
      "Exactitud": 0.7412199630314233,
      "Precision": 0.2827586206896552,
      "Recall": 0.5324675324675324,
      "Sensibilidad": 0.5324675324675324,
      "Especificidad": 0.7758620689655172,
      "Error": 0.2587800369685767,
      "TP_Rate": 0.5324675324675324,
      "FP_Rate": 0.22413793103448276,
      "ROC_AUC": 0.6541648007165248,
      "confusion_matrix": [
        [
          360,
          104
        ],
        [
          36,
          41
        ]
      ]
    }
  },
  "timestamp": "2025-11-28T13:30:10.333540"
}