{
  "dataset": "derby-10.5.1.1",
  "balancing_method": "smote",
  "scaler_type": "standard",
  "models": {
    "svm": {
      "F1_Score": 0.43386243386243384,
      "Exactitud": 0.8022181146025879,
      "Precision": 0.36607142857142855,
      "Recall": 0.5324675324675324,
      "Sensibilidad": 0.5324675324675324,
      "Especificidad": 0.8469827586206896,
      "Error": 0.1977818853974122,
      "TP_Rate": 0.5324675324675324,
      "FP_Rate": 0.15301724137931033,
      "ROC_AUC": 0.7756381549484997,
      "confusion_matrix": [
        [
          393,
          71
        ],
        [
          36,
          41
        ]
      ]
    },
    "naive_bayes_gaussian": {
      "F1_Score": 0.44155844155844154,
      "Exactitud": 0.8410351201478743,
      "Precision": 0.44155844155844154,
      "Recall": 0.44155844155844154,
      "Sensibilidad": 0.44155844155844154,
      "Especificidad": 0.9073275862068966,
      "Error": 0.1589648798521257,
      "TP_Rate": 0.44155844155844154,
      "FP_Rate": 0.09267241379310345,
      "ROC_AUC": 0.7896327810120912,
      "confusion_matrix": [
        [
          421,
          43
        ],
        [
          43,
          34
        ]
      ]
    },
    "decision_tree": {
      "F1_Score": 0.39285714285714285,
      "Exactitud": 0.7486136783733827,
      "Precision": 0.29931972789115646,
      "Recall": 0.5714285714285714,
      "Sensibilidad": 0.5714285714285714,
      "Especificidad": 0.7780172413793104,
      "Error": 0.2513863216266174,
      "TP_Rate": 0.5714285714285714,
      "FP_Rate": 0.22198275862068967,
      "ROC_AUC": 0.6121949171518137,
      "confusion_matrix": [
        [
          361,
          103
        ],
        [
          33,
          44
        ]
      ]
    }
  },
  "timestamp": "2025-11-27T19:56:57.769602"
}