{
  "dataset": "derby-10.5.1.1",
  "balancing_method": "smote",
  "scaler_type": "standard",
  "models": {
    "svm": {
      "F1_Score": 0.43386243386243384,
      "F2_Score": 0.4880952380952381,
      "Exactitud": 0.8022181146025879,
      "Accuracy": 0.8022181146025879,
      "Balanced_Accuracy": 0.689725145544111,
      "BER": 0.310274854455889,
      "MCC": 0.327206246366979,
      "Precision": 0.36607142857142855,
      "Recall": 0.5324675324675324,
      "Sensibilidad": 0.5324675324675324,
      "Especificidad": 0.8469827586206896,
      "Error": 0.1977818853974122,
      "TP_Rate": 0.5324675324675324,
      "FP_Rate": 0.15301724137931033,
      "ROC_AUC": 0.7755821764442454,
      "confusion_matrix": [
        [
          393,
          71
        ],
        [
          36,
          41
        ]
      ]
    },
    "naive_bayes_gaussian": {
      "F1_Score": 0.44155844155844154,
      "F2_Score": 0.44155844155844154,
      "Exactitud": 0.8410351201478743,
      "Accuracy": 0.8410351201478743,
      "Balanced_Accuracy": 0.674443013882669,
      "BER": 0.32555698611733097,
      "MCC": 0.3488860277653381,
      "Precision": 0.44155844155844154,
      "Recall": 0.44155844155844154,
      "Sensibilidad": 0.44155844155844154,
      "Especificidad": 0.9073275862068966,
      "Error": 0.1589648798521257,
      "TP_Rate": 0.44155844155844154,
      "FP_Rate": 0.09267241379310345,
      "ROC_AUC": 0.7896327810120912,
      "confusion_matrix": [
        [
          421,
          43
        ],
        [
          43,
          34
        ]
      ]
    },
    "decision_tree": {
      "F1_Score": 0.45544554455445546,
      "F2_Score": 0.5311778290993071,
      "Exactitud": 0.7966728280961183,
      "Accuracy": 0.7966728280961183,
      "Balanced_Accuracy": 0.7135719883564711,
      "BER": 0.28642801164352893,
      "MCC": 0.3540600836835523,
      "Precision": 0.368,
      "Recall": 0.5974025974025974,
      "Sensibilidad": 0.5974025974025974,
      "Especificidad": 0.8297413793103449,
      "Error": 0.2033271719038817,
      "TP_Rate": 0.5974025974025974,
      "FP_Rate": 0.17025862068965517,
      "ROC_AUC": 0.7103112404836542,
      "confusion_matrix": [
        [
          385,
          79
        ],
        [
          31,
          46
        ]
      ]
    }
  },
  "timestamp": "2025-12-11T09:13:19.616062"
}