{
  "TP": 41,
  "TN": 360,
  "FP": 104,
  "FN": 36,
  "P": 77,
  "N": 464,
  "Total": 541,
  "Error": 0.2587800369685767,
  "Exactitud": 0.7412199630314233,
  "TP_Rate": 0.5324675324675324,
  "FP_Rate": 0.22413793103448276,
  "Precision": 0.2827586206896552,
  "Recall": 0.5324675324675324,
  "Sensibilidad": 0.5324675324675324,
  "Especificidad": 0.7758620689655172,
  "F1_Score": 0.36936936936936937,
  "Accuracy_sklearn": 0.7412199630314233,
  "ROC_AUC": 0.6541648007165248,
  "PR_AUC": 0.4408847956174108,
  "classification_report": {
    "No-Buggy": {
      "precision": 0.9090909090909091,
      "recall": 0.7758620689655172,
      "f1-score": 0.8372093023255814,
      "support": 464.0
    },
    "Buggy": {
      "precision": 0.2827586206896552,
      "recall": 0.5324675324675324,
      "f1-score": 0.36936936936936937,
      "support": 77.0
    },
    "accuracy": 0.7412199630314233,
    "macro avg": {
      "precision": 0.5959247648902821,
      "recall": 0.6541648007165248,
      "f1-score": 0.6032893358474753,
      "support": 541.0
    },
    "weighted avg": {
      "precision": 0.8199456480800097,
      "recall": 0.7412199630314233,
      "f1-score": 0.7706221029953997,
      "support": 541.0
    }
  },
  "confusion_matrix": [
    [
      360,
      104
    ],
    [
      36,
      41
    ]
  ],
  "training_time_seconds": 0.033356,
  "best_hyperparameters": {
    "criterion": "gini",
    "max_depth": null,
    "min_samples_leaf": 1,
    "min_samples_split": 2
  },
  "timestamp": "2025-11-28T13:30:10.074347"
}