{
  "TP": 34,
  "TN": 421,
  "FP": 43,
  "FN": 43,
  "P": 77,
  "N": 464,
  "Total": 541,
  "Error": 0.1589648798521257,
  "Exactitud": 0.8410351201478743,
  "TP_Rate": 0.44155844155844154,
  "FP_Rate": 0.09267241379310345,
  "Precision": 0.44155844155844154,
  "Recall": 0.44155844155844154,
  "Sensibilidad": 0.44155844155844154,
  "Especificidad": 0.9073275862068966,
  "F1_Score": 0.44155844155844154,
  "Accuracy_sklearn": 0.8410351201478743,
  "ROC_AUC": 0.7896327810120912,
  "PR_AUC": 0.5030877079856175,
  "classification_report": {
    "No-Buggy": {
      "precision": 0.9073275862068966,
      "recall": 0.9073275862068966,
      "f1-score": 0.9073275862068966,
      "support": 464.0
    },
    "Buggy": {
      "precision": 0.44155844155844154,
      "recall": 0.44155844155844154,
      "f1-score": 0.44155844155844154,
      "support": 77.0
    },
    "accuracy": 0.8410351201478743,
    "macro avg": {
      "precision": 0.674443013882669,
      "recall": 0.674443013882669,
      "f1-score": 0.674443013882669,
      "support": 541.0
    },
    "weighted avg": {
      "precision": 0.8410351201478743,
      "recall": 0.8410351201478743,
      "f1-score": 0.8410351201478743,
      "support": 541.0
    }
  },
  "confusion_matrix": [
    [
      421,
      43
    ],
    [
      43,
      34
    ]
  ],
  "training_time_seconds": 0.001002,
  "best_hyperparameters": {
    "var_smoothing": 1e-09
  },
  "timestamp": "2025-11-27T19:31:21.234086"
}