{
  "TP": 41,
  "TN": 393,
  "FP": 71,
  "FN": 36,
  "P": 77,
  "N": 464,
  "Total": 541,
  "Error": 0.1977818853974122,
  "Exactitud": 0.8022181146025879,
  "TP_Rate": 0.5324675324675324,
  "FP_Rate": 0.15301724137931033,
  "Precision": 0.36607142857142855,
  "Recall": 0.5324675324675324,
  "Sensibilidad": 0.5324675324675324,
  "Especificidad": 0.8469827586206896,
  "F1_Score": 0.43386243386243384,
  "Accuracy_sklearn": 0.8022181146025879,
  "ROC_AUC": 0.7756381549484997,
  "PR_AUC": 0.31006397552183024,
  "classification_report": {
    "No-Buggy": {
      "precision": 0.916083916083916,
      "recall": 0.8469827586206896,
      "f1-score": 0.8801791713325868,
      "support": 464.0
    },
    "Buggy": {
      "precision": 0.36607142857142855,
      "recall": 0.5324675324675324,
      "f1-score": 0.43386243386243384,
      "support": 77.0
    },
    "accuracy": 0.8022181146025879,
    "macro avg": {
      "precision": 0.6410776723276723,
      "recall": 0.689725145544111,
      "f1-score": 0.6570208025975104,
      "support": 541.0
    },
    "weighted avg": {
      "precision": 0.8378011775655029,
      "recall": 0.8022181146025879,
      "f1-score": 0.8166553473303654,
      "support": 541.0
    }
  },
  "confusion_matrix": [
    [
      393,
      71
    ],
    [
      36,
      41
    ]
  ],
  "training_time_seconds": 0.413293,
  "best_hyperparameters": {
    "C": 10,
    "gamma": 0.1,
    "kernel": "rbf"
  },
  "timestamp": "2025-11-27T19:56:56.876759"
}