{
  "TP": 25,
  "TN": 409,
  "FP": 55,
  "FN": 52,
  "P": 77,
  "N": 464,
  "Total": 541,
  "Error": 0.1977818853974122,
  "Exactitud": 0.8022181146025879,
  "TP_Rate": 0.3246753246753247,
  "FP_Rate": 0.11853448275862069,
  "Precision": 0.3125,
  "Recall": 0.3246753246753247,
  "Sensibilidad": 0.3246753246753247,
  "Especificidad": 0.8814655172413793,
  "F1_Score": 0.3184713375796178,
  "Accuracy_sklearn": 0.8022181146025879,
  "ROC_AUC": 0.7586766681594267,
  "PR_AUC": 0.29054597111951913,
  "classification_report": {
    "No-Buggy": {
      "precision": 0.8872017353579176,
      "recall": 0.8814655172413793,
      "f1-score": 0.8843243243243243,
      "support": 464.0
    },
    "Buggy": {
      "precision": 0.3125,
      "recall": 0.3246753246753247,
      "f1-score": 0.3184713375796178,
      "support": 77.0
    },
    "accuracy": 0.8022181146025879,
    "macro avg": {
      "precision": 0.5998508676789588,
      "recall": 0.603070420958352,
      "f1-score": 0.6013978309519711,
      "support": 541.0
    },
    "weighted avg": {
      "precision": 0.8054050003809127,
      "recall": 0.8022181146025879,
      "f1-score": 0.8037870230686083,
      "support": 541.0
    }
  },
  "confusion_matrix": [
    [
      409,
      55
    ],
    [
      52,
      25
    ]
  ],
  "training_time_seconds": 0.094816,
  "best_hyperparameters": {
    "C": 1000,
    "gamma": 0.1,
    "kernel": "rbf"
  },
  "timestamp": "2025-11-28T13:30:09.475992"
}