{
  "best_params": {
    "criterion": "gini",
    "max_depth": 5,
    "min_samples_leaf": 1,
    "min_samples_split": 2
  },
  "best_cv_score": 0.8745847176079735,
  "test_metrics": {
    "accuracy": 0.7735849056603774,
    "precision": 0.47058823529411764,
    "recall": 0.7272727272727273,
    "f1_score": 0.5714285714285714
  },
  "timestamp": "2025-12-12T02:35:37.810178",
  "cv_folds": 10,
  "n_combinations_tested": 160,
  "total_fits": 1600,
  "time_seconds": 3.67672,
  "dataset_info": {
    "n_samples": 846,
    "n_features": 20
  }
}