{
  "best_params": {
    "C": 0.1,
    "gamma": 1,
    "kernel": "rbf"
  },
  "best_cv_score": 0.9431893687707641,
  "test_metrics": {
    "accuracy": 0.4386792452830189,
    "precision": 0.2641509433962264,
    "recall": 0.9545454545454546,
    "f1_score": 0.41379310344827586
  },
  "timestamp": "2025-12-12T02:35:44.238239",
  "cv_folds": 10,
  "n_combinations_tested": 72,
  "total_fits": 720,
  "time_seconds": 10.105553,
  "dataset_info": {
    "n_samples": 846,
    "n_features": 20
  }
}