{
  "best_params": {
    "var_smoothing": 1e-09
  },
  "best_cv_score": 0.22073934837092732,
  "test_metrics": {
    "accuracy": 0.8204225352112676,
    "precision": 0.7142857142857143,
    "recall": 0.17543859649122806,
    "f1_score": 0.28169014084507044
  },
  "timestamp": "2025-12-12T02:36:48.776185",
  "cv_folds": 10,
  "n_combinations_tested": 6,
  "total_fits": 60,
  "time_seconds": 2.652499,
  "dataset_info": {
    "n_samples": 1132,
    "n_features": 20
  }
}