{
  "best_params": {
    "C": 10,
    "gamma": 1,
    "kernel": "rbf"
  },
  "best_cv_score": 0.8515977443609023,
  "test_metrics": {
    "accuracy": 0.7746478873239436,
    "precision": 0.45454545454545453,
    "recall": 0.6140350877192983,
    "f1_score": 0.5223880597014925
  },
  "timestamp": "2025-12-12T02:36:59.954273",
  "cv_folds": 10,
  "n_combinations_tested": 72,
  "total_fits": 720,
  "time_seconds": 13.831216,
  "dataset_info": {
    "n_samples": 1132,
    "n_features": 20
  }
}