{
  "TP": 7,
  "TN": 224,
  "FP": 3,
  "FN": 50,
  "P": 57,
  "N": 227,
  "Total": 284,
  "Error": 0.18661971830985916,
  "Exactitud": 0.8133802816901409,
  "TP_Rate": 0.12280701754385964,
  "FP_Rate": 0.013215859030837005,
  "Precision": 0.7,
  "Recall": 0.12280701754385964,
  "Sensibilidad": 0.12280701754385964,
  "Especificidad": 0.986784140969163,
  "F1_Score": 0.208955223880597,
  "Accuracy_sklearn": 0.8133802816901409,
  "best_hyperparameters": {
    "var_smoothing": 1e-09
  },
  "cv_best_score": 0.14545454545454545,
  "timestamp": "2025-12-12T02:20:44.413076",
  "confusion_matrix": [
    [
      224,
      3
    ],
    [
      50,
      7
    ]
  ]
}