{
  "dataset": "groovy-1_6_BETA_1",
  "balancing_method": "unbalanced",
  "scaler_type": "robust",
  "models": {
    "svm": {
      "F1_Score": 0.2857142857142857,
      "Exactitud": 0.9090909090909091,
      "Precision": 0.42857142857142855,
      "Recall": 0.21428571428571427,
      "Sensibilidad": 0.21428571428571427,
      "Especificidad": 0.9735099337748344,
      "Error": 0.09090909090909091,
      "TP_Rate": 0.21428571428571427,
      "FP_Rate": 0.026490066225165563,
      "ROC_AUC": 0.804162724692526,
      "confusion_matrix": [
        [
          147,
          4
        ],
        [
          11,
          3
        ]
      ]
    },
    "naive_bayes_gaussian": {
      "F1_Score": 0.14606741573033707,
      "Exactitud": 0.07878787878787878,
      "Precision": 0.07926829268292683,
      "Recall": 0.9285714285714286,
      "Sensibilidad": 0.9285714285714286,
      "Especificidad": 0.0,
      "Error": 0.9212121212121213,
      "TP_Rate": 0.9285714285714286,
      "FP_Rate": 1.0,
      "ROC_AUC": 0.4148533585619678,
      "confusion_matrix": [
        [
          0,
          151
        ],
        [
          1,
          13
        ]
      ]
    },
    "decision_tree": {
      "F1_Score": 0.2962962962962963,
      "Exactitud": 0.8848484848484849,
      "Precision": 0.3076923076923077,
      "Recall": 0.2857142857142857,
      "Sensibilidad": 0.2857142857142857,
      "Especificidad": 0.9403973509933775,
      "Error": 0.11515151515151516,
      "TP_Rate": 0.2857142857142857,
      "FP_Rate": 0.059602649006622516,
      "ROC_AUC": 0.6130558183538315,
      "confusion_matrix": [
        [
          142,
          9
        ],
        [
          10,
          4
        ]
      ]
    }
  },
  "timestamp": "2025-11-28T13:31:06.010392"
}