{
  "dataset": "groovy-1_6_BETA_1",
  "balancing_method": "unbalanced",
  "scaler_type": "robust",
  "models": {
    "svm": {
      "F1_Score": 0.15384615384615385,
      "F2_Score": 0.14705882352941177,
      "Exactitud": 0.8666666666666667,
      "Accuracy": 0.8666666666666667,
      "Balanced_Accuracy": 0.5383159886471145,
      "BER": 0.4616840113528855,
      "MCC": 0.08222922263631793,
      "Precision": 0.16666666666666666,
      "Recall": 0.14285714285714285,
      "Sensibilidad": 0.14285714285714285,
      "Especificidad": 0.9337748344370861,
      "Error": 0.13333333333333333,
      "TP_Rate": 0.14285714285714285,
      "FP_Rate": 0.06622516556291391,
      "ROC_AUC": 0.6915799432355724,
      "confusion_matrix": [
        [
          141,
          10
        ],
        [
          12,
          2
        ]
      ]
    },
    "naive_bayes_gaussian": {
      "F1_Score": 0.14606741573033707,
      "F2_Score": 0.29545454545454547,
      "Exactitud": 0.07878787878787878,
      "Accuracy": 0.07878787878787878,
      "Balanced_Accuracy": 0.4642857142857143,
      "BER": 0.5357142857142857,
      "MCC": -0.25644989865985146,
      "Precision": 0.07926829268292683,
      "Recall": 0.9285714285714286,
      "Sensibilidad": 0.9285714285714286,
      "Especificidad": 0.0,
      "Error": 0.9212121212121213,
      "TP_Rate": 0.9285714285714286,
      "FP_Rate": 1.0,
      "ROC_AUC": 0.5179754020813624,
      "confusion_matrix": [
        [
          0,
          151
        ],
        [
          1,
          13
        ]
      ]
    },
    "decision_tree": {
      "F1_Score": 0.2962962962962963,
      "F2_Score": 0.2898550724637681,
      "Exactitud": 0.8848484848484849,
      "Accuracy": 0.8848484848484849,
      "Balanced_Accuracy": 0.6130558183538316,
      "BER": 0.3869441816461684,
      "MCC": 0.2338739953945137,
      "Precision": 0.3076923076923077,
      "Recall": 0.2857142857142857,
      "Sensibilidad": 0.2857142857142857,
      "Especificidad": 0.9403973509933775,
      "Error": 0.11515151515151516,
      "TP_Rate": 0.2857142857142857,
      "FP_Rate": 0.059602649006622516,
      "ROC_AUC": 0.6854304635761589,
      "confusion_matrix": [
        [
          142,
          9
        ],
        [
          10,
          4
        ]
      ]
    }
  },
  "timestamp": "2025-12-11T09:14:25.661442"
}