{
  "TP": 2,
  "TN": 141,
  "FP": 10,
  "FN": 12,
  "P": 14,
  "N": 151,
  "Total": 165,
  "Error": 0.13333333333333333,
  "Exactitud": 0.8666666666666667,
  "TP_Rate": 0.14285714285714285,
  "FP_Rate": 0.06622516556291391,
  "Precision": 0.16666666666666666,
  "Recall": 0.14285714285714285,
  "Sensibilidad": 0.14285714285714285,
  "Especificidad": 0.9337748344370861,
  "F1_Score": 0.15384615384615385,
  "Accuracy_sklearn": 0.8666666666666667,
  "F2_Score": 0.14705882352941177,
  "Balanced_Accuracy": 0.5383159886471145,
  "BER": 0.4616840113528855,
  "MCC": 0.08222922263631793,
  "Accuracy": 0.8666666666666667,
  "ROC_AUC": 0.6915799432355724,
  "PR_AUC": 0.15203525233311643,
  "classification_report": {
    "No-Buggy": {
      "precision": 0.9215686274509803,
      "recall": 0.9337748344370861,
      "f1-score": 0.9276315789473685,
      "support": 151.0
    },
    "Buggy": {
      "precision": 0.16666666666666666,
      "recall": 0.14285714285714285,
      "f1-score": 0.15384615384615385,
      "support": 14.0
    },
    "accuracy": 0.8666666666666667,
    "macro avg": {
      "precision": 0.5441176470588235,
      "recall": 0.5383159886471145,
      "f1-score": 0.5407388663967612,
      "support": 165.0
    },
    "weighted avg": {
      "precision": 0.8575163398692811,
      "recall": 0.8666666666666667,
      "f1-score": 0.8619770580296896,
      "support": 165.0
    }
  },
  "confusion_matrix": [
    [
      141,
      10
    ],
    [
      12,
      2
    ]
  ],
  "training_time_seconds": 0.003961,
  "best_hyperparameters": {
    "C": 1000,
    "gamma": 0.001,
    "kernel": "rbf"
  },
  "timestamp": "2025-12-11T09:14:24.887658"
}