{
  "TP": 3,
  "TN": 147,
  "FP": 4,
  "FN": 11,
  "P": 14,
  "N": 151,
  "Total": 165,
  "Error": 0.09090909090909091,
  "Exactitud": 0.9090909090909091,
  "TP_Rate": 0.21428571428571427,
  "FP_Rate": 0.026490066225165563,
  "Precision": 0.42857142857142855,
  "Recall": 0.21428571428571427,
  "Sensibilidad": 0.21428571428571427,
  "Especificidad": 0.9735099337748344,
  "F1_Score": 0.2857142857142857,
  "Accuracy_sklearn": 0.9090909090909091,
  "ROC_AUC": 0.804162724692526,
  "PR_AUC": 0.366176646824243,
  "classification_report": {
    "No-Buggy": {
      "precision": 0.930379746835443,
      "recall": 0.9735099337748344,
      "f1-score": 0.9514563106796117,
      "support": 151.0
    },
    "Buggy": {
      "precision": 0.42857142857142855,
      "recall": 0.21428571428571427,
      "f1-score": 0.2857142857142857,
      "support": 14.0
    },
    "accuracy": 0.9090909090909091,
    "macro avg": {
      "precision": 0.6794755877034357,
      "recall": 0.5938978240302744,
      "f1-score": 0.6185852981969486,
      "support": 165.0
    },
    "weighted avg": {
      "precision": 0.8878020713463751,
      "recall": 0.9090909090909091,
      "f1-score": 0.8949691085613415,
      "support": 165.0
    }
  },
  "confusion_matrix": [
    [
      147,
      4
    ],
    [
      11,
      3
    ]
  ],
  "training_time_seconds": 0.01088,
  "best_hyperparameters": {
    "C": 1,
    "gamma": 0.001,
    "kernel": "linear"
  },
  "timestamp": "2025-11-28T13:31:05.161380"
}