{
  "best_params": {
    "var_smoothing": 1e-09
  },
  "best_cv_score": 0.704162418175157,
  "test_metrics": {
    "accuracy": 0.9183673469387755,
    "precision": 0.6470588235294118,
    "recall": 0.6470588235294118,
    "f1_score": 0.6470588235294118
  },
  "timestamp": "2025-11-27T19:33:56.259517"
}