{
  "best_params": {
    "C": 100,
    "gamma": 0.01,
    "kernel": "rbf"
  },
  "best_cv_score": 0.9430000964805678,
  "test_metrics": {
    "accuracy": 0.8775510204081632,
    "precision": 0.47058823529411764,
    "recall": 0.47058823529411764,
    "f1_score": 0.47058823529411764,
    "f2_score": 0.47058823529411764
  },
  "timestamp": "2025-12-11T09:17:53.165545",
  "confusion_matrix": [
    [
      121,
      9
    ],
    [
      9,
      8
    ]
  ],
  "labels": [
    0,
    1
  ]
}