{
  "best_params": {
    "C": 10,
    "gamma": 0.1,
    "kernel": "rbf"
  },
  "best_cv_score": 0.9132862265818419,
  "test_metrics": {
    "accuracy": 0.9115646258503401,
    "precision": 0.75,
    "recall": 0.35294117647058826,
    "f1_score": 0.48
  },
  "timestamp": "2025-11-27T19:33:56.593900"
}