{
  "best_params": {
    "C": 100,
    "gamma": 0.01,
    "kernel": "rbf"
  },
  "best_cv_score": 0.9519540229885057,
  "test_metrics": {
    "accuracy": 0.8775510204081632,
    "precision": 0.47058823529411764,
    "recall": 0.47058823529411764,
    "f1_score": 0.47058823529411764
  },
  "timestamp": "2025-12-12T02:21:29.939618",
  "cv_folds": 10,
  "n_combinations_tested": 72,
  "total_fits": 720,
  "time_seconds": 7.403058,
  "dataset_info": {
    "n_samples": 584,
    "n_features": 65
  }
}