{
  "best_params": {
    "C": 100,
    "gamma": 0.01,
    "kernel": "rbf"
  },
  "best_cv_score": 0.9590083456062838,
  "test_metrics": {
    "accuracy": 0.8775510204081632,
    "precision": 0.47058823529411764,
    "recall": 0.47058823529411764,
    "f1_score": 0.47058823529411764
  },
  "timestamp": "2025-11-28T13:33:50.346597"
}