{
  "dataset": "hive-0.9.0",
  "balancing_method": "unbalanced",
  "scaler_type": "standard",
  "models": {
    "svm": {
      "F1_Score": 0.5346534653465347,
      "F2_Score": 0.4963235294117647,
      "Exactitud": 0.8345070422535211,
      "Accuracy": 0.8345070422535211,
      "Balanced_Accuracy": 0.699397171342453,
      "BER": 0.30060282865754695,
      "MCC": 0.4414356322821102,
      "Precision": 0.6136363636363636,
      "Recall": 0.47368421052631576,
      "Sensibilidad": 0.47368421052631576,
      "Especificidad": 0.9251101321585903,
      "Error": 0.16549295774647887,
      "TP_Rate": 0.47368421052631576,
      "FP_Rate": 0.07488986784140969,
      "ROC_AUC": 0.7656696808099543,
      "confusion_matrix": [
        [
          210,
          17
        ],
        [
          30,
          27
        ]
      ]
    },
    "naive_bayes_gaussian": {
      "F1_Score": 0.38961038961038963,
      "F2_Score": 0.3024193548387097,
      "Exactitud": 0.8345070422535211,
      "Accuracy": 0.8345070422535211,
      "Balanced_Accuracy": 0.6205657315093902,
      "BER": 0.3794342684906098,
      "MCC": 0.3774742025648993,
      "Precision": 0.75,
      "Recall": 0.2631578947368421,
      "Sensibilidad": 0.2631578947368421,
      "Especificidad": 0.9779735682819384,
      "Error": 0.16549295774647887,
      "TP_Rate": 0.2631578947368421,
      "FP_Rate": 0.022026431718061675,
      "ROC_AUC": 0.7937243991034856,
      "confusion_matrix": [
        [
          222,
          5
        ],
        [
          42,
          15
        ]
      ]
    },
    "decision_tree": {
      "F1_Score": 0.6101694915254238,
      "F2_Score": 0.6228373702422145,
      "Exactitud": 0.8380281690140845,
      "Accuracy": 0.8380281690140845,
      "Balanced_Accuracy": 0.7607233943890563,
      "BER": 0.23927660561094366,
      "MCC": 0.5085609441459327,
      "Precision": 0.5901639344262295,
      "Recall": 0.631578947368421,
      "Sensibilidad": 0.631578947368421,
      "Especificidad": 0.8898678414096917,
      "Error": 0.1619718309859155,
      "TP_Rate": 0.631578947368421,
      "FP_Rate": 0.11013215859030837,
      "ROC_AUC": 0.7924105417729346,
      "confusion_matrix": [
        [
          202,
          25
        ],
        [
          21,
          36
        ]
      ]
    }
  },
  "timestamp": "2025-12-11T09:17:08.793043"
}