{
  "dataset": "hive-0.9.0",
  "balancing_method": "unbalanced",
  "scaler_type": "standard",
  "models": {
    "svm": {
      "F1_Score": 0.5346534653465347,
      "Exactitud": 0.8345070422535211,
      "Precision": 0.6136363636363636,
      "Recall": 0.47368421052631576,
      "Sensibilidad": 0.47368421052631576,
      "Especificidad": 0.9251101321585903,
      "Error": 0.16549295774647887,
      "TP_Rate": 0.47368421052631576,
      "FP_Rate": 0.07488986784140969,
      "ROC_AUC": 0.7656696808099543,
      "confusion_matrix": [
        [
          210,
          17
        ],
        [
          30,
          27
        ]
      ]
    },
    "naive_bayes_gaussian": {
      "F1_Score": 0.38961038961038963,
      "Exactitud": 0.8345070422535211,
      "Precision": 0.75,
      "Recall": 0.2631578947368421,
      "Sensibilidad": 0.2631578947368421,
      "Especificidad": 0.9779735682819384,
      "Error": 0.16549295774647887,
      "TP_Rate": 0.2631578947368421,
      "FP_Rate": 0.022026431718061675,
      "ROC_AUC": 0.7937243991034856,
      "confusion_matrix": [
        [
          222,
          5
        ],
        [
          42,
          15
        ]
      ]
    },
    "decision_tree": {
      "F1_Score": 0.6326530612244898,
      "Exactitud": 0.8732394366197183,
      "Precision": 0.7560975609756098,
      "Recall": 0.543859649122807,
      "Sensibilidad": 0.543859649122807,
      "Especificidad": 0.9559471365638766,
      "Error": 0.1267605633802817,
      "TP_Rate": 0.543859649122807,
      "FP_Rate": 0.04405286343612335,
      "ROC_AUC": 0.8635134090733442,
      "confusion_matrix": [
        [
          217,
          10
        ],
        [
          26,
          31
        ]
      ]
    }
  },
  "timestamp": "2025-11-28T13:33:11.586049"
}