{
  "TP": 15,
  "TN": 222,
  "FP": 5,
  "FN": 42,
  "P": 57,
  "N": 227,
  "Total": 284,
  "Error": 0.16549295774647887,
  "Exactitud": 0.8345070422535211,
  "TP_Rate": 0.2631578947368421,
  "FP_Rate": 0.022026431718061675,
  "Precision": 0.75,
  "Recall": 0.2631578947368421,
  "Sensibilidad": 0.2631578947368421,
  "Especificidad": 0.9779735682819384,
  "F1_Score": 0.38961038961038963,
  "Accuracy_sklearn": 0.8345070422535211,
  "ROC_AUC": 0.7937243991034856,
  "PR_AUC": 0.5752960672757202,
  "classification_report": {
    "No-Buggy": {
      "precision": 0.8409090909090909,
      "recall": 0.9779735682819384,
      "f1-score": 0.9042769857433809,
      "support": 227.0
    },
    "Buggy": {
      "precision": 0.75,
      "recall": 0.2631578947368421,
      "f1-score": 0.38961038961038963,
      "support": 57.0
    },
    "accuracy": 0.8345070422535211,
    "macro avg": {
      "precision": 0.7954545454545454,
      "recall": 0.6205657315093902,
      "f1-score": 0.6469436876768853,
      "support": 284.0
    },
    "weighted avg": {
      "precision": 0.8226632522407171,
      "recall": 0.8345070422535211,
      "f1-score": 0.8009812252519002,
      "support": 284.0
    }
  },
  "confusion_matrix": [
    [
      222,
      5
    ],
    [
      42,
      15
    ]
  ],
  "training_time_seconds": 0.000828,
  "best_hyperparameters": {
    "var_smoothing": 1e-05
  },
  "timestamp": "2025-11-28T13:33:11.044283"
}