{
  "TP": 13,
  "TN": 27,
  "FP": 124,
  "FN": 1,
  "P": 14,
  "N": 151,
  "Total": 165,
  "Error": 0.7575757575757576,
  "Exactitud": 0.24242424242424243,
  "TP_Rate": 0.9285714285714286,
  "FP_Rate": 0.8211920529801324,
  "Precision": 0.0948905109489051,
  "Recall": 0.9285714285714286,
  "Sensibilidad": 0.9285714285714286,
  "Especificidad": 0.17880794701986755,
  "F1_Score": 0.17218543046357615,
  "Accuracy_sklearn": 0.24242424242424243,
  "best_hyperparameters": {
    "var_smoothing": 1e-09
  },
  "cv_best_score": 0.9332386363636364,
  "timestamp": "2025-12-12T02:34:14.275772",
  "confusion_matrix": [
    [
      27,
      124
    ],
    [
      1,
      13
    ]
  ]
}