{
  "TP": 53,
  "TN": 313,
  "FP": 151,
  "FN": 24,
  "P": 77,
  "N": 464,
  "Total": 541,
  "Error": 0.3234750462107209,
  "Exactitud": 0.6765249537892791,
  "TP_Rate": 0.6883116883116883,
  "FP_Rate": 0.3254310344827586,
  "Precision": 0.25980392156862747,
  "Recall": 0.6883116883116883,
  "Sensibilidad": 0.6883116883116883,
  "Especificidad": 0.6745689655172413,
  "F1_Score": 0.37722419928825623,
  "Accuracy_sklearn": 0.6765249537892791,
  "best_hyperparameters": {
    "C": 100,
    "gamma": 0.1,
    "kernel": "rbf"
  },
  "cv_best_score": 0.9824243968739381,
  "timestamp": "2025-12-12T02:14:43.581548",
  "confusion_matrix": [
    [
      313,
      151
    ],
    [
      24,
      53
    ]
  ]
}