{
  "dataset": "derby-10.5.1.1",
  "balancing_method": "smote",
  "scaler_type": "robust",
  "models": {
    "svm": {
      "F1_Score": 0.3877551020408163,
      "Exactitud": 0.66728280961183,
      "Precision": 0.2626728110599078,
      "Recall": 0.7402597402597403,
      "Sensibilidad": 0.7402597402597403,
      "Especificidad": 0.6551724137931034,
      "Error": 0.33271719038817005,
      "TP_Rate": 0.7402597402597403,
      "FP_Rate": 0.3448275862068966,
      "ROC_AUC": 0.7438703537841469,
      "confusion_matrix": [
        [
          304,
          160
        ],
        [
          20,
          57
        ]
      ]
    },
    "naive_bayes_gaussian": {
      "F1_Score": 0.09090909090909091,
      "Exactitud": 0.8521256931608133,
      "Precision": 0.36363636363636365,
      "Recall": 0.05194805194805195,
      "Sensibilidad": 0.05194805194805195,
      "Especificidad": 0.9849137931034483,
      "Error": 0.1478743068391867,
      "TP_Rate": 0.05194805194805195,
      "FP_Rate": 0.015086206896551725,
      "ROC_AUC": 0.7656459919390954,
      "confusion_matrix": [
        [
          457,
          7
        ],
        [
          73,
          4
        ]
      ]
    },
    "decision_tree": {
      "F1_Score": 0.41509433962264153,
      "Exactitud": 0.7707948243992606,
      "Precision": 0.32592592592592595,
      "Recall": 0.5714285714285714,
      "Sensibilidad": 0.5714285714285714,
      "Especificidad": 0.8038793103448276,
      "Error": 0.22920517560073936,
      "TP_Rate": 0.5714285714285714,
      "FP_Rate": 0.1961206896551724,
      "ROC_AUC": 0.6943293775190327,
      "confusion_matrix": [
        [
          373,
          91
        ],
        [
          33,
          44
        ]
      ]
    }
  },
  "timestamp": "2025-11-28T13:30:11.332419"
}