{
  "dataset": "derby-10.5.1.1",
  "balancing_method": "smote",
  "scaler_type": "robust",
  "models": {
    "svm": {
      "F1_Score": 0.4473684210526316,
      "Exactitud": 0.767097966728281,
      "Precision": 0.33774834437086093,
      "Recall": 0.6623376623376623,
      "Sensibilidad": 0.6623376623376623,
      "Especificidad": 0.7844827586206896,
      "Error": 0.23290203327171904,
      "TP_Rate": 0.6623376623376623,
      "FP_Rate": 0.21551724137931033,
      "ROC_AUC": 0.7666955888938648,
      "confusion_matrix": [
        [
          364,
          100
        ],
        [
          26,
          51
        ]
      ]
    },
    "naive_bayes_gaussian": {
      "F1_Score": 0.09090909090909091,
      "Exactitud": 0.8521256931608133,
      "Precision": 0.36363636363636365,
      "Recall": 0.05194805194805195,
      "Sensibilidad": 0.05194805194805195,
      "Especificidad": 0.9849137931034483,
      "Error": 0.1478743068391867,
      "TP_Rate": 0.05194805194805195,
      "FP_Rate": 0.015086206896551725,
      "ROC_AUC": 0.7656459919390954,
      "confusion_matrix": [
        [
          457,
          7
        ],
        [
          73,
          4
        ]
      ]
    },
    "decision_tree": {
      "F1_Score": 0.40860215053763443,
      "Exactitud": 0.7966728280961183,
      "Precision": 0.3486238532110092,
      "Recall": 0.4935064935064935,
      "Sensibilidad": 0.4935064935064935,
      "Especificidad": 0.8469827586206896,
      "Error": 0.2033271719038817,
      "TP_Rate": 0.4935064935064935,
      "FP_Rate": 0.15301724137931033,
      "ROC_AUC": 0.6709723466188983,
      "confusion_matrix": [
        [
          393,
          71
        ],
        [
          39,
          38
        ]
      ]
    }
  },
  "timestamp": "2025-11-27T19:56:59.170250"
}