{
  "dataset": "derby-10.5.1.1",
  "balancing_method": "smote",
  "scaler_type": "robust",
  "models": {
    "svm": {
      "F1_Score": 0.3877551020408163,
      "F2_Score": 0.5428571428571428,
      "Exactitud": 0.66728280961183,
      "Accuracy": 0.66728280961183,
      "Balanced_Accuracy": 0.6977160770264219,
      "BER": 0.3022839229735781,
      "MCC": 0.28188629491880374,
      "Precision": 0.2626728110599078,
      "Recall": 0.7402597402597403,
      "Sensibilidad": 0.7402597402597403,
      "Especificidad": 0.6551724137931034,
      "Error": 0.33271719038817005,
      "TP_Rate": 0.7402597402597403,
      "FP_Rate": 0.3448275862068966,
      "ROC_AUC": 0.7438703537841469,
      "confusion_matrix": [
        [
          304,
          160
        ],
        [
          20,
          57
        ]
      ]
    },
    "naive_bayes_gaussian": {
      "F1_Score": 0.09090909090909091,
      "F2_Score": 0.06269592476489028,
      "Exactitud": 0.8521256931608133,
      "Accuracy": 0.8521256931608133,
      "Balanced_Accuracy": 0.5184309225257501,
      "BER": 0.48156907747424993,
      "MCC": 0.09125299866576043,
      "Precision": 0.36363636363636365,
      "Recall": 0.05194805194805195,
      "Sensibilidad": 0.05194805194805195,
      "Especificidad": 0.9849137931034483,
      "Error": 0.1478743068391867,
      "TP_Rate": 0.05194805194805195,
      "FP_Rate": 0.015086206896551725,
      "ROC_AUC": 0.7656459919390954,
      "confusion_matrix": [
        [
          457,
          7
        ],
        [
          73,
          4
        ]
      ]
    },
    "decision_tree": {
      "F1_Score": 0.4577114427860697,
      "F2_Score": 0.5324074074074074,
      "Exactitud": 0.7985212569316081,
      "Accuracy": 0.7985212569316081,
      "Balanced_Accuracy": 0.7146495745633676,
      "BER": 0.28535042543663236,
      "MCC": 0.3568498433956898,
      "Precision": 0.3709677419354839,
      "Recall": 0.5974025974025974,
      "Sensibilidad": 0.5974025974025974,
      "Especificidad": 0.8318965517241379,
      "Error": 0.20147874306839186,
      "TP_Rate": 0.5974025974025974,
      "FP_Rate": 0.16810344827586207,
      "ROC_AUC": 0.7113888266905508,
      "confusion_matrix": [
        [
          386,
          78
        ],
        [
          31,
          46
        ]
      ]
    }
  },
  "timestamp": "2025-12-11T09:13:20.523629"
}