{
  "TP": 46,
  "TN": 386,
  "FP": 78,
  "FN": 31,
  "P": 77,
  "N": 464,
  "Total": 541,
  "Error": 0.20147874306839186,
  "Exactitud": 0.7985212569316081,
  "TP_Rate": 0.5974025974025974,
  "FP_Rate": 0.16810344827586207,
  "Precision": 0.3709677419354839,
  "Recall": 0.5974025974025974,
  "Sensibilidad": 0.5974025974025974,
  "Especificidad": 0.8318965517241379,
  "F1_Score": 0.4577114427860697,
  "Accuracy_sklearn": 0.7985212569316081,
  "F2_Score": 0.5324074074074074,
  "Balanced_Accuracy": 0.7146495745633676,
  "BER": 0.28535042543663236,
  "MCC": 0.3568498433956898,
  "Accuracy": 0.7985212569316081,
  "ROC_AUC": 0.7113888266905508,
  "PR_AUC": 0.5086834816500828,
  "classification_report": {
    "No-Buggy": {
      "precision": 0.9256594724220624,
      "recall": 0.8318965517241379,
      "f1-score": 0.8762769580022701,
      "support": 464.0
    },
    "Buggy": {
      "precision": 0.3709677419354839,
      "recall": 0.5974025974025974,
      "f1-score": 0.4577114427860697,
      "support": 77.0
    },
    "accuracy": 0.7985212569316081,
    "macro avg": {
      "precision": 0.6483136071787732,
      "recall": 0.7146495745633676,
      "f1-score": 0.6669942003941699,
      "support": 541.0
    },
    "weighted avg": {
      "precision": 0.8467107418352481,
      "recall": 0.7985212569316081,
      "f1-score": 0.8167029382764893,
      "support": 541.0
    }
  },
  "confusion_matrix": [
    [
      386,
      78
    ],
    [
      31,
      46
    ]
  ],
  "training_time_seconds": 0.029761,
  "best_hyperparameters": {
    "criterion": "entropy",
    "max_depth": 20,
    "min_samples_leaf": 1,
    "min_samples_split": 5
  },
  "timestamp": "2025-12-11T09:13:20.298563"
}