{
  "TP": 44,
  "TN": 373,
  "FP": 91,
  "FN": 33,
  "P": 77,
  "N": 464,
  "Total": 541,
  "Error": 0.22920517560073936,
  "Exactitud": 0.7707948243992606,
  "TP_Rate": 0.5714285714285714,
  "FP_Rate": 0.1961206896551724,
  "Precision": 0.32592592592592595,
  "Recall": 0.5714285714285714,
  "Sensibilidad": 0.5714285714285714,
  "Especificidad": 0.8038793103448276,
  "F1_Score": 0.41509433962264153,
  "Accuracy_sklearn": 0.7707948243992606,
  "ROC_AUC": 0.6943293775190327,
  "PR_AUC": 0.42008697994011374,
  "classification_report": {
    "No-Buggy": {
      "precision": 0.9187192118226601,
      "recall": 0.8038793103448276,
      "f1-score": 0.8574712643678161,
      "support": 464.0
    },
    "Buggy": {
      "precision": 0.32592592592592595,
      "recall": 0.5714285714285714,
      "f1-score": 0.41509433962264153,
      "support": 77.0
    },
    "accuracy": 0.7707948243992606,
    "macro avg": {
      "precision": 0.622322568874293,
      "recall": 0.6876539408866995,
      "f1-score": 0.6362828019952288,
      "support": 541.0
    },
    "weighted avg": {
      "precision": 0.8343475241811658,
      "recall": 0.7707948243992606,
      "f1-score": 0.7945081900510352,
      "support": 541.0
    }
  },
  "confusion_matrix": [
    [
      373,
      91
    ],
    [
      33,
      44
    ]
  ],
  "training_time_seconds": 0.026529,
  "best_hyperparameters": {
    "criterion": "entropy",
    "max_depth": 10,
    "min_samples_leaf": 1,
    "min_samples_split": 2
  },
  "timestamp": "2025-11-28T13:30:11.070371"
}