{
  "best_params": {
    "criterion": "entropy",
    "max_depth": 10,
    "min_samples_leaf": 1,
    "min_samples_split": 2
  },
  "best_cv_score": 0.8704573934837093,
  "test_metrics": {
    "accuracy": 0.7640845070422535,
    "precision": 0.4479166666666667,
    "recall": 0.7543859649122807,
    "f1_score": 0.5620915032679739
  },
  "timestamp": "2025-12-12T02:36:17.028202",
  "cv_folds": 10,
  "n_combinations_tested": 160,
  "total_fits": 1600,
  "time_seconds": 3.905099,
  "dataset_info": {
    "n_samples": 1131,
    "n_features": 20
  }
}