{
  "best_params": {
    "var_smoothing": 1e-07
  },
  "best_cv_score": 0.2724624060150376,
  "test_metrics": {
    "accuracy": 0.8204225352112676,
    "precision": 0.6875,
    "recall": 0.19298245614035087,
    "f1_score": 0.3013698630136986
  },
  "timestamp": "2025-12-12T02:36:15.792686",
  "cv_folds": 10,
  "n_combinations_tested": 6,
  "total_fits": 60,
  "time_seconds": 2.669741,
  "dataset_info": {
    "n_samples": 1131,
    "n_features": 20
  }
}