{
  "best_params": {
    "C": 100,
    "gamma": 1,
    "kernel": "rbf"
  },
  "best_cv_score": 0.8617167919799499,
  "test_metrics": {
    "accuracy": 0.7711267605633803,
    "precision": 0.4473684210526316,
    "recall": 0.5964912280701754,
    "f1_score": 0.5112781954887218
  },
  "timestamp": "2025-12-12T02:36:26.533117",
  "cv_folds": 10,
  "n_combinations_tested": 72,
  "total_fits": 720,
  "time_seconds": 13.411063,
  "dataset_info": {
    "n_samples": 1131,
    "n_features": 20
  }
}