{
  "TP": 7,
  "TN": 313,
  "FP": 14,
  "FN": 19,
  "P": 26,
  "N": 327,
  "Total": 353,
  "Error": 0.09348441926345609,
  "Exactitud": 0.9065155807365439,
  "TP_Rate": 0.2692307692307692,
  "FP_Rate": 0.04281345565749235,
  "Precision": 0.3333333333333333,
  "Recall": 0.2692307692307692,
  "Sensibilidad": 0.2692307692307692,
  "Especificidad": 0.9571865443425076,
  "F1_Score": 0.2978723404255319,
  "Accuracy_sklearn": 0.9065155807365439,
  "best_hyperparameters": {
    "C": 10,
    "gamma": 0.1,
    "kernel": "rbf"
  },
  "cv_best_score": 0.9730985915492958,
  "timestamp": "2025-12-12T02:25:06.962173",
  "confusion_matrix": [
    [
      313,
      14
    ],
    [
      19,
      7
    ]
  ]
}