{
  "TP": 37,
  "TN": 377,
  "FP": 87,
  "FN": 40,
  "P": 77,
  "N": 464,
  "Total": 541,
  "Error": 0.23475046210720887,
  "Exactitud": 0.7652495378927912,
  "TP_Rate": 0.4805194805194805,
  "FP_Rate": 0.1875,
  "Precision": 0.29838709677419356,
  "Recall": 0.4805194805194805,
  "Sensibilidad": 0.4805194805194805,
  "Especificidad": 0.8125,
  "F1_Score": 0.3681592039800995,
  "Accuracy_sklearn": 0.7652495378927912,
  "best_hyperparameters": {
    "criterion": "entropy",
    "max_depth": 10,
    "min_samples_leaf": 1,
    "min_samples_split": 2
  },
  "cv_best_score": 0.8484794427454979,
  "timestamp": "2025-12-12T02:33:04.577561",
  "confusion_matrix": [
    [
      377,
      87
    ],
    [
      40,
      37
    ]
  ]
}