{
  "best_params": {
    "criterion": "entropy",
    "max_depth": 20,
    "min_samples_leaf": 1,
    "min_samples_split": 2
  },
  "best_cv_score": 0.8346065625830397,
  "test_metrics": {
    "accuracy": 0.7818853974121996,
    "precision": 0.33858267716535434,
    "recall": 0.5584415584415584,
    "f1_score": 0.4215686274509804
  },
  "timestamp": "2025-11-27T19:30:42.145743"
}