{
  "best_params": {
    "var_smoothing": 1e-09
  },
  "best_cv_score": 0.03959690693352285,
  "test_metrics": {
    "accuracy": 0.8521256931608133,
    "precision": 0.2857142857142857,
    "recall": 0.025974025974025976,
    "f1_score": 0.047619047619047616
  },
  "timestamp": "2025-11-27T19:30:39.984980"
}