{
  "best_params": {
    "var_smoothing": 1e-09
  },
  "best_cv_score": 0.027468162949016613,
  "test_metrics": {
    "accuracy": 0.8521256931608133,
    "precision": 0.2857142857142857,
    "recall": 0.025974025974025976,
    "f1_score": 0.047619047619047616,
    "f2_score": 0.031746031746031744
  },
  "timestamp": "2025-12-11T09:12:09.104755",
  "confusion_matrix": [
    [
      459,
      5
    ],
    [
      75,
      2
    ]
  ],
  "labels": [
    0,
    1
  ]
}