{
  "best_params": {
    "C": 100,
    "gamma": 0.1,
    "kernel": "rbf"
  },
  "best_cv_score": 0.9824243968739381,
  "test_metrics": {
    "accuracy": 0.6765249537892791,
    "precision": 0.25980392156862747,
    "recall": 0.6883116883116883,
    "f1_score": 0.37722419928825623
  },
  "timestamp": "2025-12-12T02:11:34.426705",
  "cv_folds": 10,
  "n_combinations_tested": 72,
  "total_fits": 720,
  "time_seconds": 44.89982,
  "dataset_info": {
    "n_samples": 2164,
    "n_features": 65
  }
}