{
  "best_params": {
    "C": 100,
    "gamma": 0.1,
    "kernel": "rbf"
  },
  "best_cv_score": 0.8452275491797746,
  "test_metrics": {
    "accuracy": 0.6765249537892791,
    "precision": 0.25980392156862747,
    "recall": 0.6883116883116883,
    "f1_score": 0.37722419928825623
  },
  "timestamp": "2025-11-27T19:30:42.279515"
}