{
  "best_params": {
    "C": 100,
    "gamma": 0.1,
    "kernel": "rbf"
  },
  "best_cv_score": 0.9277567021820492,
  "test_metrics": {
    "accuracy": 0.6765249537892791,
    "precision": 0.25980392156862747,
    "recall": 0.6883116883116883,
    "f1_score": 0.37722419928825623,
    "f2_score": 0.517578125
  },
  "timestamp": "2025-12-11T09:12:17.374108",
  "confusion_matrix": [
    [
      313,
      151
    ],
    [
      24,
      53
    ]
  ],
  "labels": [
    0,
    1
  ]
}