{
  "TP": 27,
  "TN": 210,
  "FP": 17,
  "FN": 30,
  "P": 57,
  "N": 227,
  "Total": 284,
  "Error": 0.16549295774647887,
  "Exactitud": 0.8345070422535211,
  "TP_Rate": 0.47368421052631576,
  "FP_Rate": 0.07488986784140969,
  "Precision": 0.6136363636363636,
  "Recall": 0.47368421052631576,
  "Sensibilidad": 0.47368421052631576,
  "Especificidad": 0.9251101321585903,
  "F1_Score": 0.5346534653465347,
  "Accuracy_sklearn": 0.8345070422535211,
  "best_hyperparameters": {
    "C": 1000,
    "gamma": 0.01,
    "kernel": "rbf"
  },
  "cv_best_score": 0.5454545454545454,
  "timestamp": "2025-12-12T02:20:44.384435",
  "confusion_matrix": [
    [
      210,
      17
    ],
    [
      30,
      27
    ]
  ]
}