{
  "TP": 9,
  "TN": 123,
  "FP": 7,
  "FN": 8,
  "P": 17,
  "N": 130,
  "Total": 147,
  "Error": 0.10204081632653061,
  "Exactitud": 0.8979591836734694,
  "TP_Rate": 0.5294117647058824,
  "FP_Rate": 0.05384615384615385,
  "Precision": 0.5625,
  "Recall": 0.5294117647058824,
  "Sensibilidad": 0.5294117647058824,
  "Especificidad": 0.9461538461538461,
  "F1_Score": 0.5454545454545454,
  "Accuracy_sklearn": 0.8979591836734694,
  "best_hyperparameters": {
    "criterion": "gini",
    "max_depth": 10,
    "min_samples_leaf": 1,
    "min_samples_split": 2
  },
  "cv_best_score": 0.6285714285714286,
  "timestamp": "2025-12-12T02:38:53.738822",
  "confusion_matrix": [
    [
      123,
      7
    ],
    [
      8,
      9
    ]
  ]
}