{
  "TP": 34,
  "TN": 191,
  "FP": 36,
  "FN": 23,
  "P": 57,
  "N": 227,
  "Total": 284,
  "Error": 0.20774647887323944,
  "Exactitud": 0.7922535211267606,
  "TP_Rate": 0.5964912280701754,
  "FP_Rate": 0.15859030837004406,
  "Precision": 0.4857142857142857,
  "Recall": 0.5964912280701754,
  "Sensibilidad": 0.5964912280701754,
  "Especificidad": 0.8414096916299559,
  "F1_Score": 0.5354330708661418,
  "Accuracy_sklearn": 0.7922535211267606,
  "best_hyperparameters": {
    "C": 100,
    "gamma": 1,
    "kernel": "rbf"
  },
  "cv_best_score": 0.8443609022556391,
  "timestamp": "2025-12-12T02:37:50.441075",
  "confusion_matrix": [
    [
      191,
      36
    ],
    [
      23,
      34
    ]
  ]
}