{
  "TP": 12,
  "TN": 73,
  "FP": 78,
  "FN": 2,
  "P": 14,
  "N": 151,
  "Total": 165,
  "Error": 0.48484848484848486,
  "Exactitud": 0.5151515151515151,
  "TP_Rate": 0.8571428571428571,
  "FP_Rate": 0.5165562913907285,
  "Precision": 0.13333333333333333,
  "Recall": 0.8571428571428571,
  "Sensibilidad": 0.8571428571428571,
  "Especificidad": 0.48344370860927155,
  "F1_Score": 0.23076923076923078,
  "Accuracy_sklearn": 0.5151515151515151,
  "best_hyperparameters": {
    "C": 0.1,
    "gamma": 0.1,
    "kernel": "rbf"
  },
  "cv_best_score": 0.9633522727272726,
  "timestamp": "2025-12-12T02:16:07.097447",
  "confusion_matrix": [
    [
      73,
      78
    ],
    [
      2,
      12
    ]
  ]
}