{
  "TP": 12,
  "TN": 223,
  "FP": 4,
  "FN": 45,
  "P": 57,
  "N": 227,
  "Total": 284,
  "Error": 0.17253521126760563,
  "Exactitud": 0.8274647887323944,
  "TP_Rate": 0.21052631578947367,
  "FP_Rate": 0.01762114537444934,
  "Precision": 0.75,
  "Recall": 0.21052631578947367,
  "Sensibilidad": 0.21052631578947367,
  "Especificidad": 0.9823788546255506,
  "F1_Score": 0.3287671232876712,
  "Accuracy_sklearn": 0.8274647887323944,
  "best_hyperparameters": {
    "var_smoothing": 1e-09
  },
  "cv_best_score": 0.29209486166007903,
  "timestamp": "2025-12-12T02:37:50.321656",
  "confusion_matrix": [
    [
      223,
      4
    ],
    [
      45,
      12
    ]
  ]
}