{
  "dataset": "wicket-1.3.0-beta2",
  "balancing_method": "csbboost",
  "scaler_type": "robust",
  "models": {
    "svm": {
      "F1_Score": 0.3,
      "F2_Score": 0.32608695652173914,
      "Exactitud": 0.8810198300283286,
      "Accuracy": 0.8810198300283286,
      "Balanced_Accuracy": 0.6348506233827335,
      "BER": 0.36514937661726654,
      "MCC": 0.2387859141196715,
      "Precision": 0.2647058823529412,
      "Recall": 0.34615384615384615,
      "Sensibilidad": 0.34615384615384615,
      "Especificidad": 0.9235474006116208,
      "Error": 0.11898016997167139,
      "TP_Rate": 0.34615384615384615,
      "FP_Rate": 0.0764525993883792,
      "ROC_AUC": 0.7374735356386732,
      "confusion_matrix": [
        [
          302,
          25
        ],
        [
          17,
          9
        ]
      ]
    },
    "naive_bayes_gaussian": {
      "F1_Score": 0.3125,
      "F2_Score": 0.352112676056338,
      "Exactitud": 0.8753541076487252,
      "Accuracy": 0.8753541076487252,
      "Balanced_Accuracy": 0.6494942366502,
      "BER": 0.3505057633498,
      "MCC": 0.25198107286097593,
      "Precision": 0.2631578947368421,
      "Recall": 0.38461538461538464,
      "Sensibilidad": 0.38461538461538464,
      "Especificidad": 0.9143730886850153,
      "Error": 0.12464589235127478,
      "TP_Rate": 0.38461538461538464,
      "FP_Rate": 0.0856269113149847,
      "ROC_AUC": 0.7749353093389791,
      "confusion_matrix": [
        [
          299,
          28
        ],
        [
          16,
          10
        ]
      ]
    },
    "decision_tree": {
      "F1_Score": 0.2608695652173913,
      "F2_Score": 0.30612244897959184,
      "Exactitud": 0.8555240793201133,
      "Accuracy": 0.8555240793201133,
      "Balanced_Accuracy": 0.6210891554928253,
      "BER": 0.3789108445071747,
      "MCC": 0.19341080013370804,
      "Precision": 0.20930232558139536,
      "Recall": 0.34615384615384615,
      "Sensibilidad": 0.34615384615384615,
      "Especificidad": 0.8960244648318043,
      "Error": 0.14447592067988668,
      "TP_Rate": 0.34615384615384615,
      "FP_Rate": 0.10397553516819572,
      "ROC_AUC": 0.6367325335215244,
      "confusion_matrix": [
        [
          293,
          34
        ],
        [
          17,
          9
        ]
      ]
    }
  },
  "timestamp": "2025-12-11T09:19:51.941692"
}