{
  "dataset": "wicket-1.3.0-beta2",
  "balancing_method": "csbboost",
  "scaler_type": "robust",
  "models": {
    "svm": {
      "F1_Score": 0.3,
      "Exactitud": 0.8810198300283286,
      "Precision": 0.2647058823529412,
      "Recall": 0.34615384615384615,
      "Sensibilidad": 0.34615384615384615,
      "Especificidad": 0.9235474006116208,
      "Error": 0.11898016997167139,
      "TP_Rate": 0.34615384615384615,
      "FP_Rate": 0.0764525993883792,
      "ROC_AUC": 0.7374735356386732,
      "confusion_matrix": [
        [
          302,
          25
        ],
        [
          17,
          9
        ]
      ]
    },
    "naive_bayes_gaussian": {
      "F1_Score": 0.3125,
      "Exactitud": 0.8753541076487252,
      "Precision": 0.2631578947368421,
      "Recall": 0.38461538461538464,
      "Sensibilidad": 0.38461538461538464,
      "Especificidad": 0.9143730886850153,
      "Error": 0.12464589235127478,
      "TP_Rate": 0.38461538461538464,
      "FP_Rate": 0.0856269113149847,
      "ROC_AUC": 0.7752881674900024,
      "confusion_matrix": [
        [
          299,
          28
        ],
        [
          16,
          10
        ]
      ]
    },
    "decision_tree": {
      "F1_Score": 0.2,
      "Exactitud": 0.8640226628895185,
      "Precision": 0.17647058823529413,
      "Recall": 0.23076923076923078,
      "Sensibilidad": 0.23076923076923078,
      "Especificidad": 0.9143730886850153,
      "Error": 0.1359773371104816,
      "TP_Rate": 0.23076923076923078,
      "FP_Rate": 0.0856269113149847,
      "ROC_AUC": 0.6502587626440838,
      "confusion_matrix": [
        [
          299,
          28
        ],
        [
          20,
          6
        ]
      ]
    }
  },
  "timestamp": "2025-11-27T20:00:49.765867"
}