{
  "TP": 6,
  "TN": 299,
  "FP": 28,
  "FN": 20,
  "P": 26,
  "N": 327,
  "Total": 353,
  "Error": 0.1359773371104816,
  "Exactitud": 0.8640226628895185,
  "TP_Rate": 0.23076923076923078,
  "FP_Rate": 0.0856269113149847,
  "Precision": 0.17647058823529413,
  "Recall": 0.23076923076923078,
  "Sensibilidad": 0.23076923076923078,
  "Especificidad": 0.9143730886850153,
  "F1_Score": 0.2,
  "Accuracy_sklearn": 0.8640226628895185,
  "ROC_AUC": 0.6502587626440838,
  "PR_AUC": 0.2197880145006502,
  "classification_report": {
    "No-Buggy": {
      "precision": 0.9373040752351097,
      "recall": 0.9143730886850153,
      "f1-score": 0.9256965944272446,
      "support": 327.0
    },
    "Buggy": {
      "precision": 0.17647058823529413,
      "recall": 0.23076923076923078,
      "f1-score": 0.2,
      "support": 26.0
    },
    "accuracy": 0.8640226628895185,
    "macro avg": {
      "precision": 0.5568873317352019,
      "recall": 0.572571159727123,
      "f1-score": 0.5628482972136223,
      "support": 353.0
    },
    "weighted avg": {
      "precision": 0.8812653481473046,
      "recall": 0.8640226628895185,
      "f1-score": 0.8722458537612153,
      "support": 353.0
    }
  },
  "confusion_matrix": [
    [
      299,
      28
    ],
    [
      20,
      6
    ]
  ],
  "training_time_seconds": 0.024929,
  "best_hyperparameters": {
    "criterion": "gini",
    "max_depth": 10,
    "min_samples_leaf": 1,
    "min_samples_split": 10
  },
  "timestamp": "2025-11-27T19:35:08.320768"
}