{
  "TP": 9,
  "TN": 293,
  "FP": 34,
  "FN": 17,
  "P": 26,
  "N": 327,
  "Total": 353,
  "Error": 0.14447592067988668,
  "Exactitud": 0.8555240793201133,
  "TP_Rate": 0.34615384615384615,
  "FP_Rate": 0.10397553516819572,
  "Precision": 0.20930232558139536,
  "Recall": 0.34615384615384615,
  "Sensibilidad": 0.34615384615384615,
  "Especificidad": 0.8960244648318043,
  "F1_Score": 0.2608695652173913,
  "Accuracy_sklearn": 0.8555240793201133,
  "F2_Score": 0.30612244897959184,
  "Balanced_Accuracy": 0.6210891554928253,
  "BER": 0.3789108445071747,
  "MCC": 0.19341080013370804,
  "Accuracy": 0.8555240793201133,
  "ROC_AUC": 0.6367325335215244,
  "PR_AUC": 0.2770110528569343,
  "classification_report": {
    "No-Buggy": {
      "precision": 0.9451612903225807,
      "recall": 0.8960244648318043,
      "f1-score": 0.9199372056514914,
      "support": 327.0
    },
    "Buggy": {
      "precision": 0.20930232558139536,
      "recall": 0.34615384615384615,
      "f1-score": 0.2608695652173913,
      "support": 26.0
    },
    "accuracy": 0.8555240793201133,
    "macro avg": {
      "precision": 0.577231807951988,
      "recall": 0.6210891554928253,
      "f1-score": 0.5904033854344414,
      "support": 353.0
    },
    "weighted avg": {
      "precision": 0.8909620464606237,
      "recall": 0.8555240793201133,
      "f1-score": 0.871393980010453,
      "support": 353.0
    }
  },
  "confusion_matrix": [
    [
      293,
      34
    ],
    [
      17,
      9
    ]
  ],
  "training_time_seconds": 0.024111,
  "best_hyperparameters": {
    "criterion": "gini",
    "max_depth": 10,
    "min_samples_leaf": 1,
    "min_samples_split": 2
  },
  "timestamp": "2025-12-11T09:19:51.721823"
}