{
  "TP": 25,
  "TN": 33,
  "FP": 294,
  "FN": 1,
  "P": 26,
  "N": 327,
  "Total": 353,
  "Error": 0.8356940509915014,
  "Exactitud": 0.1643059490084986,
  "TP_Rate": 0.9615384615384616,
  "FP_Rate": 0.8990825688073395,
  "Precision": 0.07836990595611286,
  "Recall": 0.9615384615384616,
  "Sensibilidad": 0.9615384615384616,
  "Especificidad": 0.10091743119266056,
  "F1_Score": 0.14492753623188406,
  "Accuracy_sklearn": 0.1643059490084986,
  "ROC_AUC": 0.7198306280875088,
  "PR_AUC": 0.12833658617678415,
  "classification_report": {
    "No-Buggy": {
      "precision": 0.9705882352941176,
      "recall": 0.10091743119266056,
      "f1-score": 0.18282548476454294,
      "support": 327.0
    },
    "Buggy": {
      "precision": 0.07836990595611286,
      "recall": 0.9615384615384616,
      "f1-score": 0.14492753623188406,
      "support": 26.0
    },
    "accuracy": 0.1643059490084986,
    "macro avg": {
      "precision": 0.5244790706251152,
      "recall": 0.531227946365561,
      "f1-score": 0.1638765104982135,
      "support": 353.0
    },
    "weighted avg": {
      "precision": 0.9048724376658226,
      "recall": 0.1643059490084986,
      "f1-score": 0.18003413444768987,
      "support": 353.0
    }
  },
  "confusion_matrix": [
    [
      33,
      294
    ],
    [
      1,
      25
    ]
  ],
  "training_time_seconds": 0.035061,
  "best_hyperparameters": {
    "C": 0.01,
    "gamma": 1,
    "kernel": "rbf"
  },
  "timestamp": "2025-11-28T13:35:18.801176"
}