{
  "TP": 11,
  "TN": 222,
  "FP": 5,
  "FN": 46,
  "P": 57,
  "N": 227,
  "Total": 284,
  "Error": 0.1795774647887324,
  "Exactitud": 0.8204225352112676,
  "TP_Rate": 0.19298245614035087,
  "FP_Rate": 0.022026431718061675,
  "Precision": 0.6875,
  "Recall": 0.19298245614035087,
  "Sensibilidad": 0.19298245614035087,
  "Especificidad": 0.9779735682819384,
  "F1_Score": 0.3013698630136986,
  "Accuracy_sklearn": 0.8204225352112676,
  "best_hyperparameters": {
    "var_smoothing": 1e-07
  },
  "cv_best_score": 0.2724624060150376,
  "timestamp": "2025-12-12T02:37:50.361057",
  "confusion_matrix": [
    [
      222,
      5
    ],
    [
      46,
      11
    ]
  ]
}