{
  "best_params": {
    "criterion": "gini",
    "max_depth": 10,
    "min_samples_leaf": 2,
    "min_samples_split": 5
  },
  "best_cv_score": 0.904492600422833,
  "test_metrics": {
    "accuracy": 0.8484848484848485,
    "precision": 0.23809523809523808,
    "recall": 0.35714285714285715,
    "f1_score": 0.2857142857142857
  },
  "timestamp": "2025-11-27T19:57:25.056446"
}