{
  "best_params": {
    "var_smoothing": 0.0001
  },
  "best_cv_score": 0.8293616131805276,
  "test_metrics": {
    "accuracy": 0.07878787878787878,
    "precision": 0.07926829268292683,
    "recall": 0.9285714285714286,
    "f1_score": 0.14606741573033707,
    "f2_score": 0.29545454545454547
  },
  "timestamp": "2025-12-11T09:14:05.692241",
  "confusion_matrix": [
    [
      0,
      151
    ],
    [
      1,
      13
    ]
  ],
  "labels": [
    0,
    1
  ]
}