{
  "best_params": {
    "var_smoothing": 1e-09
  },
  "best_cv_score": 0.6499979407088903,
  "test_metrics": {
    "accuracy": 0.07878787878787878,
    "precision": 0.07926829268292683,
    "recall": 0.9285714285714286,
    "f1_score": 0.14606741573033707
  },
  "timestamp": "2025-11-27T19:57:24.479561"
}