{
  "best_params": {
    "C": 0.01,
    "gamma": 0.001,
    "kernel": "linear"
  },
  "best_cv_score": 0.9296401515151516,
  "test_metrics": {
    "accuracy": 0.7818181818181819,
    "precision": 0.225,
    "recall": 0.6428571428571429,
    "f1_score": 0.3333333333333333
  },
  "timestamp": "2025-12-12T02:15:45.929634",
  "cv_folds": 10,
  "n_combinations_tested": 72,
  "total_fits": 720,
  "time_seconds": 9.802765,
  "dataset_info": {
    "n_samples": 656,
    "n_features": 65
  }
}