{
  "best_params": {
    "C": 100,
    "gamma": 0.01,
    "kernel": "rbf"
  },
  "best_cv_score": 0.8909476888568454,
  "test_metrics": {
    "accuracy": 0.8848484848484849,
    "precision": 0.3684210526315789,
    "recall": 0.5,
    "f1_score": 0.42424242424242425
  },
  "timestamp": "2025-11-27T19:57:24.903468"
}