{
  "best_params": {
    "C": 100,
    "gamma": 0.001,
    "kernel": "rbf"
  },
  "best_cv_score": 0.9126853810368148,
  "test_metrics": {
    "accuracy": 0.8424242424242424,
    "precision": 0.2692307692307692,
    "recall": 0.5,
    "f1_score": 0.35,
    "f2_score": 0.4268292682926829
  },
  "timestamp": "2025-12-11T09:14:07.202233",
  "confusion_matrix": [
    [
      132,
      19
    ],
    [
      7,
      7
    ]
  ],
  "labels": [
    0,
    1
  ]
}