{
  "best_params": {
    "C": 1,
    "gamma": 0.001,
    "kernel": "linear"
  },
  "best_cv_score": 0.9938837920489297,
  "test_metrics": {
    "accuracy": 0.08484848484848485,
    "precision": 0.08484848484848485,
    "recall": 1.0,
    "f1_score": 0.1564245810055866
  },
  "timestamp": "2025-11-28T13:30:49.960294"
}