{
  "TP": 43,
  "TN": 169,
  "FP": 58,
  "FN": 14,
  "P": 57,
  "N": 227,
  "Total": 284,
  "Error": 0.2535211267605634,
  "Exactitud": 0.7464788732394366,
  "TP_Rate": 0.7543859649122807,
  "FP_Rate": 0.2555066079295154,
  "Precision": 0.42574257425742573,
  "Recall": 0.7543859649122807,
  "Sensibilidad": 0.7543859649122807,
  "Especificidad": 0.7444933920704846,
  "F1_Score": 0.5443037974683544,
  "Accuracy_sklearn": 0.7464788732394366,
  "best_hyperparameters": {
    "C": 100,
    "gamma": 1,
    "kernel": "rbf"
  },
  "cv_best_score": 0.9574248120300753,
  "timestamp": "2025-12-12T02:37:50.464138",
  "confusion_matrix": [
    [
      169,
      58
    ],
    [
      14,
      43
    ]
  ]
}