{
  "TP": 44,
  "TN": 311,
  "FP": 153,
  "FN": 33,
  "P": 77,
  "N": 464,
  "Total": 541,
  "Error": 0.3438077634011091,
  "Exactitud": 0.6561922365988909,
  "TP_Rate": 0.5714285714285714,
  "FP_Rate": 0.3297413793103448,
  "Precision": 0.2233502538071066,
  "Recall": 0.5714285714285714,
  "Sensibilidad": 0.5714285714285714,
  "Especificidad": 0.6702586206896551,
  "F1_Score": 0.32116788321167883,
  "Accuracy_sklearn": 0.6561922365988909,
  "best_hyperparameters": {
    "C": 100,
    "gamma": 0.001,
    "kernel": "linear"
  },
  "cv_best_score": 0.6541935483870968,
  "timestamp": "2025-12-12T02:33:04.526786",
  "confusion_matrix": [
    [
      311,
      153
    ],
    [
      33,
      44
    ]
  ]
}