{
  "best_params": {
    "criterion": "entropy",
    "max_depth": 20,
    "min_samples_leaf": 4,
    "min_samples_split": 2
  },
  "best_cv_score": 0.3979118197630956,
  "test_metrics": {
    "accuracy": 0.8299445471349353,
    "precision": 0.38461538461538464,
    "recall": 0.3246753246753247,
    "f1_score": 0.352112676056338,
    "f2_score": 0.3351206434316354
  },
  "timestamp": "2025-12-11T09:11:47.184840",
  "confusion_matrix": [
    [
      424,
      40
    ],
    [
      52,
      25
    ]
  ],
  "labels": [
    0,
    1
  ]
}