{
  "best_params": {
    "criterion": "entropy",
    "max_depth": 20,
    "min_samples_leaf": 1,
    "min_samples_split": 5
  },
  "best_cv_score": 0.40881720430107527,
  "test_metrics": {
    "accuracy": 0.8428835489833642,
    "precision": 0.44285714285714284,
    "recall": 0.4025974025974026,
    "f1_score": 0.4217687074829932
  },
  "timestamp": "2025-12-12T02:09:25.782483",
  "cv_folds": 10,
  "n_combinations_tested": 160,
  "total_fits": 1600,
  "time_seconds": 6.296741,
  "dataset_info": {
    "n_samples": 2164,
    "n_features": 65
  }
}