{
  "best_params": {
    "criterion": "entropy",
    "max_depth": 20,
    "min_samples_leaf": 2,
    "min_samples_split": 2
  },
  "best_cv_score": 0.38562091503267976,
  "test_metrics": {
    "accuracy": 0.833641404805915,
    "precision": 0.41333333333333333,
    "recall": 0.4025974025974026,
    "f1_score": 0.40789473684210525
  },
  "timestamp": "2025-11-28T13:29:12.608452"
}