{
  "best_params": {
    "var_smoothing": 1e-09
  },
  "best_cv_score": 0.02394883076922991,
  "test_metrics": {
    "accuracy": 0.8502772643253235,
    "precision": 0.3,
    "recall": 0.03896103896103896,
    "f1_score": 0.06896551724137931,
    "f2_score": 0.04716981132075472
  },
  "timestamp": "2025-12-11T09:11:41.125429",
  "confusion_matrix": [
    [
      457,
      7
    ],
    [
      74,
      3
    ]
  ],
  "labels": [
    0,
    1
  ]
}