{
  "best_params": {
    "C": 10,
    "gamma": 0.001,
    "kernel": "linear"
  },
  "best_cv_score": 0.4803921568627451,
  "test_metrics": {
    "accuracy": 0.8558225508317929,
    "precision": 0.42857142857142855,
    "recall": 0.03896103896103896,
    "f1_score": 0.07142857142857142
  },
  "timestamp": "2025-11-28T13:29:12.672289"
}