{
  "best_params": {
    "C": 0.1,
    "gamma": 0.001,
    "kernel": "linear"
  },
  "best_cv_score": 0.4741935483870968,
  "test_metrics": {
    "accuracy": 0.15711645101663585,
    "precision": 0.14446529080675422,
    "recall": 1.0,
    "f1_score": 0.25245901639344265
  },
  "timestamp": "2025-12-12T02:09:54.642516",
  "cv_folds": 10,
  "n_combinations_tested": 72,
  "total_fits": 720,
  "time_seconds": 35.158473,
  "dataset_info": {
    "n_samples": 2164,
    "n_features": 65
  }
}