{
  "best_params": {
    "C": 1000,
    "gamma": 0.001,
    "kernel": "rbf"
  },
  "best_cv_score": 0.2691244018178202,
  "test_metrics": {
    "accuracy": 0.8373382624768947,
    "precision": 0.36585365853658536,
    "recall": 0.19480519480519481,
    "f1_score": 0.2542372881355932,
    "f2_score": 0.2148997134670487
  },
  "timestamp": "2025-12-11T09:11:47.349372",
  "confusion_matrix": [
    [
      438,
      26
    ],
    [
      62,
      15
    ]
  ],
  "labels": [
    0,
    1
  ]
}