{
  "best_params": {
    "criterion": "entropy",
    "max_depth": 10,
    "min_samples_leaf": 1,
    "min_samples_split": 2
  },
  "best_cv_score": 0.9147283702213281,
  "test_metrics": {
    "accuracy": 0.8470254957507082,
    "precision": 0.22,
    "recall": 0.4230769230769231,
    "f1_score": 0.2894736842105263
  },
  "timestamp": "2025-12-12T02:40:29.671406",
  "cv_folds": 10,
  "n_combinations_tested": 160,
  "total_fits": 1600,
  "time_seconds": 4.342521,
  "dataset_info": {
    "n_samples": 1409,
    "n_features": 20
  }
}