{
  "best_params": {
    "C": 0.1,
    "gamma": 1,
    "kernel": "rbf"
  },
  "best_cv_score": 0.938913480885312,
  "test_metrics": {
    "accuracy": 0.46175637393767704,
    "precision": 0.10952380952380952,
    "recall": 0.8846153846153846,
    "f1_score": 0.19491525423728814
  },
  "timestamp": "2025-12-12T02:40:44.849436",
  "cv_folds": 10,
  "n_combinations_tested": 72,
  "total_fits": 720,
  "time_seconds": 19.521633,
  "dataset_info": {
    "n_samples": 1409,
    "n_features": 20
  }
}