{
  "best_params": {
    "criterion": "gini",
    "max_depth": 10,
    "min_samples_leaf": 1,
    "min_samples_split": 2
  },
  "best_cv_score": 0.9633522727272726,
  "test_metrics": {
    "accuracy": 0.8181818181818182,
    "precision": 0.19230769230769232,
    "recall": 0.35714285714285715,
    "f1_score": 0.25
  },
  "timestamp": "2025-12-12T02:15:29.949294",
  "cv_folds": 10,
  "n_combinations_tested": 160,
  "total_fits": 1600,
  "time_seconds": 4.083346,
  "dataset_info": {
    "n_samples": 656,
    "n_features": 65
  }
}