{
  "best_params": {
    "criterion": "gini",
    "max_depth": 5,
    "min_samples_leaf": 1,
    "min_samples_split": 2
  },
  "best_cv_score": 0.9542952460383654,
  "test_metrics": {
    "accuracy": 0.8303030303030303,
    "precision": 0.28125,
    "recall": 0.6428571428571429,
    "f1_score": 0.391304347826087
  },
  "timestamp": "2025-11-28T13:30:43.597886"
}