{
  "best_params": {
    "var_smoothing": 1e-09
  },
  "best_cv_score": 0.8495797739672367,
  "test_metrics": {
    "accuracy": 0.6242424242424243,
    "precision": 0.14705882352941177,
    "recall": 0.7142857142857143,
    "f1_score": 0.24390243902439024,
    "f2_score": 0.4032258064516129
  },
  "timestamp": "2025-12-11T09:13:57.883967",
  "confusion_matrix": [
    [
      93,
      58
    ],
    [
      4,
      10
    ]
  ],
  "labels": [
    0,
    1
  ]
}