{
  "best_params": {
    "var_smoothing": 1e-09
  },
  "best_cv_score": 0.9131628787878789,
  "test_metrics": {
    "accuracy": 0.6242424242424243,
    "precision": 0.14705882352941177,
    "recall": 0.7142857142857143,
    "f1_score": 0.24390243902439024
  },
  "timestamp": "2025-12-12T02:15:28.715503",
  "cv_folds": 10,
  "n_combinations_tested": 6,
  "total_fits": 60,
  "time_seconds": 2.849835,
  "dataset_info": {
    "n_samples": 656,
    "n_features": 65
  }
}