{
  "best_params": {
    "var_smoothing": 1e-07
  },
  "best_cv_score": 0.7390354292093294,
  "test_metrics": {
    "accuracy": 0.7454545454545455,
    "precision": 0.20833333333333334,
    "recall": 0.7142857142857143,
    "f1_score": 0.3225806451612903
  },
  "timestamp": "2025-11-27T19:31:41.366842"
}