{
  "best_params": {
    "C": 10,
    "gamma": "scale",
    "kernel": "rbf"
  },
  "best_cv_score": 0.9566176682261174,
  "test_metrics": {
    "accuracy": 0.8727272727272727,
    "precision": 0.3333333333333333,
    "recall": 0.5,
    "f1_score": 0.4,
    "f2_score": 0.45454545454545453
  },
  "timestamp": "2025-12-11T09:13:59.229205",
  "confusion_matrix": [
    [
      137,
      14
    ],
    [
      7,
      7
    ]
  ],
  "labels": [
    0,
    1
  ]
}