{
  "best_params": {
    "C": 10,
    "gamma": "scale",
    "kernel": "rbf"
  },
  "best_cv_score": 0.9724431818181817,
  "test_metrics": {
    "accuracy": 0.8727272727272727,
    "precision": 0.3333333333333333,
    "recall": 0.5,
    "f1_score": 0.4
  },
  "timestamp": "2025-12-12T02:15:34.568324",
  "cv_folds": 10,
  "n_combinations_tested": 72,
  "total_fits": 720,
  "time_seconds": 8.70338,
  "dataset_info": {
    "n_samples": 656,
    "n_features": 65
  }
}