{
  "best_params": {
    "C": 10,
    "gamma": 0.01,
    "kernel": "rbf"
  },
  "best_cv_score": 0.960494856825132,
  "test_metrics": {
    "accuracy": 0.8666666666666667,
    "precision": 0.3181818181818182,
    "recall": 0.5,
    "f1_score": 0.3888888888888889
  },
  "timestamp": "2025-11-28T13:30:43.486750"
}