{
  "best_params": {
    "C": 100,
    "gamma": "auto",
    "kernel": "rbf"
  },
  "best_cv_score": 0.9295351820576037,
  "test_metrics": {
    "accuracy": 0.896969696969697,
    "precision": 0.36363636363636365,
    "recall": 0.2857142857142857,
    "f1_score": 0.32
  },
  "timestamp": "2025-11-27T19:31:41.801411"
}