{
  "dataset": "wicket-1.3.0-beta2",
  "balancing_method": "hcbou",
  "scaler_type": "standard",
  "models": {
    "svm": {
      "F1_Score": 0.23809523809523808,
      "F2_Score": 0.20833333333333334,
      "Exactitud": 0.9093484419263456,
      "Accuracy": 0.9093484419263456,
      "Balanced_Accuracy": 0.5793342742884028,
      "BER": 0.4206657257115972,
      "MCC": 0.1992399653779429,
      "Precision": 0.3125,
      "Recall": 0.19230769230769232,
      "Sensibilidad": 0.19230769230769232,
      "Especificidad": 0.9663608562691132,
      "Error": 0.0906515580736544,
      "TP_Rate": 0.19230769230769232,
      "FP_Rate": 0.03363914373088685,
      "ROC_AUC": 0.7634674194307223,
      "confusion_matrix": [
        [
          316,
          11
        ],
        [
          21,
          5
        ]
      ]
    },
    "naive_bayes_gaussian": {
      "F1_Score": 0.3389830508474576,
      "F2_Score": 0.36496350364963503,
      "Exactitud": 0.8895184135977338,
      "Accuracy": 0.8895184135977338,
      "Balanced_Accuracy": 0.6571394965890379,
      "BER": 0.3428605034109621,
      "MCC": 0.2819966469302553,
      "Precision": 0.30303030303030304,
      "Recall": 0.38461538461538464,
      "Sensibilidad": 0.38461538461538464,
      "Especificidad": 0.9296636085626911,
      "Error": 0.11048158640226628,
      "TP_Rate": 0.38461538461538464,
      "FP_Rate": 0.07033639143730887,
      "ROC_AUC": 0.7886379675370502,
      "confusion_matrix": [
        [
          304,
          23
        ],
        [
          16,
          10
        ]
      ]
    },
    "decision_tree": {
      "F1_Score": 0.23376623376623376,
      "F2_Score": 0.2903225806451613,
      "Exactitud": 0.8328611898016998,
      "Accuracy": 0.8328611898016998,
      "Balanced_Accuracy": 0.6088567395906845,
      "BER": 0.39114326040931546,
      "MCC": 0.16175484912185512,
      "Precision": 0.17647058823529413,
      "Recall": 0.34615384615384615,
      "Sensibilidad": 0.34615384615384615,
      "Especificidad": 0.8715596330275229,
      "Error": 0.1671388101983003,
      "TP_Rate": 0.34615384615384615,
      "FP_Rate": 0.12844036697247707,
      "ROC_AUC": 0.6088567395906846,
      "confusion_matrix": [
        [
          285,
          42
        ],
        [
          17,
          9
        ]
      ]
    }
  },
  "timestamp": "2025-12-11T09:19:52.700658"
}