{
  "TP": 9,
  "TN": 285,
  "FP": 42,
  "FN": 17,
  "P": 26,
  "N": 327,
  "Total": 353,
  "Error": 0.1671388101983003,
  "Exactitud": 0.8328611898016998,
  "TP_Rate": 0.34615384615384615,
  "FP_Rate": 0.12844036697247707,
  "Precision": 0.17647058823529413,
  "Recall": 0.34615384615384615,
  "Sensibilidad": 0.34615384615384615,
  "Especificidad": 0.8715596330275229,
  "F1_Score": 0.23376623376623376,
  "Accuracy_sklearn": 0.8328611898016998,
  "F2_Score": 0.2903225806451613,
  "Balanced_Accuracy": 0.6088567395906845,
  "BER": 0.39114326040931546,
  "MCC": 0.16175484912185512,
  "Accuracy": 0.8328611898016998,
  "ROC_AUC": 0.6088567395906846,
  "PR_AUC": 0.2853915373078846,
  "classification_report": {
    "No-Buggy": {
      "precision": 0.9437086092715232,
      "recall": 0.8715596330275229,
      "f1-score": 0.9062003179650239,
      "support": 327.0
    },
    "Buggy": {
      "precision": 0.17647058823529413,
      "recall": 0.34615384615384615,
      "f1-score": 0.23376623376623376,
      "support": 26.0
    },
    "accuracy": 0.8328611898016998,
    "macro avg": {
      "precision": 0.5600895987534087,
      "recall": 0.6088567395906845,
      "f1-score": 0.5699832758656288,
      "support": 353.0
    },
    "weighted avg": {
      "precision": 0.8871981601300445,
      "recall": 0.8328611898016998,
      "f1-score": 0.8566725950495324,
      "support": 353.0
    }
  },
  "confusion_matrix": [
    [
      285,
      42
    ],
    [
      17,
      9
    ]
  ],
  "training_time_seconds": 0.015729,
  "best_hyperparameters": {
    "criterion": "entropy",
    "max_depth": 20,
    "min_samples_leaf": 1,
    "min_samples_split": 2
  },
  "timestamp": "2025-12-11T09:19:52.484118"
}