{
  "TP": 19,
  "TN": 222,
  "FP": 105,
  "FN": 7,
  "P": 26,
  "N": 327,
  "Total": 353,
  "Error": 0.31728045325779036,
  "Exactitud": 0.6827195467422096,
  "TP_Rate": 0.7307692307692307,
  "FP_Rate": 0.3211009174311927,
  "Precision": 0.1532258064516129,
  "Recall": 0.7307692307692307,
  "Sensibilidad": 0.7307692307692307,
  "Especificidad": 0.6788990825688074,
  "F1_Score": 0.25333333333333335,
  "Accuracy_sklearn": 0.6827195467422096,
  "ROC_AUC": 0.7747588802634674,
  "PR_AUC": 0.2612872846409893,
  "classification_report": {
    "No-Buggy": {
      "precision": 0.9694323144104804,
      "recall": 0.6788990825688074,
      "f1-score": 0.7985611510791367,
      "support": 327.0
    },
    "Buggy": {
      "precision": 0.1532258064516129,
      "recall": 0.7307692307692307,
      "f1-score": 0.25333333333333335,
      "support": 26.0
    },
    "accuracy": 0.6827195467422096,
    "macro avg": {
      "precision": 0.5613290604310467,
      "recall": 0.704834156669019,
      "f1-score": 0.525947242206235,
      "support": 353.0
    },
    "weighted avg": {
      "precision": 0.909315121189714,
      "recall": 0.6827195467422096,
      "f1-score": 0.7584027282423352,
      "support": 353.0
    }
  },
  "confusion_matrix": [
    [
      222,
      105
    ],
    [
      7,
      19
    ]
  ],
  "training_time_seconds": 0.025419,
  "best_hyperparameters": {
    "C": 0.1,
    "gamma": 0.1,
    "kernel": "rbf"
  },
  "timestamp": "2025-11-28T13:35:19.742775"
}