{
  "TP": 5,
  "TN": 316,
  "FP": 11,
  "FN": 21,
  "P": 26,
  "N": 327,
  "Total": 353,
  "Error": 0.0906515580736544,
  "Exactitud": 0.9093484419263456,
  "TP_Rate": 0.19230769230769232,
  "FP_Rate": 0.03363914373088685,
  "Precision": 0.3125,
  "Recall": 0.19230769230769232,
  "Sensibilidad": 0.19230769230769232,
  "Especificidad": 0.9663608562691132,
  "F1_Score": 0.23809523809523808,
  "Accuracy_sklearn": 0.9093484419263456,
  "ROC_AUC": 0.7634674194307223,
  "PR_AUC": 0.32045890754387474,
  "classification_report": {
    "No-Buggy": {
      "precision": 0.9376854599406528,
      "recall": 0.9663608562691132,
      "f1-score": 0.9518072289156626,
      "support": 327.0
    },
    "Buggy": {
      "precision": 0.3125,
      "recall": 0.19230769230769232,
      "f1-score": 0.23809523809523808,
      "support": 26.0
    },
    "accuracy": 0.9093484419263456,
    "macro avg": {
      "precision": 0.6250927299703264,
      "recall": 0.5793342742884028,
      "f1-score": 0.5949512335054503,
      "support": 353.0
    },
    "weighted avg": {
      "precision": 0.8916378056674035,
      "recall": 0.9093484419263456,
      "f1-score": 0.8992392069288891,
      "support": 353.0
    }
  },
  "confusion_matrix": [
    [
      316,
      11
    ],
    [
      21,
      5
    ]
  ],
  "training_time_seconds": 0.172566,
  "best_hyperparameters": {
    "C": 100,
    "gamma": 0.1,
    "kernel": "rbf"
  },
  "timestamp": "2025-11-27T20:00:49.972358"
}