{
  "best_params": {
    "criterion": "entropy",
    "max_depth": 10,
    "min_samples_leaf": 1,
    "min_samples_split": 2
  },
  "best_cv_score": 0.912092555331992,
  "test_metrics": {
    "accuracy": 0.8696883852691218,
    "precision": 0.2727272727272727,
    "recall": 0.46153846153846156,
    "f1_score": 0.34285714285714286
  },
  "timestamp": "2025-12-12T02:39:28.150915",
  "cv_folds": 10,
  "n_combinations_tested": 160,
  "total_fits": 1600,
  "time_seconds": 4.073866,
  "dataset_info": {
    "n_samples": 1410,
    "n_features": 20
  }
}