{
  "TP": 13,
  "TN": 114,
  "FP": 16,
  "FN": 4,
  "P": 17,
  "N": 130,
  "Total": 147,
  "Error": 0.1360544217687075,
  "Exactitud": 0.8639455782312925,
  "TP_Rate": 0.7647058823529411,
  "FP_Rate": 0.12307692307692308,
  "Precision": 0.4482758620689655,
  "Recall": 0.7647058823529411,
  "Sensibilidad": 0.7647058823529411,
  "Especificidad": 0.8769230769230769,
  "F1_Score": 0.5652173913043478,
  "Accuracy_sklearn": 0.8639455782312925,
  "best_hyperparameters": {
    "C": 100,
    "gamma": 1,
    "kernel": "rbf"
  },
  "cv_best_score": 0.9864367816091952,
  "timestamp": "2025-12-12T02:38:53.804193",
  "confusion_matrix": [
    [
      114,
      16
    ],
    [
      4,
      13
    ]
  ]
}