{
  "TP": 25,
  "TN": 309,
  "FP": 9,
  "FN": 34,
  "P": 59,
  "N": 318,
  "Total": 377,
  "Error": 0.11405835543766578,
  "Exactitud": 0.8859416445623343,
  "TP_Rate": 0.423728813559322,
  "FP_Rate": 0.02830188679245283,
  "Precision": 0.7352941176470589,
  "Recall": 0.423728813559322,
  "Sensibilidad": 0.423728813559322,
  "Especificidad": 0.9716981132075472,
  "F1_Score": 0.5376344086021505,
  "Accuracy_sklearn": 0.8859416445623343,
  "best_hyperparameters": {
    "C": 10,
    "gamma": "scale",
    "kernel": "rbf"
  },
  "cv_best_score": 0.5295289855072464,
  "timestamp": "2025-12-12T02:28:29.355251",
  "confusion_matrix": [
    [
      309,
      9
    ],
    [
      34,
      25
    ]
  ]
}