{
  "best_params": {
    "criterion": "entropy",
    "max_depth": 20,
    "min_samples_leaf": 1,
    "min_samples_split": 2
  },
  "best_cv_score": 0.8857543859649123,
  "test_metrics": {
    "accuracy": 0.830238726790451,
    "precision": 0.46987951807228917,
    "recall": 0.6610169491525424,
    "f1_score": 0.5492957746478874
  },
  "timestamp": "2025-12-12T02:27:31.883197",
  "cv_folds": 10,
  "n_combinations_tested": 160,
  "total_fits": 1600,
  "time_seconds": 3.907257,
  "dataset_info": {
    "n_samples": 1506,
    "n_features": 20
  }
}