{
  "best_params": {
    "var_smoothing": 1e-05
  },
  "best_cv_score": 0.9920350877192983,
  "test_metrics": {
    "accuracy": 0.15119363395225463,
    "precision": 0.152,
    "recall": 0.9661016949152542,
    "f1_score": 0.2626728110599078
  },
  "timestamp": "2025-12-12T02:27:30.558881",
  "cv_folds": 10,
  "n_combinations_tested": 6,
  "total_fits": 60,
  "time_seconds": 2.583183,
  "dataset_info": {
    "n_samples": 1506,
    "n_features": 20
  }
}