{
  "TP": 9,
  "TN": 223,
  "FP": 4,
  "FN": 48,
  "P": 57,
  "N": 227,
  "Total": 284,
  "Error": 0.18309859154929578,
  "Exactitud": 0.8169014084507042,
  "TP_Rate": 0.15789473684210525,
  "FP_Rate": 0.01762114537444934,
  "Precision": 0.6923076923076923,
  "Recall": 0.15789473684210525,
  "Sensibilidad": 0.15789473684210525,
  "Especificidad": 0.9823788546255506,
  "F1_Score": 0.2571428571428571,
  "Accuracy_sklearn": 0.8169014084507042,
  "best_hyperparameters": {
    "var_smoothing": 1e-09
  },
  "cv_best_score": 0.1468671679197995,
  "timestamp": "2025-12-12T02:20:44.471950",
  "confusion_matrix": [
    [
      223,
      4
    ],
    [
      48,
      9
    ]
  ]
}