{
  "TP": 37,
  "TN": 78,
  "FP": 90,
  "FN": 7,
  "P": 44,
  "N": 168,
  "Total": 212,
  "Error": 0.45754716981132076,
  "Exactitud": 0.5424528301886793,
  "TP_Rate": 0.8409090909090909,
  "FP_Rate": 0.5357142857142857,
  "Precision": 0.29133858267716534,
  "Recall": 0.8409090909090909,
  "Sensibilidad": 0.8409090909090909,
  "Especificidad": 0.4642857142857143,
  "F1_Score": 0.4327485380116959,
  "Accuracy_sklearn": 0.5424528301886793,
  "best_hyperparameters": {
    "C": 0.1,
    "gamma": 0.1,
    "kernel": "rbf"
  },
  "cv_best_score": 0.9096899224806203,
  "timestamp": "2025-12-12T02:18:03.045688",
  "confusion_matrix": [
    [
      78,
      90
    ],
    [
      7,
      37
    ]
  ]
}