{
  "best_params": {
    "var_smoothing": 1e-09
  },
  "best_cv_score": 0.11115288220551375,
  "test_metrics": {
    "accuracy": 0.8063380281690141,
    "precision": 0.625,
    "recall": 0.08771929824561403,
    "f1_score": 0.15384615384615385
  },
  "timestamp": "2025-12-12T02:37:04.437739",
  "cv_folds": 10,
  "n_combinations_tested": 6,
  "total_fits": 60,
  "time_seconds": 2.73874,
  "dataset_info": {
    "n_samples": 1132,
    "n_features": 20
  }
}