{
  "best_params": {
    "C": 100,
    "gamma": 1,
    "kernel": "rbf"
  },
  "best_cv_score": 0.943577694235589,
  "test_metrics": {
    "accuracy": 0.7605633802816901,
    "precision": 0.44086021505376344,
    "recall": 0.7192982456140351,
    "f1_score": 0.5466666666666666
  },
  "timestamp": "2025-12-12T02:37:17.614260",
  "cv_folds": 10,
  "n_combinations_tested": 72,
  "total_fits": 720,
  "time_seconds": 15.91558,
  "dataset_info": {
    "n_samples": 1132,
    "n_features": 20
  }
}