{
  "TP": 29,
  "TN": 28,
  "FP": 140,
  "FN": 15,
  "P": 44,
  "N": 168,
  "Total": 212,
  "Error": 0.7311320754716981,
  "Exactitud": 0.2688679245283019,
  "TP_Rate": 0.6590909090909091,
  "FP_Rate": 0.8333333333333334,
  "Precision": 0.17159763313609466,
  "Recall": 0.6590909090909091,
  "Sensibilidad": 0.6590909090909091,
  "Especificidad": 0.16666666666666666,
  "F1_Score": 0.27230046948356806,
  "Accuracy_sklearn": 0.2688679245283019,
  "best_hyperparameters": {
    "C": 1000,
    "gamma": 0.001,
    "kernel": "linear"
  },
  "cv_best_score": 0.5526143790849674,
  "timestamp": "2025-12-12T02:35:44.824847",
  "confusion_matrix": [
    [
      28,
      140
    ],
    [
      15,
      29
    ]
  ]
}