{
  "TP": 25,
  "TN": 400,
  "FP": 64,
  "FN": 52,
  "P": 77,
  "N": 464,
  "Total": 541,
  "Error": 0.2144177449168207,
  "Exactitud": 0.7855822550831792,
  "TP_Rate": 0.3246753246753247,
  "FP_Rate": 0.13793103448275862,
  "Precision": 0.2808988764044944,
  "Recall": 0.3246753246753247,
  "Sensibilidad": 0.3246753246753247,
  "Especificidad": 0.8620689655172413,
  "F1_Score": 0.30120481927710846,
  "Accuracy_sklearn": 0.7855822550831792,
  "best_hyperparameters": {
    "C": 100,
    "gamma": 0.1,
    "kernel": "rbf"
  },
  "cv_best_score": 0.9325008494733265,
  "timestamp": "2025-12-12T02:14:43.521126",
  "confusion_matrix": [
    [
      400,
      64
    ],
    [
      52,
      25
    ]
  ]
}