{
  "best_params": {
    "C": 100,
    "gamma": 1,
    "kernel": "rbf"
  },
  "best_cv_score": 0.8443609022556391,
  "test_metrics": {
    "accuracy": 0.7922535211267606,
    "precision": 0.4857142857142857,
    "recall": 0.5964912280701754,
    "f1_score": 0.5354330708661418
  },
  "timestamp": "2025-12-12T02:37:32.492057",
  "cv_folds": 10,
  "n_combinations_tested": 72,
  "total_fits": 720,
  "time_seconds": 13.152043,
  "dataset_info": {
    "n_samples": 1132,
    "n_features": 20
  }
}