{
  "best_params": {
    "criterion": "gini",
    "max_depth": null,
    "min_samples_leaf": 1,
    "min_samples_split": 2
  },
  "best_cv_score": 0.8364650661742075,
  "test_metrics": {
    "accuracy": 0.7412199630314233,
    "precision": 0.2827586206896552,
    "recall": 0.5324675324675324,
    "f1_score": 0.36936936936936937
  },
  "timestamp": "2025-11-28T13:29:53.836563"
}