{
  "best_params": {
    "criterion": "gini",
    "max_depth": 10,
    "min_samples_leaf": 1,
    "min_samples_split": 2
  },
  "best_cv_score": 0.8133846002369848,
  "test_metrics": {
    "accuracy": 0.7486136783733827,
    "precision": 0.29931972789115646,
    "recall": 0.5714285714285714,
    "f1_score": 0.39285714285714285
  },
  "timestamp": "2025-11-27T19:56:41.252742"
}