{
  "best_params": {
    "var_smoothing": 1e-09
  },
  "best_cv_score": 0.4936694252910999,
  "test_metrics": {
    "accuracy": 0.8410351201478743,
    "precision": 0.44155844155844154,
    "recall": 0.44155844155844154,
    "f1_score": 0.44155844155844154,
    "f2_score": 0.44155844155844154
  },
  "timestamp": "2025-12-11T09:12:51.517822",
  "confusion_matrix": [
    [
      421,
      43
    ],
    [
      43,
      34
    ]
  ],
  "labels": [
    0,
    1
  ]
}