{
  "best_params": {
    "var_smoothing": 1e-09
  },
  "best_cv_score": 0.46574587052426386,
  "test_metrics": {
    "accuracy": 0.8410351201478743,
    "precision": 0.44155844155844154,
    "recall": 0.44155844155844154,
    "f1_score": 0.44155844155844154
  },
  "timestamp": "2025-11-28T13:29:52.061224"
}