{
  "best_params": {
    "var_smoothing": 1e-09
  },
  "best_cv_score": 0.588504716812501,
  "test_metrics": {
    "accuracy": 0.8410351201478743,
    "precision": 0.44155844155844154,
    "recall": 0.44155844155844154,
    "f1_score": 0.44155844155844154
  },
  "timestamp": "2025-11-27T19:31:04.046840"
}