{
  "best_params": {
    "var_smoothing": 1e-09
  },
  "best_cv_score": 0.44836901121304795,
  "test_metrics": {
    "accuracy": 0.8410351201478743,
    "precision": 0.44155844155844154,
    "recall": 0.44155844155844154,
    "f1_score": 0.44155844155844154
  },
  "timestamp": "2025-12-12T02:13:14.402875",
  "cv_folds": 10,
  "n_combinations_tested": 6,
  "total_fits": 60,
  "time_seconds": 2.77957,
  "dataset_info": {
    "n_samples": 2164,
    "n_features": 65
  }
}