{
  "best_params": {
    "C": 1000,
    "gamma": 0.1,
    "kernel": "rbf"
  },
  "best_cv_score": 0.8845721760541706,
  "test_metrics": {
    "accuracy": 0.8022181146025879,
    "precision": 0.3125,
    "recall": 0.3246753246753247,
    "f1_score": 0.3184713375796178
  },
  "timestamp": "2025-11-28T13:29:54.155499"
}