{
  "best_params": {
    "C": 10,
    "gamma": 0.1,
    "kernel": "rbf"
  },
  "best_cv_score": 0.8997208015504266,
  "test_metrics": {
    "accuracy": 0.8022181146025879,
    "precision": 0.36607142857142855,
    "recall": 0.5324675324675324,
    "f1_score": 0.43386243386243384,
    "f2_score": 0.4880952380952381
  },
  "timestamp": "2025-12-11T09:12:58.905528",
  "confusion_matrix": [
    [
      393,
      71
    ],
    [
      36,
      41
    ]
  ],
  "labels": [
    0,
    1
  ]
}