{
  "best_params": {
    "C": 10,
    "gamma": 0.1,
    "kernel": "rbf"
  },
  "best_cv_score": 0.8569916019457304,
  "test_metrics": {
    "accuracy": 0.8022181146025879,
    "precision": 0.36607142857142855,
    "recall": 0.5324675324675324,
    "f1_score": 0.43386243386243384
  },
  "timestamp": "2025-11-27T19:56:41.581616"
}