{
  "best_params": {
    "C": 1,
    "gamma": 1,
    "kernel": "rbf"
  },
  "best_cv_score": 0.9389313625552159,
  "test_metrics": {
    "accuracy": 0.6192236598890942,
    "precision": 0.2450592885375494,
    "recall": 0.8051948051948052,
    "f1_score": 0.37575757575757573
  },
  "timestamp": "2025-12-12T02:13:56.976371",
  "cv_folds": 10,
  "n_combinations_tested": 72,
  "total_fits": 720,
  "time_seconds": 45.354222,
  "dataset_info": {
    "n_samples": 2164,
    "n_features": 65
  }
}