{
  "best_params": {
    "var_smoothing": 1e-09
  },
  "best_cv_score": 0.04622201871363477,
  "test_metrics": {
    "accuracy": 0.891156462585034,
    "precision": 1.0,
    "recall": 0.058823529411764705,
    "f1_score": 0.1111111111111111,
    "f2_score": 0.07246376811594203
  },
  "timestamp": "2025-12-11T09:17:43.708846",
  "confusion_matrix": [
    [
      130,
      0
    ],
    [
      16,
      1
    ]
  ],
  "labels": [
    0,
    1
  ]
}