{
  "best_params": {
    "var_smoothing": 1e-09
  },
  "best_cv_score": 0.08833309634818358,
  "test_metrics": {
    "accuracy": 0.891156462585034,
    "precision": 1.0,
    "recall": 0.058823529411764705,
    "f1_score": 0.1111111111111111
  },
  "timestamp": "2025-11-27T19:59:30.930042"
}