{
  "best_params": {
    "C": 10,
    "gamma": "auto",
    "kernel": "rbf"
  },
  "best_cv_score": 0.9544382950086374,
  "test_metrics": {
    "accuracy": 0.8163265306122449,
    "precision": 0.34375,
    "recall": 0.6470588235294118,
    "f1_score": 0.4489795918367347,
    "f2_score": 0.55
  },
  "timestamp": "2025-12-11T09:17:45.186785",
  "confusion_matrix": [
    [
      109,
      21
    ],
    [
      6,
      11
    ]
  ],
  "labels": [
    0,
    1
  ]
}