{
  "best_params": {
    "C": 10,
    "gamma": 0.01,
    "kernel": "rbf"
  },
  "best_cv_score": 0.9021468754971292,
  "test_metrics": {
    "accuracy": 0.8299319727891157,
    "precision": 0.36666666666666664,
    "recall": 0.6470588235294118,
    "f1_score": 0.46808510638297873
  },
  "timestamp": "2025-11-27T19:59:31.294063"
}