{
  "best_params": {
    "C": 10,
    "gamma": 0.1,
    "kernel": "rbf"
  },
  "best_cv_score": 0.9932183908045978,
  "test_metrics": {
    "accuracy": 0.7278911564625851,
    "precision": 0.2553191489361702,
    "recall": 0.7058823529411765,
    "f1_score": 0.375
  },
  "timestamp": "2025-12-12T02:21:20.975107",
  "cv_folds": 10,
  "n_combinations_tested": 72,
  "total_fits": 720,
  "time_seconds": 8.67022,
  "dataset_info": {
    "n_samples": 584,
    "n_features": 65
  }
}