{
  "best_params": {
    "C": 10,
    "gamma": 0.1,
    "kernel": "rbf"
  },
  "best_cv_score": 0.993127147766323,
  "test_metrics": {
    "accuracy": 0.7278911564625851,
    "precision": 0.2553191489361702,
    "recall": 0.7058823529411765,
    "f1_score": 0.375
  },
  "timestamp": "2025-11-28T13:33:43.940526"
}