{
  "dataset": "hive-0.9.0",
  "balancing_method": "csbboost",
  "scaler_type": "robust",
  "models": {
    "svm": {
      "F1_Score": 0.5408805031446541,
      "F2_Score": 0.6515151515151515,
      "Exactitud": 0.7429577464788732,
      "Accuracy": 0.7429577464788732,
      "Balanced_Accuracy": 0.7472370353195765,
      "BER": 0.2527629646804235,
      "MCC": 0.412817499989044,
      "Precision": 0.4215686274509804,
      "Recall": 0.7543859649122807,
      "Sensibilidad": 0.7543859649122807,
      "Especificidad": 0.7400881057268722,
      "Error": 0.25704225352112675,
      "TP_Rate": 0.7543859649122807,
      "FP_Rate": 0.2599118942731278,
      "ROC_AUC": 0.8056264008037715,
      "confusion_matrix": [
        [
          168,
          59
        ],
        [
          14,
          43
        ]
      ]
    },
    "naive_bayes_gaussian": {
      "F1_Score": 0.2571428571428571,
      "F2_Score": 0.18672199170124482,
      "Exactitud": 0.8169014084507042,
      "Accuracy": 0.8169014084507042,
      "Balanced_Accuracy": 0.5701367957338279,
      "BER": 0.4298632042661721,
      "MCC": 0.2688251837623549,
      "Precision": 0.6923076923076923,
      "Recall": 0.15789473684210525,
      "Sensibilidad": 0.15789473684210525,
      "Especificidad": 0.9823788546255506,
      "Error": 0.18309859154929578,
      "TP_Rate": 0.15789473684210525,
      "FP_Rate": 0.01762114537444934,
      "ROC_AUC": 0.7627328232475462,
      "confusion_matrix": [
        [
          223,
          4
        ],
        [
          48,
          9
        ]
      ]
    },
    "decision_tree": {
      "F1_Score": 0.6713286713286714,
      "F2_Score": 0.7643312101910829,
      "Exactitud": 0.8345070422535211,
      "Accuracy": 0.8345070422535211,
      "Balanced_Accuracy": 0.837352191050313,
      "BER": 0.162647808949687,
      "MCC": 0.5881418272874985,
      "Precision": 0.5581395348837209,
      "Recall": 0.8421052631578947,
      "Sensibilidad": 0.8421052631578947,
      "Especificidad": 0.8325991189427313,
      "Error": 0.16549295774647887,
      "TP_Rate": 0.8421052631578947,
      "FP_Rate": 0.16740088105726872,
      "ROC_AUC": 0.8261457608779658,
      "confusion_matrix": [
        [
          189,
          38
        ],
        [
          9,
          48
        ]
      ]
    }
  },
  "timestamp": "2025-12-11T09:17:11.110224"
}