{
  "dataset": "hive-0.9.0",
  "balancing_method": "csbboost",
  "scaler_type": "robust",
  "models": {
    "svm": {
      "F1_Score": 0.5714285714285714,
      "Exactitud": 0.7992957746478874,
      "Precision": 0.5,
      "Recall": 0.6666666666666666,
      "Sensibilidad": 0.6666666666666666,
      "Especificidad": 0.8325991189427313,
      "Error": 0.2007042253521127,
      "TP_Rate": 0.6666666666666666,
      "FP_Rate": 0.16740088105726872,
      "ROC_AUC": 0.7825179689311383,
      "confusion_matrix": [
        [
          189,
          38
        ],
        [
          19,
          38
        ]
      ]
    },
    "naive_bayes_gaussian": {
      "F1_Score": 0.2571428571428571,
      "Exactitud": 0.8169014084507042,
      "Precision": 0.6923076923076923,
      "Recall": 0.15789473684210525,
      "Sensibilidad": 0.15789473684210525,
      "Especificidad": 0.9823788546255506,
      "Error": 0.18309859154929578,
      "TP_Rate": 0.15789473684210525,
      "FP_Rate": 0.01762114537444934,
      "ROC_AUC": 0.7627328232475462,
      "confusion_matrix": [
        [
          223,
          4
        ],
        [
          48,
          9
        ]
      ]
    },
    "decision_tree": {
      "F1_Score": 0.6153846153846154,
      "Exactitud": 0.8063380281690141,
      "Precision": 0.5116279069767442,
      "Recall": 0.7719298245614035,
      "Sensibilidad": 0.7719298245614035,
      "Especificidad": 0.8149779735682819,
      "Error": 0.1936619718309859,
      "TP_Rate": 0.7719298245614035,
      "FP_Rate": 0.18502202643171806,
      "ROC_AUC": 0.7934538990648426,
      "confusion_matrix": [
        [
          185,
          42
        ],
        [
          13,
          44
        ]
      ]
    }
  },
  "timestamp": "2025-11-27T19:33:34.381279"
}