{
  "dataset": "hive-0.9.0",
  "balancing_method": "csbboost",
  "scaler_type": "robust",
  "models": {
    "svm": {
      "F1_Score": 0.3819444444444444,
      "Exactitud": 0.3732394366197183,
      "Precision": 0.23809523809523808,
      "Recall": 0.9649122807017544,
      "Sensibilidad": 0.9649122807017544,
      "Especificidad": 0.22466960352422907,
      "Error": 0.6267605633802817,
      "TP_Rate": 0.9649122807017544,
      "FP_Rate": 0.775330396475771,
      "ROC_AUC": 0.7949609707087101,
      "confusion_matrix": [
        [
          51,
          176
        ],
        [
          2,
          55
        ]
      ]
    },
    "naive_bayes_gaussian": {
      "F1_Score": 0.2571428571428571,
      "Exactitud": 0.8169014084507042,
      "Precision": 0.6923076923076923,
      "Recall": 0.15789473684210525,
      "Sensibilidad": 0.15789473684210525,
      "Especificidad": 0.9823788546255506,
      "Error": 0.18309859154929578,
      "TP_Rate": 0.15789473684210525,
      "FP_Rate": 0.01762114537444934,
      "ROC_AUC": 0.7627328232475462,
      "confusion_matrix": [
        [
          223,
          4
        ],
        [
          48,
          9
        ]
      ]
    },
    "decision_tree": {
      "F1_Score": 0.6153846153846154,
      "Exactitud": 0.8063380281690141,
      "Precision": 0.5116279069767442,
      "Recall": 0.7719298245614035,
      "Sensibilidad": 0.7719298245614035,
      "Especificidad": 0.8149779735682819,
      "Error": 0.1936619718309859,
      "TP_Rate": 0.7719298245614035,
      "FP_Rate": 0.18502202643171806,
      "ROC_AUC": 0.7934538990648426,
      "confusion_matrix": [
        [
          185,
          42
        ],
        [
          13,
          44
        ]
      ]
    }
  },
  "timestamp": "2025-11-28T13:33:14.196376"
}