{
  "TP": 44,
  "TN": 185,
  "FP": 42,
  "FN": 13,
  "P": 57,
  "N": 227,
  "Total": 284,
  "Error": 0.1936619718309859,
  "Exactitud": 0.8063380281690141,
  "TP_Rate": 0.7719298245614035,
  "FP_Rate": 0.18502202643171806,
  "Precision": 0.5116279069767442,
  "Recall": 0.7719298245614035,
  "Sensibilidad": 0.7719298245614035,
  "Especificidad": 0.8149779735682819,
  "F1_Score": 0.6153846153846154,
  "Accuracy_sklearn": 0.8063380281690141,
  "ROC_AUC": 0.7934538990648426,
  "PR_AUC": 0.6646661897127358,
  "classification_report": {
    "No-Buggy": {
      "precision": 0.9343434343434344,
      "recall": 0.8149779735682819,
      "f1-score": 0.8705882352941177,
      "support": 227.0
    },
    "Buggy": {
      "precision": 0.5116279069767442,
      "recall": 0.7719298245614035,
      "f1-score": 0.6153846153846154,
      "support": 57.0
    },
    "accuracy": 0.8063380281690141,
    "macro avg": {
      "precision": 0.7229856706600892,
      "recall": 0.7934538990648428,
      "f1-score": 0.7429864253393665,
      "support": 284.0
    },
    "weighted avg": {
      "precision": 0.849502641878993,
      "recall": 0.8063380281690141,
      "f1-score": 0.819367790453126,
      "support": 284.0
    }
  },
  "confusion_matrix": [
    [
      185,
      42
    ],
    [
      13,
      44
    ]
  ],
  "training_time_seconds": 0.014706,
  "best_hyperparameters": {
    "criterion": "entropy",
    "max_depth": 20,
    "min_samples_leaf": 1,
    "min_samples_split": 2
  },
  "timestamp": "2025-11-27T19:33:34.123411"
}