{
  "TP": 9,
  "TN": 223,
  "FP": 4,
  "FN": 48,
  "P": 57,
  "N": 227,
  "Total": 284,
  "Error": 0.18309859154929578,
  "Exactitud": 0.8169014084507042,
  "TP_Rate": 0.15789473684210525,
  "FP_Rate": 0.01762114537444934,
  "Precision": 0.6923076923076923,
  "Recall": 0.15789473684210525,
  "Sensibilidad": 0.15789473684210525,
  "Especificidad": 0.9823788546255506,
  "F1_Score": 0.2571428571428571,
  "Accuracy_sklearn": 0.8169014084507042,
  "ROC_AUC": 0.7627328232475462,
  "PR_AUC": 0.510521614251111,
  "classification_report": {
    "No-Buggy": {
      "precision": 0.8228782287822878,
      "recall": 0.9823788546255506,
      "f1-score": 0.8955823293172691,
      "support": 227.0
    },
    "Buggy": {
      "precision": 0.6923076923076923,
      "recall": 0.15789473684210525,
      "f1-score": 0.2571428571428571,
      "support": 57.0
    },
    "accuracy": 0.8169014084507042,
    "macro avg": {
      "precision": 0.75759296054499,
      "recall": 0.5701367957338279,
      "f1-score": 0.5763625932300631,
      "support": 284.0
    },
    "weighted avg": {
      "precision": 0.7966721704053443,
      "recall": 0.8169014084507042,
      "f1-score": 0.767444829620292,
      "support": 284.0
    }
  },
  "confusion_matrix": [
    [
      223,
      4
    ],
    [
      48,
      9
    ]
  ],
  "training_time_seconds": 0.000817,
  "best_hyperparameters": {
    "var_smoothing": 1e-09
  },
  "timestamp": "2025-11-28T13:33:13.649986"
}