{
  "TP": 43,
  "TN": 168,
  "FP": 59,
  "FN": 14,
  "P": 57,
  "N": 227,
  "Total": 284,
  "Error": 0.25704225352112675,
  "Exactitud": 0.7429577464788732,
  "TP_Rate": 0.7543859649122807,
  "FP_Rate": 0.2599118942731278,
  "Precision": 0.4215686274509804,
  "Recall": 0.7543859649122807,
  "Sensibilidad": 0.7543859649122807,
  "Especificidad": 0.7400881057268722,
  "F1_Score": 0.5408805031446541,
  "Accuracy_sklearn": 0.7429577464788732,
  "F2_Score": 0.6515151515151515,
  "Balanced_Accuracy": 0.7472370353195765,
  "BER": 0.2527629646804235,
  "MCC": 0.412817499989044,
  "Accuracy": 0.7429577464788732,
  "ROC_AUC": 0.8056264008037715,
  "PR_AUC": 0.5403377942328821,
  "classification_report": {
    "No-Buggy": {
      "precision": 0.9230769230769231,
      "recall": 0.7400881057268722,
      "f1-score": 0.8215158924205379,
      "support": 227.0
    },
    "Buggy": {
      "precision": 0.4215686274509804,
      "recall": 0.7543859649122807,
      "f1-score": 0.5408805031446541,
      "support": 57.0
    },
    "accuracy": 0.7429577464788732,
    "macro avg": {
      "precision": 0.6723227752639518,
      "recall": 0.7472370353195765,
      "f1-score": 0.681198197782596,
      "support": 284.0
    },
    "weighted avg": {
      "precision": 0.82242208909566,
      "recall": 0.7429577464788732,
      "f1-score": 0.7651911840095331,
      "support": 284.0
    }
  },
  "confusion_matrix": [
    [
      168,
      59
    ],
    [
      14,
      43
    ]
  ],
  "training_time_seconds": 0.024933,
  "best_hyperparameters": {
    "C": 10,
    "gamma": 0.1,
    "kernel": "rbf"
  },
  "timestamp": "2025-12-11T09:17:10.389180"
}