{
  "TP": 55,
  "TN": 51,
  "FP": 176,
  "FN": 2,
  "P": 57,
  "N": 227,
  "Total": 284,
  "Error": 0.6267605633802817,
  "Exactitud": 0.3732394366197183,
  "TP_Rate": 0.9649122807017544,
  "FP_Rate": 0.775330396475771,
  "Precision": 0.23809523809523808,
  "Recall": 0.9649122807017544,
  "Sensibilidad": 0.9649122807017544,
  "Especificidad": 0.22466960352422907,
  "F1_Score": 0.3819444444444444,
  "Accuracy_sklearn": 0.3732394366197183,
  "ROC_AUC": 0.7949609707087101,
  "PR_AUC": 0.544662626426199,
  "classification_report": {
    "No-Buggy": {
      "precision": 0.9622641509433962,
      "recall": 0.22466960352422907,
      "f1-score": 0.36428571428571427,
      "support": 227.0
    },
    "Buggy": {
      "precision": 0.23809523809523808,
      "recall": 0.9649122807017544,
      "f1-score": 0.3819444444444444,
      "support": 57.0
    },
    "accuracy": 0.3732394366197183,
    "macro avg": {
      "precision": 0.6001796945193172,
      "recall": 0.5947909421129918,
      "f1-score": 0.37311507936507937,
      "support": 284.0
    },
    "weighted avg": {
      "precision": 0.8169203902661251,
      "recall": 0.3732394366197183,
      "f1-score": 0.36782989604292415,
      "support": 284.0
    }
  },
  "confusion_matrix": [
    [
      51,
      176
    ],
    [
      2,
      55
    ]
  ],
  "training_time_seconds": 0.024118,
  "best_hyperparameters": {
    "C": 0.1,
    "gamma": 1,
    "kernel": "rbf"
  },
  "timestamp": "2025-11-28T13:33:13.379742"
}