{
  "TP": 38,
  "TN": 189,
  "FP": 38,
  "FN": 19,
  "P": 57,
  "N": 227,
  "Total": 284,
  "Error": 0.2007042253521127,
  "Exactitud": 0.7992957746478874,
  "TP_Rate": 0.6666666666666666,
  "FP_Rate": 0.16740088105726872,
  "Precision": 0.5,
  "Recall": 0.6666666666666666,
  "Sensibilidad": 0.6666666666666666,
  "Especificidad": 0.8325991189427313,
  "F1_Score": 0.5714285714285714,
  "Accuracy_sklearn": 0.7992957746478874,
  "ROC_AUC": 0.7825179689311383,
  "PR_AUC": 0.4316186155206307,
  "classification_report": {
    "No-Buggy": {
      "precision": 0.9086538461538461,
      "recall": 0.8325991189427313,
      "f1-score": 0.8689655172413793,
      "support": 227.0
    },
    "Buggy": {
      "precision": 0.5,
      "recall": 0.6666666666666666,
      "f1-score": 0.5714285714285714,
      "support": 57.0
    },
    "accuracy": 0.7992957746478874,
    "macro avg": {
      "precision": 0.7043269230769231,
      "recall": 0.7496328928046989,
      "f1-score": 0.7201970443349753,
      "support": 284.0
    },
    "weighted avg": {
      "precision": 0.826635292524377,
      "recall": 0.7992957746478874,
      "f1-score": 0.8092485950183861,
      "support": 284.0
    }
  },
  "confusion_matrix": [
    [
      189,
      38
    ],
    [
      19,
      38
    ]
  ],
  "training_time_seconds": 0.135867,
  "best_hyperparameters": {
    "C": 1000,
    "gamma": "auto",
    "kernel": "rbf"
  },
  "timestamp": "2025-11-27T19:33:33.562549"
}