{
  "dataset": "jruby-1.1",
  "balancing_method": "unbalanced",
  "scaler_type": "robust",
  "models": {
    "svm": {
      "F1_Score": 0.5161290322580645,
      "F2_Score": 0.4878048780487805,
      "Exactitud": 0.8979591836734694,
      "Accuracy": 0.8979591836734694,
      "Balanced_Accuracy": 0.7122171945701358,
      "BER": 0.28778280542986423,
      "MCC": 0.4623989755334915,
      "Precision": 0.5714285714285714,
      "Recall": 0.47058823529411764,
      "Sensibilidad": 0.47058823529411764,
      "Especificidad": 0.9538461538461539,
      "Error": 0.10204081632653061,
      "TP_Rate": 0.47058823529411764,
      "FP_Rate": 0.046153846153846156,
      "ROC_AUC": 0.795475113122172,
      "confusion_matrix": [
        [
          124,
          6
        ],
        [
          9,
          8
        ]
      ]
    },
    "naive_bayes_gaussian": {
      "F1_Score": 0.21052631578947367,
      "F2_Score": 0.14285714285714285,
      "Exactitud": 0.8979591836734694,
      "Accuracy": 0.8979591836734694,
      "Balanced_Accuracy": 0.5588235294117647,
      "BER": 0.4411764705882353,
      "MCC": 0.32477172510548374,
      "Precision": 1.0,
      "Recall": 0.11764705882352941,
      "Sensibilidad": 0.11764705882352941,
      "Especificidad": 1.0,
      "Error": 0.10204081632653061,
      "TP_Rate": 0.11764705882352941,
      "FP_Rate": 0.0,
      "ROC_AUC": 0.8773755656108597,
      "confusion_matrix": [
        [
          130,
          0
        ],
        [
          15,
          2
        ]
      ]
    },
    "decision_tree": {
      "F1_Score": 0.6206896551724138,
      "F2_Score": 0.5625,
      "Exactitud": 0.9251700680272109,
      "Accuracy": 0.9251700680272109,
      "Balanced_Accuracy": 0.7531674208144796,
      "BER": 0.24683257918552037,
      "MCC": 0.5913933577320876,
      "Precision": 0.75,
      "Recall": 0.5294117647058824,
      "Sensibilidad": 0.5294117647058824,
      "Especificidad": 0.9769230769230769,
      "Error": 0.07482993197278912,
      "TP_Rate": 0.5294117647058824,
      "FP_Rate": 0.023076923076923078,
      "ROC_AUC": 0.866289592760181,
      "confusion_matrix": [
        [
          127,
          3
        ],
        [
          8,
          9
        ]
      ]
    }
  },
  "timestamp": "2025-12-11T09:18:19.372678"
}