{
  "dataset": "jruby-1.1",
  "balancing_method": "unbalanced",
  "scaler_type": "robust",
  "models": {
    "svm": {
      "F1_Score": 0.2073170731707317,
      "Exactitud": 0.11564625850340136,
      "Precision": 0.11564625850340136,
      "Recall": 1.0,
      "Sensibilidad": 1.0,
      "Especificidad": 0.0,
      "Error": 0.8843537414965986,
      "TP_Rate": 1.0,
      "FP_Rate": 1.0,
      "ROC_AUC": 0.8832579185520363,
      "confusion_matrix": [
        [
          0,
          130
        ],
        [
          0,
          17
        ]
      ]
    },
    "naive_bayes_gaussian": {
      "F1_Score": 0.21052631578947367,
      "Exactitud": 0.8979591836734694,
      "Precision": 1.0,
      "Recall": 0.11764705882352941,
      "Sensibilidad": 0.11764705882352941,
      "Especificidad": 1.0,
      "Error": 0.10204081632653061,
      "TP_Rate": 0.11764705882352941,
      "FP_Rate": 0.0,
      "ROC_AUC": 0.8773755656108597,
      "confusion_matrix": [
        [
          130,
          0
        ],
        [
          15,
          2
        ]
      ]
    },
    "decision_tree": {
      "F1_Score": 0.6,
      "Exactitud": 0.9183673469387755,
      "Precision": 0.6923076923076923,
      "Recall": 0.5294117647058824,
      "Sensibilidad": 0.5294117647058824,
      "Especificidad": 0.9692307692307692,
      "Error": 0.08163265306122448,
      "TP_Rate": 0.5294117647058824,
      "FP_Rate": 0.03076923076923077,
      "ROC_AUC": 0.7920814479638008,
      "confusion_matrix": [
        [
          126,
          4
        ],
        [
          8,
          9
        ]
      ]
    }
  },
  "timestamp": "2025-11-28T13:34:12.639597"
}