{
  "TP": 9,
  "TN": 127,
  "FP": 3,
  "FN": 8,
  "P": 17,
  "N": 130,
  "Total": 147,
  "Error": 0.07482993197278912,
  "Exactitud": 0.9251700680272109,
  "TP_Rate": 0.5294117647058824,
  "FP_Rate": 0.023076923076923078,
  "Precision": 0.75,
  "Recall": 0.5294117647058824,
  "Sensibilidad": 0.5294117647058824,
  "Especificidad": 0.9769230769230769,
  "F1_Score": 0.6206896551724138,
  "Accuracy_sklearn": 0.9251700680272109,
  "F2_Score": 0.5625,
  "Balanced_Accuracy": 0.7531674208144796,
  "BER": 0.24683257918552037,
  "MCC": 0.5913933577320876,
  "Accuracy": 0.9251700680272109,
  "ROC_AUC": 0.866289592760181,
  "PR_AUC": 0.5914202916395097,
  "classification_report": {
    "No-Buggy": {
      "precision": 0.9407407407407408,
      "recall": 0.9769230769230769,
      "f1-score": 0.9584905660377359,
      "support": 130.0
    },
    "Buggy": {
      "precision": 0.75,
      "recall": 0.5294117647058824,
      "f1-score": 0.6206896551724138,
      "support": 17.0
    },
    "accuracy": 0.9251700680272109,
    "macro avg": {
      "precision": 0.8453703703703703,
      "recall": 0.7531674208144796,
      "f1-score": 0.7895901106050749,
      "support": 147.0
    },
    "weighted avg": {
      "precision": 0.9186822877299068,
      "recall": 0.9251700680272109,
      "f1-score": 0.9194251545771205,
      "support": 147.0
    }
  },
  "confusion_matrix": [
    [
      127,
      3
    ],
    [
      8,
      9
    ]
  ],
  "training_time_seconds": 0.003041,
  "best_hyperparameters": {
    "criterion": "entropy",
    "max_depth": 3,
    "min_samples_leaf": 8,
    "min_samples_split": 2
  },
  "timestamp": "2025-12-11T09:18:19.150671"
}