{
  "TP": 2,
  "TN": 130,
  "FP": 0,
  "FN": 15,
  "P": 17,
  "N": 130,
  "Total": 147,
  "Error": 0.10204081632653061,
  "Exactitud": 0.8979591836734694,
  "TP_Rate": 0.11764705882352941,
  "FP_Rate": 0.0,
  "Precision": 1.0,
  "Recall": 0.11764705882352941,
  "Sensibilidad": 0.11764705882352941,
  "Especificidad": 1.0,
  "F1_Score": 0.21052631578947367,
  "Accuracy_sklearn": 0.8979591836734694,
  "F2_Score": 0.14285714285714285,
  "Balanced_Accuracy": 0.5588235294117647,
  "BER": 0.4411764705882353,
  "MCC": 0.32477172510548374,
  "Accuracy": 0.8979591836734694,
  "ROC_AUC": 0.8773755656108597,
  "PR_AUC": 0.6556937795302415,
  "classification_report": {
    "No-Buggy": {
      "precision": 0.896551724137931,
      "recall": 1.0,
      "f1-score": 0.9454545454545454,
      "support": 130.0
    },
    "Buggy": {
      "precision": 1.0,
      "recall": 0.11764705882352941,
      "f1-score": 0.21052631578947367,
      "support": 17.0
    },
    "accuracy": 0.8979591836734694,
    "macro avg": {
      "precision": 0.9482758620689655,
      "recall": 0.5588235294117647,
      "f1-score": 0.5779904306220096,
      "support": 147.0
    },
    "weighted avg": {
      "precision": 0.9085151301900071,
      "recall": 0.8979591836734694,
      "f1-score": 0.8604628454252514,
      "support": 147.0
    }
  },
  "confusion_matrix": [
    [
      130,
      0
    ],
    [
      15,
      2
    ]
  ],
  "training_time_seconds": 0.000759,
  "best_hyperparameters": {
    "var_smoothing": 1e-09
  },
  "timestamp": "2025-12-11T09:18:18.901757"
}