{
  "TP": 8,
  "TN": 124,
  "FP": 6,
  "FN": 9,
  "P": 17,
  "N": 130,
  "Total": 147,
  "Error": 0.10204081632653061,
  "Exactitud": 0.8979591836734694,
  "TP_Rate": 0.47058823529411764,
  "FP_Rate": 0.046153846153846156,
  "Precision": 0.5714285714285714,
  "Recall": 0.47058823529411764,
  "Sensibilidad": 0.47058823529411764,
  "Especificidad": 0.9538461538461539,
  "F1_Score": 0.5161290322580645,
  "Accuracy_sklearn": 0.8979591836734694,
  "F2_Score": 0.4878048780487805,
  "Balanced_Accuracy": 0.7122171945701358,
  "BER": 0.28778280542986423,
  "MCC": 0.4623989755334915,
  "Accuracy": 0.8979591836734694,
  "ROC_AUC": 0.795475113122172,
  "PR_AUC": 0.43409276662865,
  "classification_report": {
    "No-Buggy": {
      "precision": 0.9323308270676691,
      "recall": 0.9538461538461539,
      "f1-score": 0.9429657794676806,
      "support": 130.0
    },
    "Buggy": {
      "precision": 0.5714285714285714,
      "recall": 0.47058823529411764,
      "f1-score": 0.5161290322580645,
      "support": 17.0
    },
    "accuracy": 0.8979591836734694,
    "macro avg": {
      "precision": 0.7518796992481203,
      "recall": 0.7122171945701358,
      "f1-score": 0.7295474058628726,
      "support": 147.0
    },
    "weighted avg": {
      "precision": 0.8905938315175693,
      "recall": 0.8979591836734694,
      "f1-score": 0.8936037066611263,
      "support": 147.0
    }
  },
  "confusion_matrix": [
    [
      124,
      6
    ],
    [
      9,
      8
    ]
  ],
  "training_time_seconds": 0.002551,
  "best_hyperparameters": {
    "C": 1,
    "gamma": 0.001,
    "kernel": "rbf"
  },
  "timestamp": "2025-12-11T09:18:18.662611"
}