{
  "TP": 17,
  "TN": 0,
  "FP": 130,
  "FN": 0,
  "P": 17,
  "N": 130,
  "Total": 147,
  "Error": 0.8843537414965986,
  "Exactitud": 0.11564625850340136,
  "TP_Rate": 1.0,
  "FP_Rate": 1.0,
  "Precision": 0.11564625850340136,
  "Recall": 1.0,
  "Sensibilidad": 1.0,
  "Especificidad": 0.0,
  "F1_Score": 0.2073170731707317,
  "Accuracy_sklearn": 0.11564625850340136,
  "ROC_AUC": 0.8832579185520363,
  "PR_AUC": 0.6500782368203509,
  "classification_report": {
    "No-Buggy": {
      "precision": 0.0,
      "recall": 0.0,
      "f1-score": 0.0,
      "support": 130.0
    },
    "Buggy": {
      "precision": 0.11564625850340136,
      "recall": 1.0,
      "f1-score": 0.2073170731707317,
      "support": 17.0
    },
    "accuracy": 0.11564625850340136,
    "macro avg": {
      "precision": 0.05782312925170068,
      "recall": 0.5,
      "f1-score": 0.10365853658536585,
      "support": 147.0
    },
    "weighted avg": {
      "precision": 0.013374057105835531,
      "recall": 0.11564625850340136,
      "f1-score": 0.023975443836071014,
      "support": 147.0
    }
  },
  "confusion_matrix": [
    [
      0,
      130
    ],
    [
      0,
      17
    ]
  ],
  "training_time_seconds": 0.010648,
  "best_hyperparameters": {
    "C": 10,
    "gamma": 0.001,
    "kernel": "linear"
  },
  "timestamp": "2025-11-28T13:34:11.830148"
}