{
  "TP": 34,
  "TN": 290,
  "FP": 28,
  "FN": 25,
  "P": 59,
  "N": 318,
  "Total": 377,
  "Error": 0.14058355437665782,
  "Exactitud": 0.8594164456233422,
  "TP_Rate": 0.576271186440678,
  "FP_Rate": 0.0880503144654088,
  "Precision": 0.5483870967741935,
  "Recall": 0.576271186440678,
  "Sensibilidad": 0.576271186440678,
  "Especificidad": 0.9119496855345912,
  "F1_Score": 0.5619834710743802,
  "Accuracy_sklearn": 0.8594164456233422,
  "best_hyperparameters": {
    "var_smoothing": 0.0001
  },
  "cv_best_score": 0.507427536231884,
  "timestamp": "2025-12-12T02:08:40.383492",
  "confusion_matrix": [
    [
      290,
      28
    ],
    [
      25,
      34
    ]
  ]
}