{
  "TP": 11,
  "TN": 120,
  "FP": 10,
  "FN": 6,
  "P": 17,
  "N": 130,
  "Total": 147,
  "Error": 0.10884353741496598,
  "Exactitud": 0.891156462585034,
  "TP_Rate": 0.6470588235294118,
  "FP_Rate": 0.07692307692307693,
  "Precision": 0.5238095238095238,
  "Recall": 0.6470588235294118,
  "Sensibilidad": 0.6470588235294118,
  "Especificidad": 0.9230769230769231,
  "F1_Score": 0.5789473684210527,
  "Accuracy_sklearn": 0.891156462585034,
  "best_hyperparameters": {
    "criterion": "entropy",
    "max_depth": 10,
    "min_samples_leaf": 1,
    "min_samples_split": 5
  },
  "cv_best_score": 0.9078160919540231,
  "timestamp": "2025-12-12T02:21:58.830285",
  "confusion_matrix": [
    [
      120,
      10
    ],
    [
      6,
      11
    ]
  ]
}