{
  "best_params": {
    "C": 1000,
    "gamma": 0.001,
    "kernel": "linear"
  },
  "best_cv_score": 0.615359477124183,
  "test_metrics": {
    "accuracy": 0.6462264150943396,
    "precision": 0.2459016393442623,
    "recall": 0.3409090909090909,
    "f1_score": 0.2857142857142857
  },
  "timestamp": "2025-12-12T02:34:24.448725",
  "cv_folds": 10,
  "n_combinations_tested": 72,
  "total_fits": 720,
  "time_seconds": 8.040517,
  "dataset_info": {
    "n_samples": 847,
    "n_features": 20
  }
}