{
  "TP": 20,
  "TN": 140,
  "FP": 28,
  "FN": 24,
  "P": 44,
  "N": 168,
  "Total": 212,
  "Error": 0.24528301886792453,
  "Exactitud": 0.7547169811320755,
  "TP_Rate": 0.45454545454545453,
  "FP_Rate": 0.16666666666666666,
  "Precision": 0.4166666666666667,
  "Recall": 0.45454545454545453,
  "Sensibilidad": 0.45454545454545453,
  "Especificidad": 0.8333333333333334,
  "F1_Score": 0.43478260869565216,
  "Accuracy_sklearn": 0.7547169811320755,
  "best_hyperparameters": {
    "var_smoothing": 0.0001
  },
  "cv_best_score": 0.482392026578073,
  "timestamp": "2025-12-12T02:18:03.159576",
  "confusion_matrix": [
    [
      140,
      28
    ],
    [
      24,
      20
    ]
  ]
}