{
  "TP": 10,
  "TN": 137,
  "FP": 14,
  "FN": 4,
  "P": 14,
  "N": 151,
  "Total": 165,
  "Error": 0.10909090909090909,
  "Exactitud": 0.8909090909090909,
  "TP_Rate": 0.7142857142857143,
  "FP_Rate": 0.09271523178807947,
  "Precision": 0.4166666666666667,
  "Recall": 0.7142857142857143,
  "Sensibilidad": 0.7142857142857143,
  "Especificidad": 0.9072847682119205,
  "F1_Score": 0.5263157894736842,
  "Accuracy_sklearn": 0.8909090909090909,
  "best_hyperparameters": {
    "C": 10,
    "gamma": 0.1,
    "kernel": "rbf"
  },
  "cv_best_score": 0.9756628787878789,
  "timestamp": "2025-12-12T02:34:14.321673",
  "confusion_matrix": [
    [
      137,
      14
    ],
    [
      4,
      10
    ]
  ]
}