{
  "dataset": "jruby-1.1",
  "balancing_method": "hcbou",
  "scaler_type": "standard",
  "models": {
    "svm": {
      "F1_Score": 0.47058823529411764,
      "Exactitud": 0.8775510204081632,
      "Precision": 0.47058823529411764,
      "Recall": 0.47058823529411764,
      "Sensibilidad": 0.47058823529411764,
      "Especificidad": 0.9307692307692308,
      "Error": 0.12244897959183673,
      "TP_Rate": 0.47058823529411764,
      "FP_Rate": 0.06923076923076923,
      "ROC_AUC": 0.7782805429864253,
      "confusion_matrix": [
        [
          121,
          9
        ],
        [
          9,
          8
        ]
      ]
    },
    "naive_bayes_gaussian": {
      "F1_Score": 0.6470588235294118,
      "Exactitud": 0.9183673469387755,
      "Precision": 0.6470588235294118,
      "Recall": 0.6470588235294118,
      "Sensibilidad": 0.6470588235294118,
      "Especificidad": 0.9538461538461539,
      "Error": 0.08163265306122448,
      "TP_Rate": 0.6470588235294118,
      "FP_Rate": 0.046153846153846156,
      "ROC_AUC": 0.9013574660633484,
      "confusion_matrix": [
        [
          124,
          6
        ],
        [
          6,
          11
        ]
      ]
    },
    "decision_tree": {
      "F1_Score": 0.5,
      "Exactitud": 0.8503401360544217,
      "Precision": 0.4074074074074074,
      "Recall": 0.6470588235294118,
      "Sensibilidad": 0.6470588235294118,
      "Especificidad": 0.8769230769230769,
      "Error": 0.14965986394557823,
      "TP_Rate": 0.6470588235294118,
      "FP_Rate": 0.12307692307692308,
      "ROC_AUC": 0.7619909502262443,
      "confusion_matrix": [
        [
          114,
          16
        ],
        [
          6,
          11
        ]
      ]
    }
  },
  "timestamp": "2025-11-28T13:34:15.150398"
}