{
  "dataset": "jruby-1.1",
  "balancing_method": "hcbou",
  "scaler_type": "standard",
  "models": {
    "svm": {
      "F1_Score": 0.47058823529411764,
      "F2_Score": 0.47058823529411764,
      "Exactitud": 0.8775510204081632,
      "Accuracy": 0.8775510204081632,
      "Balanced_Accuracy": 0.7006787330316742,
      "BER": 0.29932126696832584,
      "MCC": 0.40135746606334843,
      "Precision": 0.47058823529411764,
      "Recall": 0.47058823529411764,
      "Sensibilidad": 0.47058823529411764,
      "Especificidad": 0.9307692307692308,
      "Error": 0.12244897959183673,
      "TP_Rate": 0.47058823529411764,
      "FP_Rate": 0.06923076923076923,
      "ROC_AUC": 0.7782805429864253,
      "confusion_matrix": [
        [
          121,
          9
        ],
        [
          9,
          8
        ]
      ]
    },
    "naive_bayes_gaussian": {
      "F1_Score": 0.6470588235294118,
      "F2_Score": 0.6470588235294118,
      "Exactitud": 0.9183673469387755,
      "Accuracy": 0.9183673469387755,
      "Balanced_Accuracy": 0.8004524886877828,
      "BER": 0.19954751131221715,
      "MCC": 0.6009049773755656,
      "Precision": 0.6470588235294118,
      "Recall": 0.6470588235294118,
      "Sensibilidad": 0.6470588235294118,
      "Especificidad": 0.9538461538461539,
      "Error": 0.08163265306122448,
      "TP_Rate": 0.6470588235294118,
      "FP_Rate": 0.046153846153846156,
      "ROC_AUC": 0.9013574660633484,
      "confusion_matrix": [
        [
          124,
          6
        ],
        [
          6,
          11
        ]
      ]
    },
    "decision_tree": {
      "F1_Score": 0.4444444444444444,
      "F2_Score": 0.5208333333333334,
      "Exactitud": 0.8299319727891157,
      "Accuracy": 0.8299319727891157,
      "Balanced_Accuracy": 0.7248868778280544,
      "BER": 0.2751131221719456,
      "MCC": 0.366300702181171,
      "Precision": 0.35714285714285715,
      "Recall": 0.5882352941176471,
      "Sensibilidad": 0.5882352941176471,
      "Especificidad": 0.8615384615384616,
      "Error": 0.17006802721088435,
      "TP_Rate": 0.5882352941176471,
      "FP_Rate": 0.13846153846153847,
      "ROC_AUC": 0.7248868778280544,
      "confusion_matrix": [
        [
          112,
          18
        ],
        [
          7,
          10
        ]
      ]
    }
  },
  "timestamp": "2025-12-11T09:18:21.628983"
}