{
  "TP": 8,
  "TN": 121,
  "FP": 9,
  "FN": 9,
  "P": 17,
  "N": 130,
  "Total": 147,
  "Error": 0.12244897959183673,
  "Exactitud": 0.8775510204081632,
  "TP_Rate": 0.47058823529411764,
  "FP_Rate": 0.06923076923076923,
  "Precision": 0.47058823529411764,
  "Recall": 0.47058823529411764,
  "Sensibilidad": 0.47058823529411764,
  "Especificidad": 0.9307692307692308,
  "F1_Score": 0.47058823529411764,
  "Accuracy_sklearn": 0.8775510204081632,
  "F2_Score": 0.47058823529411764,
  "Balanced_Accuracy": 0.7006787330316742,
  "BER": 0.29932126696832584,
  "MCC": 0.40135746606334843,
  "Accuracy": 0.8775510204081632,
  "ROC_AUC": 0.7782805429864253,
  "PR_AUC": 0.4621957373238076,
  "classification_report": {
    "No-Buggy": {
      "precision": 0.9307692307692308,
      "recall": 0.9307692307692308,
      "f1-score": 0.9307692307692308,
      "support": 130.0
    },
    "Buggy": {
      "precision": 0.47058823529411764,
      "recall": 0.47058823529411764,
      "f1-score": 0.47058823529411764,
      "support": 17.0
    },
    "accuracy": 0.8775510204081632,
    "macro avg": {
      "precision": 0.7006787330316742,
      "recall": 0.7006787330316742,
      "f1-score": 0.7006787330316742,
      "support": 147.0
    },
    "weighted avg": {
      "precision": 0.8775510204081632,
      "recall": 0.8775510204081632,
      "f1-score": 0.8775510204081632,
      "support": 147.0
    }
  },
  "confusion_matrix": [
    [
      121,
      9
    ],
    [
      9,
      8
    ]
  ],
  "training_time_seconds": 0.004324,
  "best_hyperparameters": {
    "C": 100,
    "gamma": 0.01,
    "kernel": "rbf"
  },
  "timestamp": "2025-12-11T09:18:20.871317"
}