{
  "TP": 7,
  "TN": 126,
  "FP": 25,
  "FN": 7,
  "P": 14,
  "N": 151,
  "Total": 165,
  "Error": 0.19393939393939394,
  "Exactitud": 0.806060606060606,
  "TP_Rate": 0.5,
  "FP_Rate": 0.16556291390728478,
  "Precision": 0.21875,
  "Recall": 0.5,
  "Sensibilidad": 0.5,
  "Especificidad": 0.8344370860927153,
  "F1_Score": 0.30434782608695654,
  "Accuracy_sklearn": 0.806060606060606,
  "best_hyperparameters": {
    "criterion": "gini",
    "max_depth": 10,
    "min_samples_leaf": 1,
    "min_samples_split": 2
  },
  "cv_best_score": 0.9572916666666668,
  "timestamp": "2025-12-12T02:34:14.313858",
  "confusion_matrix": [
    [
      126,
      25
    ],
    [
      7,
      7
    ]
  ]
}