{
  "TP": 4,
  "TN": 457,
  "FP": 7,
  "FN": 73,
  "P": 77,
  "N": 464,
  "Total": 541,
  "Error": 0.1478743068391867,
  "Exactitud": 0.8521256931608133,
  "TP_Rate": 0.05194805194805195,
  "FP_Rate": 0.015086206896551725,
  "Precision": 0.36363636363636365,
  "Recall": 0.05194805194805195,
  "Sensibilidad": 0.05194805194805195,
  "Especificidad": 0.9849137931034483,
  "F1_Score": 0.09090909090909091,
  "Accuracy_sklearn": 0.8521256931608133,
  "best_hyperparameters": {
    "var_smoothing": 1e-09
  },
  "cv_best_score": 0.03143900781515461,
  "timestamp": "2025-12-12T02:14:43.850631",
  "confusion_matrix": [
    [
      457,
      7
    ],
    [
      73,
      4
    ]
  ]
}