{
  "dataset": "activemq-5.0.0",
  "balancing_method": "unbalanced",
  "scaler_type": "robust",
  "models": {
    "svm": {
      "F1_Score": 0.45,
      "Exactitud": 0.8249336870026526,
      "Precision": 0.4426229508196721,
      "Recall": 0.4576271186440678,
      "Sensibilidad": 0.4576271186440678,
      "Especificidad": 0.8930817610062893,
      "Error": 0.17506631299734748,
      "TP_Rate": 0.4576271186440678,
      "FP_Rate": 0.1069182389937107,
      "ROC_AUC": 0.7088796503571048,
      "confusion_matrix": [
        [
          284,
          34
        ],
        [
          32,
          27
        ]
      ]
    },
    "naive_bayes_gaussian": {
      "F1_Score": 0.2626728110599078,
      "Exactitud": 0.15119363395225463,
      "Precision": 0.152,
      "Recall": 0.9661016949152542,
      "Sensibilidad": 0.9661016949152542,
      "Especificidad": 0.0,
      "Error": 0.8488063660477454,
      "TP_Rate": 0.9661016949152542,
      "FP_Rate": 1.0,
      "ROC_AUC": 0.8103613687240167,
      "confusion_matrix": [
        [
          0,
          318
        ],
        [
          2,
          57
        ]
      ]
    },
    "decision_tree": {
      "F1_Score": 0.5871559633027523,
      "Exactitud": 0.8806366047745358,
      "Precision": 0.64,
      "Recall": 0.5423728813559322,
      "Sensibilidad": 0.5423728813559322,
      "Especificidad": 0.9433962264150944,
      "Error": 0.11936339522546419,
      "TP_Rate": 0.5423728813559322,
      "FP_Rate": 0.05660377358490566,
      "ROC_AUC": 0.851055324592261,
      "confusion_matrix": [
        [
          300,
          18
        ],
        [
          27,
          32
        ]
      ]
    }
  },
  "timestamp": "2025-11-28T13:28:51.231296"
}