{
  "dataset": "activemq-5.0.0",
  "balancing_method": "unbalanced",
  "scaler_type": "robust",
  "models": {
    "svm": {
      "F1_Score": 0.2632794457274827,
      "F2_Score": 0.4672131147540984,
      "Exactitud": 0.15384615384615385,
      "Accuracy": 0.15384615384615385,
      "Balanced_Accuracy": 0.48462317450165227,
      "BER": 0.5153768254983477,
      "MCC": -0.12575921531350504,
      "Precision": 0.15240641711229946,
      "Recall": 0.9661016949152542,
      "Sensibilidad": 0.9661016949152542,
      "Especificidad": 0.0031446540880503146,
      "Error": 0.8461538461538461,
      "TP_Rate": 0.9661016949152542,
      "FP_Rate": 0.9968553459119497,
      "ROC_AUC": 0.863394094446221,
      "confusion_matrix": [
        [
          1,
          317
        ],
        [
          2,
          57
        ]
      ]
    },
    "naive_bayes_gaussian": {
      "F1_Score": 0.5483870967741935,
      "F2_Score": 0.5647840531561462,
      "Exactitud": 0.8514588859416445,
      "Accuracy": 0.8514588859416445,
      "Balanced_Accuracy": 0.7393934548555592,
      "BER": 0.2606065451444408,
      "MCC": 0.4605193240540167,
      "Precision": 0.5230769230769231,
      "Recall": 0.576271186440678,
      "Sensibilidad": 0.576271186440678,
      "Especificidad": 0.9025157232704403,
      "Error": 0.14854111405835543,
      "TP_Rate": 0.576271186440678,
      "FP_Rate": 0.09748427672955975,
      "ROC_AUC": 0.846711438013005,
      "confusion_matrix": [
        [
          287,
          31
        ],
        [
          25,
          34
        ]
      ]
    },
    "decision_tree": {
      "F1_Score": 0.6451612903225806,
      "F2_Score": 0.6644518272425249,
      "Exactitud": 0.883289124668435,
      "Accuracy": 0.883289124668435,
      "Balanced_Accuracy": 0.7996748747468287,
      "BER": 0.20032512525317125,
      "MCC": 0.5764822218621193,
      "Precision": 0.6153846153846154,
      "Recall": 0.6779661016949152,
      "Sensibilidad": 0.6779661016949152,
      "Especificidad": 0.9213836477987422,
      "Error": 0.11671087533156499,
      "TP_Rate": 0.6779661016949152,
      "FP_Rate": 0.07861635220125786,
      "ROC_AUC": 0.8849536296770069,
      "confusion_matrix": [
        [
          293,
          25
        ],
        [
          19,
          40
        ]
      ]
    }
  },
  "timestamp": "2025-12-11T09:11:17.095058"
}