{
  "TP": 34,
  "TN": 287,
  "FP": 31,
  "FN": 25,
  "P": 59,
  "N": 318,
  "Total": 377,
  "Error": 0.14854111405835543,
  "Exactitud": 0.8514588859416445,
  "TP_Rate": 0.576271186440678,
  "FP_Rate": 0.09748427672955975,
  "Precision": 0.5230769230769231,
  "Recall": 0.576271186440678,
  "Sensibilidad": 0.576271186440678,
  "Especificidad": 0.9025157232704403,
  "F1_Score": 0.5483870967741935,
  "Accuracy_sklearn": 0.8514588859416445,
  "F2_Score": 0.5647840531561462,
  "Balanced_Accuracy": 0.7393934548555592,
  "BER": 0.2606065451444408,
  "MCC": 0.4605193240540167,
  "Accuracy": 0.8514588859416445,
  "ROC_AUC": 0.846711438013005,
  "PR_AUC": 0.5864832759619478,
  "classification_report": {
    "No-Buggy": {
      "precision": 0.9198717948717948,
      "recall": 0.9025157232704403,
      "f1-score": 0.9111111111111111,
      "support": 318.0
    },
    "Buggy": {
      "precision": 0.5230769230769231,
      "recall": 0.576271186440678,
      "f1-score": 0.5483870967741935,
      "support": 59.0
    },
    "accuracy": 0.8514588859416445,
    "macro avg": {
      "precision": 0.721474358974359,
      "recall": 0.7393934548555592,
      "f1-score": 0.7297491039426522,
      "support": 377.0
    },
    "weighted avg": {
      "precision": 0.8577739236890431,
      "recall": 0.8514588859416445,
      "f1-score": 0.8543452839337156,
      "support": 377.0
    }
  },
  "confusion_matrix": [
    [
      287,
      31
    ],
    [
      25,
      34
    ]
  ],
  "training_time_seconds": 0.000917,
  "best_hyperparameters": {
    "var_smoothing": 1e-09
  },
  "timestamp": "2025-12-11T09:11:16.630715"
}