{
  "TP": 57,
  "TN": 0,
  "FP": 318,
  "FN": 2,
  "P": 59,
  "N": 318,
  "Total": 377,
  "Error": 0.8488063660477454,
  "Exactitud": 0.15119363395225463,
  "TP_Rate": 0.9661016949152542,
  "FP_Rate": 1.0,
  "Precision": 0.152,
  "Recall": 0.9661016949152542,
  "Sensibilidad": 0.9661016949152542,
  "Especificidad": 0.0,
  "F1_Score": 0.2626728110599078,
  "Accuracy_sklearn": 0.15119363395225463,
  "ROC_AUC": 0.8103613687240167,
  "PR_AUC": 0.5328951332268637,
  "classification_report": {
    "No-Buggy": {
      "precision": 0.0,
      "recall": 0.0,
      "f1-score": 0.0,
      "support": 318.0
    },
    "Buggy": {
      "precision": 0.152,
      "recall": 0.9661016949152542,
      "f1-score": 0.2626728110599078,
      "support": 59.0
    },
    "accuracy": 0.15119363395225463,
    "macro avg": {
      "precision": 0.076,
      "recall": 0.4830508474576271,
      "f1-score": 0.1313364055299539,
      "support": 377.0
    },
    "weighted avg": {
      "precision": 0.023787798408488065,
      "recall": 0.15119363395225463,
      "f1-score": 0.04110794655844711,
      "support": 377.0
    }
  },
  "confusion_matrix": [
    [
      0,
      318
    ],
    [
      2,
      57
    ]
  ],
  "training_time_seconds": 0.000909,
  "best_hyperparameters": {
    "var_smoothing": 1e-05
  },
  "timestamp": "2025-11-28T13:28:50.698564"
}