{
  "TP": 27,
  "TN": 284,
  "FP": 34,
  "FN": 32,
  "P": 59,
  "N": 318,
  "Total": 377,
  "Error": 0.17506631299734748,
  "Exactitud": 0.8249336870026526,
  "TP_Rate": 0.4576271186440678,
  "FP_Rate": 0.1069182389937107,
  "Precision": 0.4426229508196721,
  "Recall": 0.4576271186440678,
  "Sensibilidad": 0.4576271186440678,
  "Especificidad": 0.8930817610062893,
  "F1_Score": 0.45,
  "Accuracy_sklearn": 0.8249336870026526,
  "ROC_AUC": 0.7088796503571048,
  "PR_AUC": 0.3841244188371389,
  "classification_report": {
    "No-Buggy": {
      "precision": 0.8987341772151899,
      "recall": 0.8930817610062893,
      "f1-score": 0.8958990536277602,
      "support": 318.0
    },
    "Buggy": {
      "precision": 0.4426229508196721,
      "recall": 0.4576271186440678,
      "f1-score": 0.45,
      "support": 59.0
    },
    "accuracy": 0.8249336870026526,
    "macro avg": {
      "precision": 0.670678564017431,
      "recall": 0.6753544398251785,
      "f1-score": 0.6729495268138801,
      "support": 377.0
    },
    "weighted avg": {
      "precision": 0.8273533752063423,
      "recall": 0.8249336870026526,
      "f1-score": 0.8261164431130711,
      "support": 377.0
    }
  },
  "confusion_matrix": [
    [
      284,
      34
    ],
    [
      32,
      27
    ]
  ],
  "training_time_seconds": 0.030094,
  "best_hyperparameters": {
    "C": 10,
    "gamma": 0.001,
    "kernel": "linear"
  },
  "timestamp": "2025-11-28T13:28:50.428229"
}