{
  "TP": 57,
  "TN": 1,
  "FP": 317,
  "FN": 2,
  "P": 59,
  "N": 318,
  "Total": 377,
  "Error": 0.8461538461538461,
  "Exactitud": 0.15384615384615385,
  "TP_Rate": 0.9661016949152542,
  "FP_Rate": 0.9968553459119497,
  "Precision": 0.15240641711229946,
  "Recall": 0.9661016949152542,
  "Sensibilidad": 0.9661016949152542,
  "Especificidad": 0.0031446540880503146,
  "F1_Score": 0.2632794457274827,
  "Accuracy_sklearn": 0.15384615384615385,
  "F2_Score": 0.4672131147540984,
  "Balanced_Accuracy": 0.48462317450165227,
  "BER": 0.5153768254983477,
  "MCC": -0.12575921531350504,
  "Accuracy": 0.15384615384615385,
  "ROC_AUC": 0.863394094446221,
  "PR_AUC": 0.5998846439171112,
  "classification_report": {
    "No-Buggy": {
      "precision": 0.3333333333333333,
      "recall": 0.0031446540880503146,
      "f1-score": 0.006230529595015576,
      "support": 318.0
    },
    "Buggy": {
      "precision": 0.15240641711229946,
      "recall": 0.9661016949152542,
      "f1-score": 0.2632794457274827,
      "support": 59.0
    },
    "accuracy": 0.15384615384615385,
    "macro avg": {
      "precision": 0.2428698752228164,
      "recall": 0.48462317450165227,
      "f1-score": 0.13475498766124913,
      "support": 377.0
    },
    "weighted avg": {
      "precision": 0.30501851090086385,
      "recall": 0.15384615384615385,
      "f1-score": 0.04645834405606481,
      "support": 377.0
    }
  },
  "confusion_matrix": [
    [
      1,
      317
    ],
    [
      2,
      57
    ]
  ],
  "training_time_seconds": 0.024394,
  "best_hyperparameters": {
    "C": 0.1,
    "gamma": 0.001,
    "kernel": "linear"
  },
  "timestamp": "2025-12-11T09:11:16.397040"
}