{
  "TP": 9,
  "TN": 120,
  "FP": 31,
  "FN": 5,
  "P": 14,
  "N": 151,
  "Total": 165,
  "Error": 0.21818181818181817,
  "Exactitud": 0.7818181818181819,
  "TP_Rate": 0.6428571428571429,
  "FP_Rate": 0.2052980132450331,
  "Precision": 0.225,
  "Recall": 0.6428571428571429,
  "Sensibilidad": 0.6428571428571429,
  "Especificidad": 0.7947019867549668,
  "F1_Score": 0.3333333333333333,
  "Accuracy_sklearn": 0.7818181818181819,
  "best_hyperparameters": {
    "C": 0.01,
    "gamma": 0.001,
    "kernel": "linear"
  },
  "cv_best_score": 0.9296401515151516,
  "timestamp": "2025-12-12T02:16:07.135603",
  "confusion_matrix": [
    [
      120,
      31
    ],
    [
      5,
      9
    ]
  ]
}