{
  "best_params": {
    "var_smoothing": 1e-09
  },
  "best_cv_score": 0.36043153244988113,
  "test_metrics": {
    "accuracy": 0.8428835489833642,
    "precision": 0.42857142857142855,
    "recall": 0.3116883116883117,
    "f1_score": 0.3609022556390977
  },
  "timestamp": "2025-12-12T02:30:41.089555",
  "cv_folds": 10,
  "n_combinations_tested": 6,
  "total_fits": 60,
  "time_seconds": 2.57395,
  "dataset_info": {
    "n_samples": 2164,
    "n_features": 20
  }
}