{
  "best_params": {
    "C": 0.01,
    "gamma": 1,
    "kernel": "rbf"
  },
  "best_cv_score": 0.8892456676860346,
  "test_metrics": {
    "accuracy": 0.4269870609981516,
    "precision": 0.18933333333333333,
    "recall": 0.922077922077922,
    "f1_score": 0.3141592920353982
  },
  "timestamp": "2025-12-12T02:31:14.905025",
  "cv_folds": 10,
  "n_combinations_tested": 72,
  "total_fits": 720,
  "time_seconds": 36.390157,
  "dataset_info": {
    "n_samples": 2164,
    "n_features": 20
  }
}