{
  "TP": 7,
  "TN": 222,
  "FP": 5,
  "FN": 50,
  "P": 57,
  "N": 227,
  "Total": 284,
  "Error": 0.1936619718309859,
  "Exactitud": 0.8063380281690141,
  "TP_Rate": 0.12280701754385964,
  "FP_Rate": 0.022026431718061675,
  "Precision": 0.5833333333333334,
  "Recall": 0.12280701754385964,
  "Sensibilidad": 0.12280701754385964,
  "Especificidad": 0.9779735682819384,
  "F1_Score": 0.2028985507246377,
  "Accuracy_sklearn": 0.8063380281690141,
  "best_hyperparameters": {
    "var_smoothing": 1e-09
  },
  "cv_best_score": 0.18903508771929825,
  "timestamp": "2025-12-12T02:20:44.596344",
  "confusion_matrix": [
    [
      222,
      5
    ],
    [
      50,
      7
    ]
  ]
}