{
  "TP": 10,
  "TN": 304,
  "FP": 23,
  "FN": 16,
  "P": 26,
  "N": 327,
  "Total": 353,
  "Error": 0.11048158640226628,
  "Exactitud": 0.8895184135977338,
  "TP_Rate": 0.38461538461538464,
  "FP_Rate": 0.07033639143730887,
  "Precision": 0.30303030303030304,
  "Recall": 0.38461538461538464,
  "Sensibilidad": 0.38461538461538464,
  "Especificidad": 0.9296636085626911,
  "F1_Score": 0.3389830508474576,
  "Accuracy_sklearn": 0.8895184135977338,
  "best_hyperparameters": {
    "var_smoothing": 1e-09
  },
  "cv_best_score": 0.46026156941649904,
  "timestamp": "2025-12-12T02:25:06.902154",
  "confusion_matrix": [
    [
      304,
      23
    ],
    [
      16,
      10
    ]
  ]
}