{
  "TP": 25,
  "TN": 137,
  "FP": 31,
  "FN": 19,
  "P": 44,
  "N": 168,
  "Total": 212,
  "Error": 0.2358490566037736,
  "Exactitud": 0.7641509433962265,
  "TP_Rate": 0.5681818181818182,
  "FP_Rate": 0.18452380952380953,
  "Precision": 0.44642857142857145,
  "Recall": 0.5681818181818182,
  "Sensibilidad": 0.5681818181818182,
  "Especificidad": 0.8154761904761905,
  "F1_Score": 0.5,
  "Accuracy_sklearn": 0.7641509433962265,
  "best_hyperparameters": {
    "var_smoothing": 0.0001
  },
  "cv_best_score": 0.6480392156862745,
  "timestamp": "2025-12-12T02:18:02.999678",
  "confusion_matrix": [
    [
      137,
      31
    ],
    [
      19,
      25
    ]
  ]
}