{
  "TP": 6,
  "TN": 129,
  "FP": 1,
  "FN": 11,
  "P": 17,
  "N": 130,
  "Total": 147,
  "Error": 0.08163265306122448,
  "Exactitud": 0.9183673469387755,
  "TP_Rate": 0.35294117647058826,
  "FP_Rate": 0.007692307692307693,
  "Precision": 0.8571428571428571,
  "Recall": 0.35294117647058826,
  "Sensibilidad": 0.35294117647058826,
  "Especificidad": 0.9923076923076923,
  "F1_Score": 0.5,
  "Accuracy_sklearn": 0.9183673469387755,
  "best_hyperparameters": {
    "C": 0.1,
    "gamma": 0.001,
    "kernel": "linear"
  },
  "cv_best_score": 0.6571428571428571,
  "timestamp": "2025-12-12T02:21:58.698091",
  "confusion_matrix": [
    [
      129,
      1
    ],
    [
      11,
      6
    ]
  ]
}