{
  "TP": 59,
  "TN": 46,
  "FP": 272,
  "FN": 0,
  "P": 59,
  "N": 318,
  "Total": 377,
  "Error": 0.7214854111405835,
  "Exactitud": 0.27851458885941643,
  "TP_Rate": 1.0,
  "FP_Rate": 0.8553459119496856,
  "Precision": 0.1782477341389728,
  "Recall": 1.0,
  "Sensibilidad": 1.0,
  "Especificidad": 0.14465408805031446,
  "F1_Score": 0.30256410256410254,
  "Accuracy_sklearn": 0.27851458885941643,
  "best_hyperparameters": {
    "C": 0.1,
    "gamma": 1,
    "kernel": "rbf"
  },
  "cv_best_score": 1.0,
  "timestamp": "2025-12-12T02:08:40.616645",
  "confusion_matrix": [
    [
      46,
      272
    ],
    [
      0,
      59
    ]
  ]
}