{
  "TP": 47,
  "TN": 256,
  "FP": 62,
  "FN": 12,
  "P": 59,
  "N": 318,
  "Total": 377,
  "Error": 0.1962864721485411,
  "Exactitud": 0.8037135278514589,
  "TP_Rate": 0.7966101694915254,
  "FP_Rate": 0.1949685534591195,
  "Precision": 0.43119266055045874,
  "Recall": 0.7966101694915254,
  "Sensibilidad": 0.7966101694915254,
  "Especificidad": 0.8050314465408805,
  "F1_Score": 0.5595238095238095,
  "Accuracy_sklearn": 0.8037135278514589,
  "best_hyperparameters": {
    "C": 100,
    "gamma": 1,
    "kernel": "rbf"
  },
  "cv_best_score": 0.9694385964912282,
  "timestamp": "2025-12-12T02:28:29.546497",
  "confusion_matrix": [
    [
      256,
      62
    ],
    [
      12,
      47
    ]
  ]
}