{
  "TP": 58,
  "TN": 110,
  "FP": 208,
  "FN": 1,
  "P": 59,
  "N": 318,
  "Total": 377,
  "Error": 0.5543766578249337,
  "Exactitud": 0.44562334217506633,
  "TP_Rate": 0.9830508474576272,
  "FP_Rate": 0.6540880503144654,
  "Precision": 0.21804511278195488,
  "Recall": 0.9830508474576272,
  "Sensibilidad": 0.9830508474576272,
  "Especificidad": 0.34591194968553457,
  "F1_Score": 0.3569230769230769,
  "Accuracy_sklearn": 0.44562334217506633,
  "best_hyperparameters": {
    "C": 0.01,
    "gamma": 1,
    "kernel": "rbf"
  },
  "cv_best_score": 0.9801929824561404,
  "timestamp": "2025-12-12T02:28:29.441885",
  "confusion_matrix": [
    [
      110,
      208
    ],
    [
      1,
      58
    ]
  ]
}