{
  "TP": 11,
  "TN": 283,
  "FP": 44,
  "FN": 15,
  "P": 26,
  "N": 327,
  "Total": 353,
  "Error": 0.1671388101983003,
  "Exactitud": 0.8328611898016998,
  "TP_Rate": 0.4230769230769231,
  "FP_Rate": 0.1345565749235474,
  "Precision": 0.2,
  "Recall": 0.4230769230769231,
  "Sensibilidad": 0.4230769230769231,
  "Especificidad": 0.8654434250764526,
  "F1_Score": 0.2716049382716049,
  "Accuracy_sklearn": 0.8328611898016998,
  "best_hyperparameters": {
    "C": 1,
    "gamma": 0.1,
    "kernel": "rbf"
  },
  "cv_best_score": 0.9801810865191147,
  "timestamp": "2025-12-12T02:25:06.996307",
  "confusion_matrix": [
    [
      283,
      44
    ],
    [
      15,
      11
    ]
  ]
}