{
  "TP": 7,
  "TN": 124,
  "FP": 6,
  "FN": 10,
  "P": 17,
  "N": 130,
  "Total": 147,
  "Error": 0.10884353741496598,
  "Exactitud": 0.891156462585034,
  "TP_Rate": 0.4117647058823529,
  "FP_Rate": 0.046153846153846156,
  "Precision": 0.5384615384615384,
  "Recall": 0.4117647058823529,
  "Sensibilidad": 0.4117647058823529,
  "Especificidad": 0.9538461538461539,
  "F1_Score": 0.4666666666666667,
  "Accuracy_sklearn": 0.891156462585034,
  "best_hyperparameters": {
    "criterion": "entropy",
    "max_depth": 10,
    "min_samples_leaf": 8,
    "min_samples_split": 2
  },
  "cv_best_score": 0.5285714285714287,
  "timestamp": "2025-12-12T02:21:58.687940",
  "confusion_matrix": [
    [
      124,
      6
    ],
    [
      10,
      7
    ]
  ]
}