{
  "TP": 10,
  "TN": 123,
  "FP": 7,
  "FN": 7,
  "P": 17,
  "N": 130,
  "Total": 147,
  "Error": 0.09523809523809523,
  "Exactitud": 0.9047619047619048,
  "TP_Rate": 0.5882352941176471,
  "FP_Rate": 0.05384615384615385,
  "Precision": 0.5882352941176471,
  "Recall": 0.5882352941176471,
  "Sensibilidad": 0.5882352941176471,
  "Especificidad": 0.9461538461538461,
  "F1_Score": 0.5882352941176471,
  "Accuracy_sklearn": 0.9047619047619048,
  "best_hyperparameters": {
    "C": 10,
    "gamma": 0.001,
    "kernel": "linear"
  },
  "cv_best_score": 0.657142857142857,
  "timestamp": "2025-12-12T02:38:53.729147",
  "confusion_matrix": [
    [
      123,
      7
    ],
    [
      7,
      10
    ]
  ]
}