{
  "TP": 10,
  "TN": 69,
  "FP": 82,
  "FN": 4,
  "P": 14,
  "N": 151,
  "Total": 165,
  "Error": 0.5212121212121212,
  "Exactitud": 0.47878787878787876,
  "TP_Rate": 0.7142857142857143,
  "FP_Rate": 0.543046357615894,
  "Precision": 0.10869565217391304,
  "Recall": 0.7142857142857143,
  "Sensibilidad": 0.7142857142857143,
  "Especificidad": 0.45695364238410596,
  "F1_Score": 0.18867924528301888,
  "Accuracy_sklearn": 0.47878787878787876,
  "best_hyperparameters": {
    "var_smoothing": 1e-09
  },
  "cv_best_score": 0.9271780303030303,
  "timestamp": "2025-12-12T02:34:14.341534",
  "confusion_matrix": [
    [
      69,
      82
    ],
    [
      4,
      10
    ]
  ]
}