{
  "TP": 57,
  "TN": 312,
  "FP": 152,
  "FN": 20,
  "P": 77,
  "N": 464,
  "Total": 541,
  "Error": 0.3179297597042514,
  "Exactitud": 0.6820702402957486,
  "TP_Rate": 0.7402597402597403,
  "FP_Rate": 0.3275862068965517,
  "Precision": 0.2727272727272727,
  "Recall": 0.7402597402597403,
  "Sensibilidad": 0.7402597402597403,
  "Especificidad": 0.6724137931034483,
  "F1_Score": 0.3986013986013986,
  "Accuracy_sklearn": 0.6820702402957486,
  "best_hyperparameters": {
    "C": 100,
    "gamma": 1,
    "kernel": "rbf"
  },
  "cv_best_score": 0.9657832144070676,
  "timestamp": "2025-12-12T02:33:04.608772",
  "confusion_matrix": [
    [
      312,
      152
    ],
    [
      20,
      57
    ]
  ]
}