{
  "best_params": {
    "criterion": "gini",
    "max_depth": 20,
    "min_samples_leaf": 1,
    "min_samples_split": 2
  },
  "best_cv_score": 0.8789590254706534,
  "test_metrics": {
    "accuracy": 0.7122641509433962,
    "precision": 0.36065573770491804,
    "recall": 0.5,
    "f1_score": 0.41904761904761906
  },
  "timestamp": "2025-12-12T02:34:40.204329",
  "cv_folds": 10,
  "n_combinations_tested": 160,
  "total_fits": 1600,
  "time_seconds": 3.726556,
  "dataset_info": {
    "n_samples": 846,
    "n_features": 20
  }
}