{
  "best_params": {
    "criterion": "entropy",
    "max_depth": 20,
    "min_samples_leaf": 1,
    "min_samples_split": 2
  },
  "best_cv_score": 0.8993157894736843,
  "test_metrics": {
    "accuracy": 0.8037135278514589,
    "precision": 0.4117647058823529,
    "recall": 0.5932203389830508,
    "f1_score": 0.4861111111111111
  },
  "timestamp": "2025-12-12T02:26:50.485791",
  "cv_folds": 10,
  "n_combinations_tested": 160,
  "total_fits": 1600,
  "time_seconds": 3.887913,
  "dataset_info": {
    "n_samples": 1507,
    "n_features": 20
  }
}