{
  "best_params": {
    "C": 0.01,
    "gamma": 1,
    "kernel": "rbf"
  },
  "best_cv_score": 0.9801929824561404,
  "test_metrics": {
    "accuracy": 0.44562334217506633,
    "precision": 0.21804511278195488,
    "recall": 0.9830508474576272,
    "f1_score": 0.3569230769230769
  },
  "timestamp": "2025-12-12T02:27:06.033641",
  "cv_folds": 10,
  "n_combinations_tested": 72,
  "total_fits": 720,
  "time_seconds": 19.436671,
  "dataset_info": {
    "n_samples": 1507,
    "n_features": 20
  }
}