{
  "TP": 9,
  "TN": 293,
  "FP": 34,
  "FN": 17,
  "P": 26,
  "N": 327,
  "Total": 353,
  "Error": 0.14447592067988668,
  "Exactitud": 0.8555240793201133,
  "TP_Rate": 0.34615384615384615,
  "FP_Rate": 0.10397553516819572,
  "Precision": 0.20930232558139536,
  "Recall": 0.34615384615384615,
  "Sensibilidad": 0.34615384615384615,
  "Especificidad": 0.8960244648318043,
  "F1_Score": 0.2608695652173913,
  "Accuracy_sklearn": 0.8555240793201133,
  "best_hyperparameters": {
    "var_smoothing": 0.0001
  },
  "cv_best_score": 0.5375653923541248,
  "timestamp": "2025-12-12T02:41:28.018633",
  "confusion_matrix": [
    [
      293,
      34
    ],
    [
      17,
      9
    ]
  ]
}