{
  "dataset": "hbase-0.94.0",
  "balancing_method": "smote",
  "scaler_type": "standard",
  "models": {
    "svm": {
      "F1_Score": 0.40437158469945356,
      "Exactitud": 0.4858490566037736,
      "Precision": 0.26618705035971224,
      "Recall": 0.8409090909090909,
      "Sensibilidad": 0.8409090909090909,
      "Especificidad": 0.39285714285714285,
      "Error": 0.5141509433962265,
      "TP_Rate": 0.8409090909090909,
      "FP_Rate": 0.6071428571428571,
      "ROC_AUC": 0.7619047619047619,
      "confusion_matrix": [
        [
          66,
          102
        ],
        [
          7,
          37
        ]
      ]
    },
    "naive_bayes_gaussian": {
      "F1_Score": 0.43478260869565216,
      "Exactitud": 0.7547169811320755,
      "Precision": 0.4166666666666667,
      "Recall": 0.45454545454545453,
      "Sensibilidad": 0.45454545454545453,
      "Especificidad": 0.8333333333333334,
      "Error": 0.24528301886792453,
      "TP_Rate": 0.45454545454545453,
      "FP_Rate": 0.16666666666666666,
      "ROC_AUC": 0.7504734848484849,
      "confusion_matrix": [
        [
          140,
          28
        ],
        [
          24,
          20
        ]
      ]
    },
    "decision_tree": {
      "F1_Score": 0.6111111111111112,
      "Exactitud": 0.8018867924528302,
      "Precision": 0.515625,
      "Recall": 0.75,
      "Sensibilidad": 0.75,
      "Especificidad": 0.8154761904761905,
      "Error": 0.19811320754716982,
      "TP_Rate": 0.75,
      "FP_Rate": 0.18452380952380953,
      "ROC_AUC": 0.7755681818181819,
      "confusion_matrix": [
        [
          137,
          31
        ],
        [
          11,
          33
        ]
      ]
    }
  },
  "timestamp": "2025-11-28T13:32:11.846927"
}