{
  "dataset": "hbase-0.94.0",
  "balancing_method": "smote",
  "scaler_type": "standard",
  "models": {
    "svm": {
      "F1_Score": 0.4631578947368421,
      "Exactitud": 0.7594339622641509,
      "Precision": 0.43137254901960786,
      "Recall": 0.5,
      "Sensibilidad": 0.5,
      "Especificidad": 0.8273809523809523,
      "Error": 0.24056603773584906,
      "TP_Rate": 0.5,
      "FP_Rate": 0.17261904761904762,
      "ROC_AUC": 0.7803030303030303,
      "confusion_matrix": [
        [
          139,
          29
        ],
        [
          22,
          22
        ]
      ]
    },
    "naive_bayes_gaussian": {
      "F1_Score": 0.43478260869565216,
      "Exactitud": 0.7547169811320755,
      "Precision": 0.4166666666666667,
      "Recall": 0.45454545454545453,
      "Sensibilidad": 0.45454545454545453,
      "Especificidad": 0.8333333333333334,
      "Error": 0.24528301886792453,
      "TP_Rate": 0.45454545454545453,
      "FP_Rate": 0.16666666666666666,
      "ROC_AUC": 0.7504734848484849,
      "confusion_matrix": [
        [
          140,
          28
        ],
        [
          24,
          20
        ]
      ]
    },
    "decision_tree": {
      "F1_Score": 0.6111111111111112,
      "Exactitud": 0.8018867924528302,
      "Precision": 0.515625,
      "Recall": 0.75,
      "Sensibilidad": 0.75,
      "Especificidad": 0.8154761904761905,
      "Error": 0.19811320754716982,
      "TP_Rate": 0.75,
      "FP_Rate": 0.18452380952380953,
      "ROC_AUC": 0.7755681818181819,
      "confusion_matrix": [
        [
          137,
          31
        ],
        [
          11,
          33
        ]
      ]
    }
  },
  "timestamp": "2025-11-27T19:58:29.633580"
}