{
  "TP": 20,
  "TN": 140,
  "FP": 28,
  "FN": 24,
  "P": 44,
  "N": 168,
  "Total": 212,
  "Error": 0.24528301886792453,
  "Exactitud": 0.7547169811320755,
  "TP_Rate": 0.45454545454545453,
  "FP_Rate": 0.16666666666666666,
  "Precision": 0.4166666666666667,
  "Recall": 0.45454545454545453,
  "Sensibilidad": 0.45454545454545453,
  "Especificidad": 0.8333333333333334,
  "F1_Score": 0.43478260869565216,
  "Accuracy_sklearn": 0.7547169811320755,
  "F2_Score": 0.44642857142857145,
  "Balanced_Accuracy": 0.6439393939393939,
  "BER": 0.3560606060606061,
  "MCC": 0.27896396155288966,
  "Accuracy": 0.7547169811320755,
  "ROC_AUC": 0.7504734848484849,
  "PR_AUC": 0.4782409515126911,
  "classification_report": {
    "No-Buggy": {
      "precision": 0.8536585365853658,
      "recall": 0.8333333333333334,
      "f1-score": 0.8433734939759037,
      "support": 168.0
    },
    "Buggy": {
      "precision": 0.4166666666666667,
      "recall": 0.45454545454545453,
      "f1-score": 0.43478260869565216,
      "support": 44.0
    },
    "accuracy": 0.7547169811320755,
    "macro avg": {
      "precision": 0.6351626016260162,
      "recall": 0.6439393939393939,
      "f1-score": 0.6390780513357779,
      "support": 212.0
    },
    "weighted avg": {
      "precision": 0.762962110753183,
      "recall": 0.7547169811320755,
      "f1-score": 0.7585716121252853,
      "support": 212.0
    }
  },
  "confusion_matrix": [
    [
      140,
      28
    ],
    [
      24,
      20
    ]
  ],
  "training_time_seconds": 0.000778,
  "best_hyperparameters": {
    "var_smoothing": 0.0001
  },
  "timestamp": "2025-12-11T09:15:48.760059"
}