{
  "TP": 37,
  "TN": 66,
  "FP": 102,
  "FN": 7,
  "P": 44,
  "N": 168,
  "Total": 212,
  "Error": 0.5141509433962265,
  "Exactitud": 0.4858490566037736,
  "TP_Rate": 0.8409090909090909,
  "FP_Rate": 0.6071428571428571,
  "Precision": 0.26618705035971224,
  "Recall": 0.8409090909090909,
  "Sensibilidad": 0.8409090909090909,
  "Especificidad": 0.39285714285714285,
  "F1_Score": 0.40437158469945356,
  "Accuracy_sklearn": 0.4858490566037736,
  "ROC_AUC": 0.7619047619047619,
  "PR_AUC": 0.47666544755381307,
  "classification_report": {
    "No-Buggy": {
      "precision": 0.9041095890410958,
      "recall": 0.39285714285714285,
      "f1-score": 0.5477178423236515,
      "support": 168.0
    },
    "Buggy": {
      "precision": 0.26618705035971224,
      "recall": 0.8409090909090909,
      "f1-score": 0.40437158469945356,
      "support": 44.0
    },
    "accuracy": 0.4858490566037736,
    "macro avg": {
      "precision": 0.585148319700404,
      "recall": 0.6168831168831169,
      "f1-score": 0.47604471351155253,
      "support": 212.0
    },
    "weighted avg": {
      "precision": 0.7717105715789219,
      "recall": 0.4858490566037736,
      "f1-score": 0.5179667322507048,
      "support": 212.0
    }
  },
  "confusion_matrix": [
    [
      66,
      102
    ],
    [
      7,
      37
    ]
  ],
  "training_time_seconds": 0.011148,
  "best_hyperparameters": {
    "C": 0.01,
    "gamma": 0.1,
    "kernel": "rbf"
  },
  "timestamp": "2025-11-28T13:32:10.988149"
}