{
  "TP": 11,
  "TN": 123,
  "FP": 7,
  "FN": 6,
  "P": 17,
  "N": 130,
  "Total": 147,
  "Error": 0.08843537414965986,
  "Exactitud": 0.9115646258503401,
  "TP_Rate": 0.6470588235294118,
  "FP_Rate": 0.05384615384615385,
  "Precision": 0.6111111111111112,
  "Recall": 0.6470588235294118,
  "Sensibilidad": 0.6470588235294118,
  "Especificidad": 0.9461538461538461,
  "F1_Score": 0.6285714285714286,
  "Accuracy_sklearn": 0.9115646258503401,
  "best_hyperparameters": {
    "var_smoothing": 1e-09
  },
  "cv_best_score": 0.6371264367816092,
  "timestamp": "2025-12-12T02:21:58.723366",
  "confusion_matrix": [
    [
      123,
      7
    ],
    [
      6,
      11
    ]
  ]
}