{
  "TP": 44,
  "TN": 171,
  "FP": 56,
  "FN": 13,
  "P": 57,
  "N": 227,
  "Total": 284,
  "Error": 0.24295774647887325,
  "Exactitud": 0.7570422535211268,
  "TP_Rate": 0.7719298245614035,
  "FP_Rate": 0.24669603524229075,
  "Precision": 0.44,
  "Recall": 0.7719298245614035,
  "Sensibilidad": 0.7719298245614035,
  "Especificidad": 0.7533039647577092,
  "F1_Score": 0.5605095541401274,
  "Accuracy_sklearn": 0.7570422535211268,
  "best_hyperparameters": {
    "criterion": "gini",
    "max_depth": 10,
    "min_samples_leaf": 1,
    "min_samples_split": 2
  },
  "cv_best_score": 0.8742794486215539,
  "timestamp": "2025-12-12T02:20:44.570741",
  "confusion_matrix": [
    [
      171,
      56
    ],
    [
      13,
      44
    ]
  ]
}