{
  "dataset": "hive-0.9.0",
  "balancing_method": "smote",
  "scaler_type": "robust",
  "models": {
    "svm": {
      "F1_Score": 0.5609756097560976,
      "Exactitud": 0.7464788732394366,
      "Precision": 0.42990654205607476,
      "Recall": 0.8070175438596491,
      "Sensibilidad": 0.8070175438596491,
      "Especificidad": 0.7312775330396476,
      "Error": 0.2535211267605634,
      "TP_Rate": 0.8070175438596491,
      "FP_Rate": 0.2687224669603524,
      "ROC_AUC": 0.8136641162377309,
      "confusion_matrix": [
        [
          166,
          61
        ],
        [
          11,
          46
        ]
      ]
    },
    "naive_bayes_gaussian": {
      "F1_Score": 0.2028985507246377,
      "Exactitud": 0.8063380281690141,
      "Precision": 0.5833333333333334,
      "Recall": 0.12280701754385964,
      "Sensibilidad": 0.12280701754385964,
      "Especificidad": 0.9779735682819384,
      "Error": 0.1936619718309859,
      "TP_Rate": 0.12280701754385964,
      "FP_Rate": 0.022026431718061675,
      "ROC_AUC": 0.7885848983692711,
      "confusion_matrix": [
        [
          222,
          5
        ],
        [
          50,
          7
        ]
      ]
    },
    "decision_tree": {
      "F1_Score": 0.6119402985074627,
      "Exactitud": 0.8169014084507042,
      "Precision": 0.5324675324675324,
      "Recall": 0.7192982456140351,
      "Sensibilidad": 0.7192982456140351,
      "Especificidad": 0.8414096916299559,
      "Error": 0.18309859154929578,
      "TP_Rate": 0.7192982456140351,
      "FP_Rate": 0.15859030837004406,
      "ROC_AUC": 0.7812427544632506,
      "confusion_matrix": [
        [
          191,
          36
        ],
        [
          16,
          41
        ]
      ]
    }
  },
  "timestamp": "2025-11-28T13:33:17.733318"
}