{
  "dataset": "hive-0.9.0",
  "balancing_method": "smote",
  "scaler_type": "robust",
  "models": {
    "svm": {
      "F1_Score": 0.5644171779141104,
      "F2_Score": 0.688622754491018,
      "Exactitud": 0.75,
      "Accuracy": 0.75,
      "Balanced_Accuracy": 0.7713501816214545,
      "BER": 0.22864981837854548,
      "MCC": 0.4494149702573319,
      "Precision": 0.4339622641509434,
      "Recall": 0.8070175438596491,
      "Sensibilidad": 0.8070175438596491,
      "Especificidad": 0.73568281938326,
      "Error": 0.25,
      "TP_Rate": 0.8070175438596491,
      "FP_Rate": 0.2643171806167401,
      "ROC_AUC": 0.8207744029677719,
      "confusion_matrix": [
        [
          167,
          60
        ],
        [
          11,
          46
        ]
      ]
    },
    "naive_bayes_gaussian": {
      "F1_Score": 0.2028985507246377,
      "F2_Score": 0.14583333333333334,
      "Exactitud": 0.8063380281690141,
      "Accuracy": 0.8063380281690141,
      "Balanced_Accuracy": 0.550390292912899,
      "BER": 0.449609707087101,
      "MCC": 0.20065600435163997,
      "Precision": 0.5833333333333334,
      "Recall": 0.12280701754385964,
      "Sensibilidad": 0.12280701754385964,
      "Especificidad": 0.9779735682819384,
      "Error": 0.1936619718309859,
      "TP_Rate": 0.12280701754385964,
      "FP_Rate": 0.022026431718061675,
      "ROC_AUC": 0.7885848983692711,
      "confusion_matrix": [
        [
          222,
          5
        ],
        [
          50,
          7
        ]
      ]
    },
    "decision_tree": {
      "F1_Score": 0.5985401459854015,
      "F2_Score": 0.6655844155844156,
      "Exactitud": 0.8063380281690141,
      "Accuracy": 0.8063380281690141,
      "Balanced_Accuracy": 0.773746039106577,
      "BER": 0.22625396089342298,
      "MCC": 0.4874927024379632,
      "Precision": 0.5125,
      "Recall": 0.7192982456140351,
      "Sensibilidad": 0.7192982456140351,
      "Especificidad": 0.8281938325991189,
      "Error": 0.1936619718309859,
      "TP_Rate": 0.7192982456140351,
      "FP_Rate": 0.17180616740088106,
      "ROC_AUC": 0.773746039106577,
      "confusion_matrix": [
        [
          188,
          39
        ],
        [
          16,
          41
        ]
      ]
    }
  },
  "timestamp": "2025-12-11T09:17:14.268834"
}