{
  "TP": 41,
  "TN": 188,
  "FP": 39,
  "FN": 16,
  "P": 57,
  "N": 227,
  "Total": 284,
  "Error": 0.1936619718309859,
  "Exactitud": 0.8063380281690141,
  "TP_Rate": 0.7192982456140351,
  "FP_Rate": 0.17180616740088106,
  "Precision": 0.5125,
  "Recall": 0.7192982456140351,
  "Sensibilidad": 0.7192982456140351,
  "Especificidad": 0.8281938325991189,
  "F1_Score": 0.5985401459854015,
  "Accuracy_sklearn": 0.8063380281690141,
  "F2_Score": 0.6655844155844156,
  "Balanced_Accuracy": 0.773746039106577,
  "BER": 0.22625396089342298,
  "MCC": 0.4874927024379632,
  "Accuracy": 0.8063380281690141,
  "ROC_AUC": 0.773746039106577,
  "PR_AUC": 0.6440681368915245,
  "classification_report": {
    "No-Buggy": {
      "precision": 0.9215686274509803,
      "recall": 0.8281938325991189,
      "f1-score": 0.8723897911832946,
      "support": 227.0
    },
    "Buggy": {
      "precision": 0.5125,
      "recall": 0.7192982456140351,
      "f1-score": 0.5985401459854015,
      "support": 57.0
    },
    "accuracy": 0.8063380281690141,
    "macro avg": {
      "precision": 0.7170343137254902,
      "recall": 0.773746039106577,
      "f1-score": 0.7354649685843481,
      "support": 284.0
    },
    "weighted avg": {
      "precision": 0.8394668254625793,
      "recall": 0.8063380281690141,
      "f1-score": 0.8174270102809006,
      "support": 284.0
    }
  },
  "confusion_matrix": [
    [
      188,
      39
    ],
    [
      16,
      41
    ]
  ],
  "training_time_seconds": 0.011998,
  "best_hyperparameters": {
    "criterion": "entropy",
    "max_depth": 20,
    "min_samples_leaf": 1,
    "min_samples_split": 2
  },
  "timestamp": "2025-12-11T09:17:14.041508"
}