{
  "TP": 42,
  "TN": 171,
  "FP": 56,
  "FN": 15,
  "P": 57,
  "N": 227,
  "Total": 284,
  "Error": 0.25,
  "Exactitud": 0.75,
  "TP_Rate": 0.7368421052631579,
  "FP_Rate": 0.24669603524229075,
  "Precision": 0.42857142857142855,
  "Recall": 0.7368421052631579,
  "Sensibilidad": 0.7368421052631579,
  "Especificidad": 0.7533039647577092,
  "F1_Score": 0.5419354838709678,
  "Accuracy_sklearn": 0.75,
  "ROC_AUC": 0.8160213308601901,
  "PR_AUC": 0.621595539612921,
  "classification_report": {
    "No-Buggy": {
      "precision": 0.9193548387096774,
      "recall": 0.7533039647577092,
      "f1-score": 0.8280871670702179,
      "support": 227.0
    },
    "Buggy": {
      "precision": 0.42857142857142855,
      "recall": 0.7368421052631579,
      "f1-score": 0.5419354838709678,
      "support": 57.0
    },
    "accuracy": 0.75,
    "macro avg": {
      "precision": 0.6739631336405529,
      "recall": 0.7450730350104335,
      "f1-score": 0.6850113254705928,
      "support": 284.0
    },
    "weighted avg": {
      "precision": 0.820852534562212,
      "recall": 0.75,
      "f1-score": 0.7706553151605092,
      "support": 284.0
    }
  },
  "confusion_matrix": [
    [
      171,
      56
    ],
    [
      15,
      42
    ]
  ],
  "training_time_seconds": 0.009547,
  "best_hyperparameters": {
    "criterion": "entropy",
    "max_depth": 10,
    "min_samples_leaf": 8,
    "min_samples_split": 20
  },
  "timestamp": "2025-11-27T19:33:37.930463"
}