{
  "TP": 7,
  "TN": 222,
  "FP": 5,
  "FN": 50,
  "P": 57,
  "N": 227,
  "Total": 284,
  "Error": 0.1936619718309859,
  "Exactitud": 0.8063380281690141,
  "TP_Rate": 0.12280701754385964,
  "FP_Rate": 0.022026431718061675,
  "Precision": 0.5833333333333334,
  "Recall": 0.12280701754385964,
  "Sensibilidad": 0.12280701754385964,
  "Especificidad": 0.9779735682819384,
  "F1_Score": 0.2028985507246377,
  "Accuracy_sklearn": 0.8063380281690141,
  "ROC_AUC": 0.7885848983692711,
  "PR_AUC": 0.5289794402027519,
  "classification_report": {
    "No-Buggy": {
      "precision": 0.8161764705882353,
      "recall": 0.9779735682819384,
      "f1-score": 0.8897795591182365,
      "support": 227.0
    },
    "Buggy": {
      "precision": 0.5833333333333334,
      "recall": 0.12280701754385964,
      "f1-score": 0.2028985507246377,
      "support": 57.0
    },
    "accuracy": 0.8063380281690141,
    "macro avg": {
      "precision": 0.6997549019607843,
      "recall": 0.550390292912899,
      "f1-score": 0.5463390549214371,
      "support": 284.0
    },
    "weighted avg": {
      "precision": 0.7694438690969346,
      "recall": 0.8063380281690141,
      "f1-score": 0.7519196384195211,
      "support": 284.0
    }
  },
  "confusion_matrix": [
    [
      222,
      5
    ],
    [
      50,
      7
    ]
  ],
  "training_time_seconds": 0.000886,
  "best_hyperparameters": {
    "var_smoothing": 1e-09
  },
  "timestamp": "2025-11-27T19:33:37.646075"
}