{
  "TP": 46,
  "TN": 167,
  "FP": 60,
  "FN": 11,
  "P": 57,
  "N": 227,
  "Total": 284,
  "Error": 0.25,
  "Exactitud": 0.75,
  "TP_Rate": 0.8070175438596491,
  "FP_Rate": 0.2643171806167401,
  "Precision": 0.4339622641509434,
  "Recall": 0.8070175438596491,
  "Sensibilidad": 0.8070175438596491,
  "Especificidad": 0.73568281938326,
  "F1_Score": 0.5644171779141104,
  "Accuracy_sklearn": 0.75,
  "F2_Score": 0.688622754491018,
  "Balanced_Accuracy": 0.7713501816214545,
  "BER": 0.22864981837854548,
  "MCC": 0.4494149702573319,
  "Accuracy": 0.75,
  "ROC_AUC": 0.8207744029677719,
  "PR_AUC": 0.5422089866138683,
  "classification_report": {
    "No-Buggy": {
      "precision": 0.9382022471910112,
      "recall": 0.73568281938326,
      "f1-score": 0.8246913580246914,
      "support": 227.0
    },
    "Buggy": {
      "precision": 0.4339622641509434,
      "recall": 0.8070175438596491,
      "f1-score": 0.5644171779141104,
      "support": 57.0
    },
    "accuracy": 0.75,
    "macro avg": {
      "precision": 0.6860822556709774,
      "recall": 0.7713501816214545,
      "f1-score": 0.6945542679694009,
      "support": 284.0
    },
    "weighted avg": {
      "precision": 0.8369991520033919,
      "recall": 0.75,
      "f1-score": 0.772453230326441,
      "support": 284.0
    }
  },
  "confusion_matrix": [
    [
      167,
      60
    ],
    [
      11,
      46
    ]
  ],
  "training_time_seconds": 0.023122,
  "best_hyperparameters": {
    "C": 10,
    "gamma": 0.1,
    "kernel": "rbf"
  },
  "timestamp": "2025-12-11T09:17:13.542085"
}