{
  "TP": 46,
  "TN": 166,
  "FP": 61,
  "FN": 11,
  "P": 57,
  "N": 227,
  "Total": 284,
  "Error": 0.2535211267605634,
  "Exactitud": 0.7464788732394366,
  "TP_Rate": 0.8070175438596491,
  "FP_Rate": 0.2687224669603524,
  "Precision": 0.42990654205607476,
  "Recall": 0.8070175438596491,
  "Sensibilidad": 0.8070175438596491,
  "Especificidad": 0.7312775330396476,
  "F1_Score": 0.5609756097560976,
  "Accuracy_sklearn": 0.7464788732394366,
  "ROC_AUC": 0.8136641162377309,
  "PR_AUC": 0.5000800905734355,
  "classification_report": {
    "No-Buggy": {
      "precision": 0.9378531073446328,
      "recall": 0.7312775330396476,
      "f1-score": 0.8217821782178217,
      "support": 227.0
    },
    "Buggy": {
      "precision": 0.42990654205607476,
      "recall": 0.8070175438596491,
      "f1-score": 0.5609756097560976,
      "support": 57.0
    },
    "accuracy": 0.7464788732394366,
    "macro avg": {
      "precision": 0.6838798247003538,
      "recall": 0.7691475384496483,
      "f1-score": 0.6913788939869596,
      "support": 284.0
    },
    "weighted avg": {
      "precision": 0.8359060854381264,
      "recall": 0.7464788732394366,
      "f1-score": 0.7694371979279686,
      "support": 284.0
    }
  },
  "confusion_matrix": [
    [
      166,
      61
    ],
    [
      11,
      46
    ]
  ],
  "training_time_seconds": 0.02372,
  "best_hyperparameters": {
    "C": 100,
    "gamma": 0.1,
    "kernel": "rbf"
  },
  "timestamp": "2025-11-28T13:33:16.910619"
}