{
  "TP": 41,
  "TN": 191,
  "FP": 36,
  "FN": 16,
  "P": 57,
  "N": 227,
  "Total": 284,
  "Error": 0.18309859154929578,
  "Exactitud": 0.8169014084507042,
  "TP_Rate": 0.7192982456140351,
  "FP_Rate": 0.15859030837004406,
  "Precision": 0.5324675324675324,
  "Recall": 0.7192982456140351,
  "Sensibilidad": 0.7192982456140351,
  "Especificidad": 0.8414096916299559,
  "F1_Score": 0.6119402985074627,
  "Accuracy_sklearn": 0.8169014084507042,
  "ROC_AUC": 0.8529252647036092,
  "PR_AUC": 0.5575558435482046,
  "classification_report": {
    "No-Buggy": {
      "precision": 0.9227053140096618,
      "recall": 0.8414096916299559,
      "f1-score": 0.880184331797235,
      "support": 227.0
    },
    "Buggy": {
      "precision": 0.5324675324675324,
      "recall": 0.7192982456140351,
      "f1-score": 0.6119402985074627,
      "support": 57.0
    },
    "accuracy": 0.8169014084507042,
    "macro avg": {
      "precision": 0.7275864232385971,
      "recall": 0.7803539686219956,
      "f1-score": 0.7460623151523489,
      "support": 284.0
    },
    "weighted avg": {
      "precision": 0.8443829423621217,
      "recall": 0.8169014084507042,
      "f1-score": 0.8263466208904849,
      "support": 284.0
    }
  },
  "confusion_matrix": [
    [
      191,
      36
    ],
    [
      16,
      41
    ]
  ],
  "training_time_seconds": 0.103105,
  "best_hyperparameters": {
    "C": 100,
    "gamma": "auto",
    "kernel": "rbf"
  },
  "timestamp": "2025-11-27T19:33:37.372704"
}