{
  "TP": 34,
  "TN": 134,
  "FP": 34,
  "FN": 10,
  "P": 44,
  "N": 168,
  "Total": 212,
  "Error": 0.20754716981132076,
  "Exactitud": 0.7924528301886793,
  "TP_Rate": 0.7727272727272727,
  "FP_Rate": 0.20238095238095238,
  "Precision": 0.5,
  "Recall": 0.7727272727272727,
  "Sensibilidad": 0.7727272727272727,
  "Especificidad": 0.7976190476190477,
  "F1_Score": 0.6071428571428571,
  "Accuracy_sklearn": 0.7924528301886793,
  "best_hyperparameters": {
    "criterion": "gini",
    "max_depth": 10,
    "min_samples_leaf": 1,
    "min_samples_split": 5
  },
  "cv_best_score": 0.850996677740864,
  "timestamp": "2025-12-12T02:35:44.895615",
  "confusion_matrix": [
    [
      134,
      34
    ],
    [
      10,
      34
    ]
  ]
}