{
  "dataset": "derby-10.5.1.1",
  "balancing_method": "csbboost",
  "scaler_type": "standard",
  "models": {
    "svm": {
      "F1_Score": 0.30120481927710846,
      "F2_Score": 0.3148614609571788,
      "Exactitud": 0.7855822550831792,
      "Accuracy": 0.7855822550831792,
      "Balanced_Accuracy": 0.593372145096283,
      "BER": 0.406627854903717,
      "MCC": 0.1759897863406045,
      "Precision": 0.2808988764044944,
      "Recall": 0.3246753246753247,
      "Sensibilidad": 0.3246753246753247,
      "Especificidad": 0.8620689655172413,
      "Error": 0.2144177449168207,
      "TP_Rate": 0.3246753246753247,
      "FP_Rate": 0.13793103448275862,
      "ROC_AUC": 0.732282803403493,
      "confusion_matrix": [
        [
          400,
          64
        ],
        [
          52,
          25
        ]
      ]
    },
    "naive_bayes_gaussian": {
      "F1_Score": 0.4533333333333333,
      "F2_Score": 0.4461942257217848,
      "Exactitud": 0.8484288354898336,
      "Accuracy": 0.8484288354898336,
      "Balanced_Accuracy": 0.6787533587102552,
      "BER": 0.3212466412897448,
      "MCC": 0.365598329530594,
      "Precision": 0.4657534246575342,
      "Recall": 0.44155844155844154,
      "Sensibilidad": 0.44155844155844154,
      "Especificidad": 0.915948275862069,
      "Error": 0.15157116451016636,
      "TP_Rate": 0.44155844155844154,
      "FP_Rate": 0.08405172413793104,
      "ROC_AUC": 0.7829573443797583,
      "confusion_matrix": [
        [
          425,
          39
        ],
        [
          43,
          34
        ]
      ]
    },
    "decision_tree": {
      "F1_Score": 0.417910447761194,
      "F2_Score": 0.4861111111111111,
      "Exactitud": 0.7837338262476895,
      "Accuracy": 0.7837338262476895,
      "Balanced_Accuracy": 0.6843652037617555,
      "BER": 0.31563479623824453,
      "MCC": 0.30650279286053056,
      "Precision": 0.3387096774193548,
      "Recall": 0.5454545454545454,
      "Sensibilidad": 0.5454545454545454,
      "Especificidad": 0.8232758620689655,
      "Error": 0.21626617375231053,
      "TP_Rate": 0.5454545454545454,
      "FP_Rate": 0.17672413793103448,
      "ROC_AUC": 0.6843652037617555,
      "confusion_matrix": [
        [
          382,
          82
        ],
        [
          35,
          42
        ]
      ]
    }
  },
  "timestamp": "2025-12-11T09:13:16.038624"
}