{
  "dataset": "derby-10.5.1.1",
  "balancing_method": "csbboost",
  "scaler_type": "standard",
  "models": {
    "svm": {
      "F1_Score": 0.3132530120481928,
      "Exactitud": 0.789279112754159,
      "Precision": 0.29213483146067415,
      "Recall": 0.33766233766233766,
      "Sensibilidad": 0.33766233766233766,
      "Especificidad": 0.8642241379310345,
      "Error": 0.21072088724584104,
      "TP_Rate": 0.33766233766233766,
      "FP_Rate": 0.13577586206896552,
      "ROC_AUC": 0.7328145991939096,
      "confusion_matrix": [
        [
          401,
          63
        ],
        [
          51,
          26
        ]
      ]
    },
    "naive_bayes_gaussian": {
      "F1_Score": 0.4533333333333333,
      "Exactitud": 0.8484288354898336,
      "Precision": 0.4657534246575342,
      "Recall": 0.44155844155844154,
      "Sensibilidad": 0.44155844155844154,
      "Especificidad": 0.915948275862069,
      "Error": 0.15157116451016636,
      "TP_Rate": 0.44155844155844154,
      "FP_Rate": 0.08405172413793104,
      "ROC_AUC": 0.7829573443797583,
      "confusion_matrix": [
        [
          425,
          39
        ],
        [
          43,
          34
        ]
      ]
    },
    "decision_tree": {
      "F1_Score": 0.4200913242009132,
      "Exactitud": 0.7652495378927912,
      "Precision": 0.323943661971831,
      "Recall": 0.5974025974025974,
      "Sensibilidad": 0.5974025974025974,
      "Especificidad": 0.7931034482758621,
      "Error": 0.23475046210720887,
      "TP_Rate": 0.5974025974025974,
      "FP_Rate": 0.20689655172413793,
      "ROC_AUC": 0.6624496193461711,
      "confusion_matrix": [
        [
          368,
          96
        ],
        [
          31,
          46
        ]
      ]
    }
  },
  "timestamp": "2025-11-28T13:30:06.305933"
}