{
  "dataset": "derby-10.5.1.1",
  "balancing_method": "csbboost",
  "scaler_type": "standard",
  "models": {
    "svm": {
      "F1_Score": 0.3132530120481928,
      "Exactitud": 0.789279112754159,
      "Precision": 0.29213483146067415,
      "Recall": 0.33766233766233766,
      "Sensibilidad": 0.33766233766233766,
      "Especificidad": 0.8642241379310345,
      "Error": 0.21072088724584104,
      "TP_Rate": 0.33766233766233766,
      "FP_Rate": 0.13577586206896552,
      "ROC_AUC": 0.7328145991939096,
      "confusion_matrix": [
        [
          401,
          63
        ],
        [
          51,
          26
        ]
      ]
    },
    "naive_bayes_gaussian": {
      "F1_Score": 0.4533333333333333,
      "Exactitud": 0.8484288354898336,
      "Precision": 0.4657534246575342,
      "Recall": 0.44155844155844154,
      "Sensibilidad": 0.44155844155844154,
      "Especificidad": 0.915948275862069,
      "Error": 0.15157116451016636,
      "TP_Rate": 0.44155844155844154,
      "FP_Rate": 0.08405172413793104,
      "ROC_AUC": 0.7829573443797583,
      "confusion_matrix": [
        [
          425,
          39
        ],
        [
          43,
          34
        ]
      ]
    },
    "decision_tree": {
      "F1_Score": 0.450261780104712,
      "Exactitud": 0.8059149722735675,
      "Precision": 0.37719298245614036,
      "Recall": 0.5584415584415584,
      "Sensibilidad": 0.5584415584415584,
      "Especificidad": 0.8469827586206896,
      "Error": 0.19408502772643252,
      "TP_Rate": 0.5584415584415584,
      "FP_Rate": 0.15301724137931033,
      "ROC_AUC": 0.72615315718764,
      "confusion_matrix": [
        [
          393,
          71
        ],
        [
          34,
          43
        ]
      ]
    }
  },
  "timestamp": "2025-11-27T19:56:52.138554"
}