{
  "TP": 42,
  "TN": 382,
  "FP": 82,
  "FN": 35,
  "P": 77,
  "N": 464,
  "Total": 541,
  "Error": 0.21626617375231053,
  "Exactitud": 0.7837338262476895,
  "TP_Rate": 0.5454545454545454,
  "FP_Rate": 0.17672413793103448,
  "Precision": 0.3387096774193548,
  "Recall": 0.5454545454545454,
  "Sensibilidad": 0.5454545454545454,
  "Especificidad": 0.8232758620689655,
  "F1_Score": 0.417910447761194,
  "Accuracy_sklearn": 0.7837338262476895,
  "F2_Score": 0.4861111111111111,
  "Balanced_Accuracy": 0.6843652037617555,
  "BER": 0.31563479623824453,
  "MCC": 0.30650279286053056,
  "Accuracy": 0.7837338262476895,
  "ROC_AUC": 0.6843652037617555,
  "PR_AUC": 0.4744296160580222,
  "classification_report": {
    "No-Buggy": {
      "precision": 0.9160671462829736,
      "recall": 0.8232758620689655,
      "f1-score": 0.8671963677639046,
      "support": 464.0
    },
    "Buggy": {
      "precision": 0.3387096774193548,
      "recall": 0.5454545454545454,
      "f1-score": 0.417910447761194,
      "support": 77.0
    },
    "accuracy": 0.7837338262476895,
    "macro avg": {
      "precision": 0.6273884118511642,
      "recall": 0.6843652037617555,
      "f1-score": 0.6425534077625493,
      "support": 541.0
    },
    "weighted avg": {
      "precision": 0.8338924233578374,
      "recall": 0.7837338262476895,
      "f1-score": 0.8032499429206352,
      "support": 541.0
    }
  },
  "confusion_matrix": [
    [
      382,
      82
    ],
    [
      35,
      42
    ]
  ],
  "training_time_seconds": 0.03556,
  "best_hyperparameters": {
    "criterion": "entropy",
    "max_depth": 20,
    "min_samples_leaf": 1,
    "min_samples_split": 2
  },
  "timestamp": "2025-12-11T09:13:15.811753"
}