{
  "TP": 26,
  "TN": 401,
  "FP": 63,
  "FN": 51,
  "P": 77,
  "N": 464,
  "Total": 541,
  "Error": 0.21072088724584104,
  "Exactitud": 0.789279112754159,
  "TP_Rate": 0.33766233766233766,
  "FP_Rate": 0.13577586206896552,
  "Precision": 0.29213483146067415,
  "Recall": 0.33766233766233766,
  "Sensibilidad": 0.33766233766233766,
  "Especificidad": 0.8642241379310345,
  "F1_Score": 0.3132530120481928,
  "Accuracy_sklearn": 0.789279112754159,
  "ROC_AUC": 0.7328145991939096,
  "PR_AUC": 0.26533001471709083,
  "classification_report": {
    "No-Buggy": {
      "precision": 0.8871681415929203,
      "recall": 0.8642241379310345,
      "f1-score": 0.8755458515283843,
      "support": 464.0
    },
    "Buggy": {
      "precision": 0.29213483146067415,
      "recall": 0.33766233766233766,
      "f1-score": 0.3132530120481928,
      "support": 77.0
    },
    "accuracy": 0.789279112754159,
    "macro avg": {
      "precision": 0.5896514865267972,
      "recall": 0.6009432377966861,
      "f1-score": 0.5943994317882886,
      "support": 541.0
    },
    "weighted avg": {
      "precision": 0.8024776334964638,
      "recall": 0.789279112754159,
      "f1-score": 0.7955152625450669,
      "support": 541.0
    }
  },
  "confusion_matrix": [
    [
      401,
      63
    ],
    [
      51,
      26
    ]
  ],
  "training_time_seconds": 0.428612,
  "best_hyperparameters": {
    "C": 1000,
    "gamma": 0.1,
    "kernel": "rbf"
  },
  "timestamp": "2025-11-27T19:31:15.360356"
}