{
  "TP": 25,
  "TN": 400,
  "FP": 64,
  "FN": 52,
  "P": 77,
  "N": 464,
  "Total": 541,
  "Error": 0.2144177449168207,
  "Exactitud": 0.7855822550831792,
  "TP_Rate": 0.3246753246753247,
  "FP_Rate": 0.13793103448275862,
  "Precision": 0.2808988764044944,
  "Recall": 0.3246753246753247,
  "Sensibilidad": 0.3246753246753247,
  "Especificidad": 0.8620689655172413,
  "F1_Score": 0.30120481927710846,
  "Accuracy_sklearn": 0.7855822550831792,
  "F2_Score": 0.3148614609571788,
  "Balanced_Accuracy": 0.593372145096283,
  "BER": 0.406627854903717,
  "MCC": 0.1759897863406045,
  "Accuracy": 0.7855822550831792,
  "ROC_AUC": 0.732282803403493,
  "PR_AUC": 0.2644350172626045,
  "classification_report": {
    "No-Buggy": {
      "precision": 0.8849557522123894,
      "recall": 0.8620689655172413,
      "f1-score": 0.8733624454148472,
      "support": 464.0
    },
    "Buggy": {
      "precision": 0.2808988764044944,
      "recall": 0.3246753246753247,
      "f1-score": 0.30120481927710846,
      "support": 77.0
    },
    "accuracy": 0.7855822550831792,
    "macro avg": {
      "precision": 0.5829273143084419,
      "recall": 0.593372145096283,
      "f1-score": 0.5872836323459778,
      "support": 541.0
    },
    "weighted avg": {
      "precision": 0.79898092885341,
      "recall": 0.7855822550831792,
      "f1-score": 0.7919278110107698,
      "support": 541.0
    }
  },
  "confusion_matrix": [
    [
      400,
      64
    ],
    [
      52,
      25
    ]
  ],
  "training_time_seconds": 0.084309,
  "best_hyperparameters": {
    "C": 100,
    "gamma": 0.1,
    "kernel": "rbf"
  },
  "timestamp": "2025-12-11T09:13:15.224788"
}