{
  "TP": 39,
  "TN": 274,
  "FP": 44,
  "FN": 20,
  "P": 59,
  "N": 318,
  "Total": 377,
  "Error": 0.16976127320954906,
  "Exactitud": 0.830238726790451,
  "TP_Rate": 0.6610169491525424,
  "FP_Rate": 0.13836477987421383,
  "Precision": 0.46987951807228917,
  "Recall": 0.6610169491525424,
  "Sensibilidad": 0.6610169491525424,
  "Especificidad": 0.8616352201257862,
  "F1_Score": 0.5492957746478874,
  "Accuracy_sklearn": 0.830238726790451,
  "best_hyperparameters": {
    "criterion": "entropy",
    "max_depth": 20,
    "min_samples_leaf": 1,
    "min_samples_split": 2
  },
  "cv_best_score": 0.8857543859649123,
  "timestamp": "2025-12-12T02:28:29.477989",
  "confusion_matrix": [
    [
      274,
      44
    ],
    [
      20,
      39
    ]
  ]
}