{
  "TP": 51,
  "TN": 4,
  "FP": 223,
  "FN": 6,
  "P": 57,
  "N": 227,
  "Total": 284,
  "Error": 0.8063380281690141,
  "Exactitud": 0.1936619718309859,
  "TP_Rate": 0.8947368421052632,
  "FP_Rate": 0.9823788546255506,
  "Precision": 0.18613138686131386,
  "Recall": 0.8947368421052632,
  "Sensibilidad": 0.8947368421052632,
  "Especificidad": 0.01762114537444934,
  "F1_Score": 0.3081570996978852,
  "Accuracy_sklearn": 0.1936619718309859,
  "best_hyperparameters": {
    "C": 1,
    "gamma": 0.001,
    "kernel": "linear"
  },
  "cv_best_score": 0.6830039525691699,
  "timestamp": "2025-12-12T02:37:50.336206",
  "confusion_matrix": [
    [
      4,
      223
    ],
    [
      6,
      51
    ]
  ]
}