{
  "TP": 31,
  "TN": 301,
  "FP": 17,
  "FN": 28,
  "P": 59,
  "N": 318,
  "Total": 377,
  "Error": 0.11936339522546419,
  "Exactitud": 0.8806366047745358,
  "TP_Rate": 0.5254237288135594,
  "FP_Rate": 0.05345911949685535,
  "Precision": 0.6458333333333334,
  "Recall": 0.5254237288135594,
  "Sensibilidad": 0.5254237288135594,
  "Especificidad": 0.9465408805031447,
  "F1_Score": 0.5794392523364486,
  "Accuracy_sklearn": 0.8806366047745358,
  "best_hyperparameters": {
    "var_smoothing": 1e-09
  },
  "cv_best_score": 0.5501811594202899,
  "timestamp": "2025-12-12T02:28:29.361208",
  "confusion_matrix": [
    [
      301,
      17
    ],
    [
      28,
      31
    ]
  ]
}