{
  "best_params": {
    "criterion": "entropy",
    "max_depth": 5,
    "min_samples_leaf": 1,
    "min_samples_split": 20
  },
  "best_cv_score": 0.6794871794871794,
  "test_metrics": {
    "accuracy": 0.8806366047745358,
    "precision": 0.64,
    "recall": 0.5423728813559322,
    "f1_score": 0.5871559633027523
  },
  "timestamp": "2025-11-28T13:27:57.830182"
}