{
  "best_params": {
    "var_smoothing": 0.0001
  },
  "best_cv_score": 0.5256410256410257,
  "test_metrics": {
    "accuracy": 0.8594164456233422,
    "precision": 0.5483870967741935,
    "recall": 0.576271186440678,
    "f1_score": 0.5619834710743802
  },
  "timestamp": "2025-11-28T13:27:56.816407"
}