{
  "best_params": {
    "var_smoothing": 0.0001
  },
  "best_cv_score": 0.5093693376532695,
  "test_metrics": {
    "accuracy": 0.8594164456233422,
    "precision": 0.5483870967741935,
    "recall": 0.576271186440678,
    "f1_score": 0.5619834710743802,
    "f2_score": 0.5704697986577181
  },
  "timestamp": "2025-12-11T09:09:58.342604",
  "confusion_matrix": [
    [
      290,
      28
    ],
    [
      25,
      34
    ]
  ],
  "labels": [
    0,
    1
  ]
}