{
  "best_params": {
    "var_smoothing": 0.0001
  },
  "best_cv_score": 0.507427536231884,
  "test_metrics": {
    "accuracy": 0.8594164456233422,
    "precision": 0.5483870967741935,
    "recall": 0.576271186440678,
    "f1_score": 0.5619834710743802
  },
  "timestamp": "2025-12-12T02:05:12.337473",
  "cv_folds": 10,
  "n_combinations_tested": 6,
  "total_fits": 60,
  "time_seconds": 2.907684,
  "dataset_info": {
    "n_samples": 1507,
    "n_features": 65
  }
}