{
  "best_params": {
    "C": 100,
    "gamma": 0.01,
    "kernel": "rbf"
  },
  "best_cv_score": 0.5472826086956522,
  "test_metrics": {
    "accuracy": 0.8647214854111406,
    "precision": 0.58,
    "recall": 0.4915254237288136,
    "f1_score": 0.5321100917431193
  },
  "timestamp": "2025-12-12T02:05:29.124412",
  "cv_folds": 10,
  "n_combinations_tested": 72,
  "total_fits": 720,
  "time_seconds": 19.695935,
  "dataset_info": {
    "n_samples": 1507,
    "n_features": 65
  }
}