{
  "best_params": {
    "C": 1000,
    "gamma": 0.001,
    "kernel": "rbf"
  },
  "best_cv_score": 0.5213675213675213,
  "test_metrics": {
    "accuracy": 0.8992042440318302,
    "precision": 0.723404255319149,
    "recall": 0.576271186440678,
    "f1_score": 0.6415094339622641
  },
  "timestamp": "2025-11-28T13:27:57.776250"
}