{
  "best_params": {
    "C": 100,
    "gamma": 0.01,
    "kernel": "rbf"
  },
  "best_cv_score": 0.5561294279159357,
  "test_metrics": {
    "accuracy": 0.8647214854111406,
    "precision": 0.58,
    "recall": 0.4915254237288136,
    "f1_score": 0.5321100917431193,
    "f2_score": 0.506993006993007
  },
  "timestamp": "2025-12-11T09:10:01.736167",
  "confusion_matrix": [
    [
      297,
      21
    ],
    [
      30,
      29
    ]
  ],
  "labels": [
    0,
    1
  ]
}