{
  "TP": 34,
  "TN": 421,
  "FP": 43,
  "FN": 43,
  "P": 77,
  "N": 464,
  "Total": 541,
  "Error": 0.1589648798521257,
  "Exactitud": 0.8410351201478743,
  "TP_Rate": 0.44155844155844154,
  "FP_Rate": 0.09267241379310345,
  "Precision": 0.44155844155844154,
  "Recall": 0.44155844155844154,
  "Sensibilidad": 0.44155844155844154,
  "Especificidad": 0.9073275862068966,
  "F1_Score": 0.44155844155844154,
  "Accuracy_sklearn": 0.8410351201478743,
  "best_hyperparameters": {
    "var_smoothing": 1e-09
  },
  "cv_best_score": 0.44836901121304795,
  "timestamp": "2025-12-12T02:14:43.792019",
  "confusion_matrix": [
    [
      421,
      43
    ],
    [
      43,
      34
    ]
  ]
}