{
  "TP": 43,
  "TN": 356,
  "FP": 108,
  "FN": 34,
  "P": 77,
  "N": 464,
  "Total": 541,
  "Error": 0.26247689463955637,
  "Exactitud": 0.7375231053604436,
  "TP_Rate": 0.5584415584415584,
  "FP_Rate": 0.23275862068965517,
  "Precision": 0.2847682119205298,
  "Recall": 0.5584415584415584,
  "Sensibilidad": 0.5584415584415584,
  "Especificidad": 0.7672413793103449,
  "F1_Score": 0.37719298245614036,
  "Accuracy_sklearn": 0.7375231053604436,
  "best_hyperparameters": {
    "C": 100,
    "gamma": 1,
    "kernel": "rbf"
  },
  "cv_best_score": 0.9380818892286783,
  "timestamp": "2025-12-12T02:33:04.567216",
  "confusion_matrix": [
    [
      356,
      108
    ],
    [
      34,
      43
    ]
  ]
}