{
  "TP": 71,
  "TN": 160,
  "FP": 304,
  "FN": 6,
  "P": 77,
  "N": 464,
  "Total": 541,
  "Error": 0.5730129390018485,
  "Exactitud": 0.4269870609981516,
  "TP_Rate": 0.922077922077922,
  "FP_Rate": 0.6551724137931034,
  "Precision": 0.18933333333333333,
  "Recall": 0.922077922077922,
  "Sensibilidad": 0.922077922077922,
  "Especificidad": 0.3448275862068966,
  "F1_Score": 0.3141592920353982,
  "Accuracy_sklearn": 0.4269870609981516,
  "best_hyperparameters": {
    "C": 0.01,
    "gamma": 1,
    "kernel": "rbf"
  },
  "cv_best_score": 0.8892456676860346,
  "timestamp": "2025-12-12T02:33:04.656259",
  "confusion_matrix": [
    [
      160,
      304
    ],
    [
      6,
      71
    ]
  ]
}