{
  "TP": 16,
  "TN": 146,
  "FP": 22,
  "FN": 28,
  "P": 44,
  "N": 168,
  "Total": 212,
  "Error": 0.2358490566037736,
  "Exactitud": 0.7641509433962265,
  "TP_Rate": 0.36363636363636365,
  "FP_Rate": 0.13095238095238096,
  "Precision": 0.42105263157894735,
  "Recall": 0.36363636363636365,
  "Sensibilidad": 0.36363636363636365,
  "Especificidad": 0.8690476190476191,
  "F1_Score": 0.3902439024390244,
  "Accuracy_sklearn": 0.7641509433962265,
  "best_hyperparameters": {
    "C": 10,
    "gamma": 0.001,
    "kernel": "linear"
  },
  "cv_best_score": 0.5395424836601307,
  "timestamp": "2025-12-12T02:18:02.993988",
  "confusion_matrix": [
    [
      146,
      22
    ],
    [
      28,
      16
    ]
  ]
}