{
  "TP": 4,
  "TN": 286,
  "FP": 41,
  "FN": 22,
  "P": 26,
  "N": 327,
  "Total": 353,
  "Error": 0.17847025495750707,
  "Exactitud": 0.8215297450424929,
  "TP_Rate": 0.15384615384615385,
  "FP_Rate": 0.12538226299694188,
  "Precision": 0.08888888888888889,
  "Recall": 0.15384615384615385,
  "Sensibilidad": 0.15384615384615385,
  "Especificidad": 0.8746177370030581,
  "F1_Score": 0.11267605633802817,
  "Accuracy_sklearn": 0.8215297450424929,
  "best_hyperparameters": {
    "C": 1000,
    "gamma": 0.1,
    "kernel": "rbf"
  },
  "cv_best_score": 0.9446277665995975,
  "timestamp": "2025-12-12T02:41:28.035217",
  "confusion_matrix": [
    [
      286,
      41
    ],
    [
      22,
      4
    ]
  ]
}