{
  "TP": 14,
  "TN": 115,
  "FP": 15,
  "FN": 3,
  "P": 17,
  "N": 130,
  "Total": 147,
  "Error": 0.12244897959183673,
  "Exactitud": 0.8775510204081632,
  "TP_Rate": 0.8235294117647058,
  "FP_Rate": 0.11538461538461539,
  "Precision": 0.4827586206896552,
  "Recall": 0.8235294117647058,
  "Sensibilidad": 0.8235294117647058,
  "Especificidad": 0.8846153846153846,
  "F1_Score": 0.6086956521739131,
  "Accuracy_sklearn": 0.8775510204081632,
  "best_hyperparameters": {
    "C": 100,
    "gamma": 1,
    "kernel": "rbf"
  },
  "cv_best_score": 0.9829885057471264,
  "timestamp": "2025-12-12T02:38:53.838871",
  "confusion_matrix": [
    [
      115,
      15
    ],
    [
      3,
      14
    ]
  ]
}